stage,file,sink_line,function,callee_helper_full_name,callee_helper_base_name,expected_label,cwe,variant,language,transform_manifest
A,CWE121_Stack_Based_Buffer_Overflow/s01/CWE121_Stack_Based_Buffer_Overflow__CWE129_fscanf_01.c,36,CWE121_Stack_Based_Buffer_Overflow__CWE129_fscanf_01_bad,clamp_bad_CWE121_Stack_Based_Buffer_Overflow__CWE129_fscanf_01_bad_36,clamp_bad_CWE121_Stack_Based_Buffer_Overflow__CWE129_fscanf_01_bad_36,non_sanitizer,CWE121,01,c,/Users/saqif/Desktop/UCSB/ucsb_classes/w26/cs293G/joern/benchmarks/juliet/manifests/stage_a_clamp_transform_manifest.json
A,CWE121_Stack_Based_Buffer_Overflow/s01/CWE121_Stack_Based_Buffer_Overflow__CWE129_fscanf_01.c,98,goodB2G,clamp_good_goodB2G_98,clamp_good_goodB2G_98,sanitizer,CWE121,01,c,/Users/saqif/Desktop/UCSB/ucsb_classes/w26/cs293G/joern/benchmarks/juliet/manifests/stage_a_clamp_transform_manifest.json
A,CWE121_Stack_Based_Buffer_Overflow/s01/CWE121_Stack_Based_Buffer_Overflow__CWE129_large_01.c,36,CWE121_Stack_Based_Buffer_Overflow__CWE129_large_01_bad,clamp_bad_CWE121_Stack_Based_Buffer_Overflow__CWE129_large_01_bad_36,clamp_bad_CWE121_Stack_Based_Buffer_Overflow__CWE129_large_01_bad_36,non_sanitizer,CWE121,01,c,/Users/saqif/Desktop/UCSB/ucsb_classes/w26/cs293G/joern/benchmarks/juliet/manifests/stage_a_clamp_transform_manifest.json
A,CWE121_Stack_Based_Buffer_Overflow/s01/CWE121_Stack_Based_Buffer_Overflow__CWE129_large_01.c,98,goodB2G,clamp_good_goodB2G_98,clamp_good_goodB2G_98,sanitizer,CWE121,01,c,/Users/saqif/Desktop/UCSB/ucsb_classes/w26/cs293G/joern/benchmarks/juliet/manifests/stage_a_clamp_transform_manifest.json
A,CWE121_Stack_Based_Buffer_Overflow/s01/CWE121_Stack_Based_Buffer_Overflow__CWE129_rand_01.c,36,CWE121_Stack_Based_Buffer_Overflow__CWE129_rand_01_bad,clamp_bad_CWE121_Stack_Based_Buffer_Overflow__CWE129_rand_01_bad_36,clamp_bad_CWE121_Stack_Based_Buffer_Overflow__CWE129_rand_01_bad_36,non_sanitizer,CWE121,01,c,/Users/saqif/Desktop/UCSB/ucsb_classes/w26/cs293G/joern/benchmarks/juliet/manifests/stage_a_clamp_transform_manifest.json
A,CWE121_Stack_Based_Buffer_Overflow/s01/CWE121_Stack_Based_Buffer_Overflow__CWE129_rand_01.c,98,goodB2G,clamp_good_goodB2G_98,clamp_good_goodB2G_98,sanitizer,CWE121,01,c,/Users/saqif/Desktop/UCSB/ucsb_classes/w26/cs293G/joern/benchmarks/juliet/manifests/stage_a_clamp_transform_manifest.json
A,CWE122_Heap_Based_Buffer_Overflow/s09/CWE122_Heap_Based_Buffer_Overflow__c_CWE806_char_loop_01.c,38,CWE122_Heap_Based_Buffer_Overflow__c_CWE806_char_loop_01_bad,clamp_bad_CWE122_Heap_Based_Buffer_Overflow__c_CWE806_char_loop_01_bad_38,clamp_bad_CWE122_Heap_Based_Buffer_Overflow__c_CWE806_char_loop_01_bad_38,non_sanitizer,CWE122,01,c,/Users/saqif/Desktop/UCSB/ucsb_classes/w26/cs293G/joern/benchmarks/juliet/manifests/stage_a_clamp_transform_manifest.json
A,CWE122_Heap_Based_Buffer_Overflow/s09/CWE122_Heap_Based_Buffer_Overflow__c_CWE806_wchar_t_loop_01.c,38,CWE122_Heap_Based_Buffer_Overflow__c_CWE806_wchar_t_loop_01_bad,clamp_bad_CWE122_Heap_Based_Buffer_Overflow__c_CWE806_wchar_t_loop_01_bad_38,clamp_bad_CWE122_Heap_Based_Buffer_Overflow__c_CWE806_wchar_t_loop_01_bad_38,non_sanitizer,CWE122,01,c,/Users/saqif/Desktop/UCSB/ucsb_classes/w26/cs293G/joern/benchmarks/juliet/manifests/stage_a_clamp_transform_manifest.json
B,CWE121_Stack_Based_Buffer_Overflow/s01/CWE121_Stack_Based_Buffer_Overflow__CWE129_connect_socket_21.c,58,badSink,clamp_bad_badSink_58,clamp_bad_badSink_58,non_sanitizer,CWE121,21,c,/Users/saqif/Desktop/UCSB/ucsb_classes/w26/cs293G/joern/benchmarks/juliet/manifests/stage_b_clamp_transform_manifest.json
B,CWE121_Stack_Based_Buffer_Overflow/s01/CWE121_Stack_Based_Buffer_Overflow__CWE129_connect_socket_21.c,163,goodB2G1Sink,clamp_good_goodB2G1Sink_163,clamp_good_goodB2G1Sink_163,sanitizer,CWE121,21,c,/Users/saqif/Desktop/UCSB/ucsb_classes/w26/cs293G/joern/benchmarks/juliet/manifests/stage_b_clamp_transform_manifest.json
B,CWE121_Stack_Based_Buffer_Overflow/s01/CWE121_Stack_Based_Buffer_Overflow__CWE129_connect_socket_21.c,254,goodB2G2Sink,clamp_good_goodB2G2Sink_254,clamp_good_goodB2G2Sink_254,sanitizer,CWE121,21,c,/Users/saqif/Desktop/UCSB/ucsb_classes/w26/cs293G/joern/benchmarks/juliet/manifests/stage_b_clamp_transform_manifest.json
B,CWE121_Stack_Based_Buffer_Overflow/s01/CWE121_Stack_Based_Buffer_Overflow__CWE129_connect_socket_22b.c,76,CWE121_Stack_Based_Buffer_Overflow__CWE129_connect_socket_22_goodB2G1Sink,clamp_good_CWE121_Stack_Based_Buffer_Overflow__CWE129_connect_socket_22_goodB2G1Sink_76,clamp_good_CWE121_Stack_Based_Buffer_Overflow__CWE129_connect_socket_22_goodB2G1Sink_76,sanitizer,CWE121,22,c,/Users/saqif/Desktop/UCSB/ucsb_classes/w26/cs293G/joern/benchmarks/juliet/manifests/stage_b_clamp_transform_manifest.json
B,CWE121_Stack_Based_Buffer_Overflow/s01/CWE121_Stack_Based_Buffer_Overflow__CWE129_connect_socket_22b.c,102,CWE121_Stack_Based_Buffer_Overflow__CWE129_connect_socket_22_goodB2G2Sink,clamp_good_CWE121_Stack_Based_Buffer_Overflow__CWE129_connect_socket_22_goodB2G2Sink_102,clamp_good_CWE121_Stack_Based_Buffer_Overflow__CWE129_connect_socket_22_goodB2G2Sink_102,sanitizer,CWE121,22,c,/Users/saqif/Desktop/UCSB/ucsb_classes/w26/cs293G/joern/benchmarks/juliet/manifests/stage_b_clamp_transform_manifest.json
B,CWE121_Stack_Based_Buffer_Overflow/s01/CWE121_Stack_Based_Buffer_Overflow__CWE129_connect_socket_41.c,53,badSink,clamp_bad_badSink_53,clamp_bad_badSink_53,non_sanitizer,CWE121,41,c,/Users/saqif/Desktop/UCSB/ucsb_classes/w26/cs293G/joern/benchmarks/juliet/manifests/stage_b_clamp_transform_manifest.json
B,CWE121_Stack_Based_Buffer_Overflow/s01/CWE121_Stack_Based_Buffer_Overflow__CWE129_connect_socket_41.c,179,goodB2GSink,clamp_good_goodB2GSink_179,clamp_good_goodB2GSink_179,sanitizer,CWE121,41,c,/Users/saqif/Desktop/UCSB/ucsb_classes/w26/cs293G/joern/benchmarks/juliet/manifests/stage_b_clamp_transform_manifest.json
B,CWE121_Stack_Based_Buffer_Overflow/s01/CWE121_Stack_Based_Buffer_Overflow__CWE129_connect_socket_42.c,118,CWE121_Stack_Based_Buffer_Overflow__CWE129_connect_socket_42_bad,clamp_bad_CWE121_Stack_Based_Buffer_Overflow__CWE129_connect_socket_42_bad_118,clamp_bad_CWE121_Stack_Based_Buffer_Overflow__CWE129_connect_socket_42_bad_118,non_sanitizer,CWE121,42,c,/Users/saqif/Desktop/UCSB/ucsb_classes/w26/cs293G/joern/benchmarks/juliet/manifests/stage_b_clamp_transform_manifest.json
B,CWE121_Stack_Based_Buffer_Overflow/s01/CWE121_Stack_Based_Buffer_Overflow__CWE129_connect_socket_42.c,246,goodB2G,clamp_good_goodB2G_246,clamp_good_goodB2G_246,sanitizer,CWE121,42,c,/Users/saqif/Desktop/UCSB/ucsb_classes/w26/cs293G/joern/benchmarks/juliet/manifests/stage_b_clamp_transform_manifest.json
B,CWE121_Stack_Based_Buffer_Overflow/s01/CWE121_Stack_Based_Buffer_Overflow__CWE129_connect_socket_43.cpp,120,bad,clamp_bad_bad_120,clamp_bad_bad_120,non_sanitizer,CWE121,43,cpp,/Users/saqif/Desktop/UCSB/ucsb_classes/w26/cs293G/joern/benchmarks/juliet/manifests/stage_b_clamp_transform_manifest.json
B,CWE121_Stack_Based_Buffer_Overflow/s01/CWE121_Stack_Based_Buffer_Overflow__CWE129_connect_socket_43.cpp,246,goodB2G,clamp_good_goodB2G_246,clamp_good_goodB2G_246,sanitizer,CWE121,43,cpp,/Users/saqif/Desktop/UCSB/ucsb_classes/w26/cs293G/joern/benchmarks/juliet/manifests/stage_b_clamp_transform_manifest.json
B,CWE121_Stack_Based_Buffer_Overflow/s01/CWE121_Stack_Based_Buffer_Overflow__CWE129_connect_socket_44.c,53,badSink,clamp_bad_badSink_53,clamp_bad_badSink_53,non_sanitizer,CWE121,44,c,/Users/saqif/Desktop/UCSB/ucsb_classes/w26/cs293G/joern/benchmarks/juliet/manifests/stage_b_clamp_transform_manifest.json
B,CWE121_Stack_Based_Buffer_Overflow/s01/CWE121_Stack_Based_Buffer_Overflow__CWE129_connect_socket_44.c,183,goodB2GSink,clamp_good_goodB2GSink_183,clamp_good_goodB2GSink_183,sanitizer,CWE121,44,c,/Users/saqif/Desktop/UCSB/ucsb_classes/w26/cs293G/joern/benchmarks/juliet/manifests/stage_b_clamp_transform_manifest.json
B,CWE121_Stack_Based_Buffer_Overflow/s01/CWE121_Stack_Based_Buffer_Overflow__CWE129_connect_socket_45.c,58,badSink,clamp_bad_badSink_58,clamp_bad_badSink_58,non_sanitizer,CWE121,45,c,/Users/saqif/Desktop/UCSB/ucsb_classes/w26/cs293G/joern/benchmarks/juliet/manifests/stage_b_clamp_transform_manifest.json
B,CWE121_Stack_Based_Buffer_Overflow/s01/CWE121_Stack_Based_Buffer_Overflow__CWE129_connect_socket_45.c,188,goodB2GSink,clamp_good_goodB2GSink_188,clamp_good_goodB2GSink_188,sanitizer,CWE121,45,c,/Users/saqif/Desktop/UCSB/ucsb_classes/w26/cs293G/joern/benchmarks/juliet/manifests/stage_b_clamp_transform_manifest.json
B,CWE121_Stack_Based_Buffer_Overflow/s01/CWE121_Stack_Based_Buffer_Overflow__CWE129_fgets_21.c,38,badSink,clamp_bad_badSink_38,clamp_bad_badSink_38,non_sanitizer,CWE121,21,c,/Users/saqif/Desktop/UCSB/ucsb_classes/w26/cs293G/joern/benchmarks/juliet/manifests/stage_b_clamp_transform_manifest.json
B,CWE121_Stack_Based_Buffer_Overflow/s01/CWE121_Stack_Based_Buffer_Overflow__CWE129_fgets_21.c,100,goodB2G1Sink,clamp_good_goodB2G1Sink_100,clamp_good_goodB2G1Sink_100,sanitizer,CWE121,21,c,/Users/saqif/Desktop/UCSB/ucsb_classes/w26/cs293G/joern/benchmarks/juliet/manifests/stage_b_clamp_transform_manifest.json
B,CWE121_Stack_Based_Buffer_Overflow/s01/CWE121_Stack_Based_Buffer_Overflow__CWE129_fgets_21.c,148,goodB2G2Sink,clamp_good_goodB2G2Sink_148,clamp_good_goodB2G2Sink_148,sanitizer,CWE121,21,c,/Users/saqif/Desktop/UCSB/ucsb_classes/w26/cs293G/joern/benchmarks/juliet/manifests/stage_b_clamp_transform_manifest.json
B,CWE121_Stack_Based_Buffer_Overflow/s01/CWE121_Stack_Based_Buffer_Overflow__CWE129_fgets_22b.c,76,CWE121_Stack_Based_Buffer_Overflow__CWE129_fgets_22_goodB2G1Sink,clamp_good_CWE121_Stack_Based_Buffer_Overflow__CWE129_fgets_22_goodB2G1Sink_76,clamp_good_CWE121_Stack_Based_Buffer_Overflow__CWE129_fgets_22_goodB2G1Sink_76,sanitizer,CWE121,22,c,/Users/saqif/Desktop/UCSB/ucsb_classes/w26/cs293G/joern/benchmarks/juliet/manifests/stage_b_clamp_transform_manifest.json
B,CWE121_Stack_Based_Buffer_Overflow/s01/CWE121_Stack_Based_Buffer_Overflow__CWE129_fgets_22b.c,102,CWE121_Stack_Based_Buffer_Overflow__CWE129_fgets_22_goodB2G2Sink,clamp_good_CWE121_Stack_Based_Buffer_Overflow__CWE129_fgets_22_goodB2G2Sink_102,clamp_good_CWE121_Stack_Based_Buffer_Overflow__CWE129_fgets_22_goodB2G2Sink_102,sanitizer,CWE121,22,c,/Users/saqif/Desktop/UCSB/ucsb_classes/w26/cs293G/joern/benchmarks/juliet/manifests/stage_b_clamp_transform_manifest.json
B,CWE121_Stack_Based_Buffer_Overflow/s01/CWE121_Stack_Based_Buffer_Overflow__CWE129_fgets_41.c,33,badSink,clamp_bad_badSink_33,clamp_bad_badSink_33,non_sanitizer,CWE121,41,c,/Users/saqif/Desktop/UCSB/ucsb_classes/w26/cs293G/joern/benchmarks/juliet/manifests/stage_b_clamp_transform_manifest.json
B,CWE121_Stack_Based_Buffer_Overflow/s01/CWE121_Stack_Based_Buffer_Overflow__CWE129_fgets_41.c,116,goodB2GSink,clamp_good_goodB2GSink_116,clamp_good_goodB2GSink_116,sanitizer,CWE121,41,c,/Users/saqif/Desktop/UCSB/ucsb_classes/w26/cs293G/joern/benchmarks/juliet/manifests/stage_b_clamp_transform_manifest.json
B,CWE121_Stack_Based_Buffer_Overflow/s01/CWE121_Stack_Based_Buffer_Overflow__CWE129_fgets_42.c,55,CWE121_Stack_Based_Buffer_Overflow__CWE129_fgets_42_bad,clamp_bad_CWE121_Stack_Based_Buffer_Overflow__CWE129_fgets_42_bad_55,clamp_bad_CWE121_Stack_Based_Buffer_Overflow__CWE129_fgets_42_bad_55,non_sanitizer,CWE121,42,c,/Users/saqif/Desktop/UCSB/ucsb_classes/w26/cs293G/joern/benchmarks/juliet/manifests/stage_b_clamp_transform_manifest.json
B,CWE121_Stack_Based_Buffer_Overflow/s01/CWE121_Stack_Based_Buffer_Overflow__CWE129_fgets_42.c,140,goodB2G,clamp_good_goodB2G_140,clamp_good_goodB2G_140,sanitizer,CWE121,42,c,/Users/saqif/Desktop/UCSB/ucsb_classes/w26/cs293G/joern/benchmarks/juliet/manifests/stage_b_clamp_transform_manifest.json
B,CWE121_Stack_Based_Buffer_Overflow/s01/CWE121_Stack_Based_Buffer_Overflow__CWE129_fgets_43.cpp,57,bad,clamp_bad_bad_57,clamp_bad_bad_57,non_sanitizer,CWE121,43,cpp,/Users/saqif/Desktop/UCSB/ucsb_classes/w26/cs293G/joern/benchmarks/juliet/manifests/stage_b_clamp_transform_manifest.json
B,CWE121_Stack_Based_Buffer_Overflow/s01/CWE121_Stack_Based_Buffer_Overflow__CWE129_fgets_43.cpp,140,goodB2G,clamp_good_goodB2G_140,clamp_good_goodB2G_140,sanitizer,CWE121,43,cpp,/Users/saqif/Desktop/UCSB/ucsb_classes/w26/cs293G/joern/benchmarks/juliet/manifests/stage_b_clamp_transform_manifest.json
B,CWE121_Stack_Based_Buffer_Overflow/s01/CWE121_Stack_Based_Buffer_Overflow__CWE129_fgets_44.c,33,badSink,clamp_bad_badSink_33,clamp_bad_badSink_33,non_sanitizer,CWE121,44,c,/Users/saqif/Desktop/UCSB/ucsb_classes/w26/cs293G/joern/benchmarks/juliet/manifests/stage_b_clamp_transform_manifest.json
B,CWE121_Stack_Based_Buffer_Overflow/s01/CWE121_Stack_Based_Buffer_Overflow__CWE129_fgets_44.c,120,goodB2GSink,clamp_good_goodB2GSink_120,clamp_good_goodB2GSink_120,sanitizer,CWE121,44,c,/Users/saqif/Desktop/UCSB/ucsb_classes/w26/cs293G/joern/benchmarks/juliet/manifests/stage_b_clamp_transform_manifest.json
B,CWE121_Stack_Based_Buffer_Overflow/s01/CWE121_Stack_Based_Buffer_Overflow__CWE129_fgets_45.c,38,badSink,clamp_bad_badSink_38,clamp_bad_badSink_38,non_sanitizer,CWE121,45,c,/Users/saqif/Desktop/UCSB/ucsb_classes/w26/cs293G/joern/benchmarks/juliet/manifests/stage_b_clamp_transform_manifest.json
B,CWE121_Stack_Based_Buffer_Overflow/s01/CWE121_Stack_Based_Buffer_Overflow__CWE129_fgets_45.c,125,goodB2GSink,clamp_good_goodB2GSink_125,clamp_good_goodB2GSink_125,sanitizer,CWE121,45,c,/Users/saqif/Desktop/UCSB/ucsb_classes/w26/cs293G/joern/benchmarks/juliet/manifests/stage_b_clamp_transform_manifest.json
B,CWE121_Stack_Based_Buffer_Overflow/s01/CWE121_Stack_Based_Buffer_Overflow__CWE129_fscanf_02.c,41,CWE121_Stack_Based_Buffer_Overflow__CWE129_fscanf_02_bad,clamp_bad_CWE121_Stack_Based_Buffer_Overflow__CWE129_fscanf_02_bad_41,clamp_bad_CWE121_Stack_Based_Buffer_Overflow__CWE129_fscanf_02_bad_41,non_sanitizer,CWE121,02,c,/Users/saqif/Desktop/UCSB/ucsb_classes/w26/cs293G/joern/benchmarks/juliet/manifests/stage_b_clamp_transform_manifest.json
B,CWE121_Stack_Based_Buffer_Overflow/s01/CWE121_Stack_Based_Buffer_Overflow__CWE129_fscanf_02.c,84,goodB2G1,clamp_good_goodB2G1_84,clamp_good_goodB2G1_84,sanitizer,CWE121,02,c,/Users/saqif/Desktop/UCSB/ucsb_classes/w26/cs293G/joern/benchmarks/juliet/manifests/stage_b_clamp_transform_manifest.json
B,CWE121_Stack_Based_Buffer_Overflow/s01/CWE121_Stack_Based_Buffer_Overflow__CWE129_fscanf_02.c,118,goodB2G2,clamp_good_goodB2G2_118,clamp_good_goodB2G2_118,sanitizer,CWE121,02,c,/Users/saqif/Desktop/UCSB/ucsb_classes/w26/cs293G/joern/benchmarks/juliet/manifests/stage_b_clamp_transform_manifest.json
B,CWE121_Stack_Based_Buffer_Overflow/s01/CWE121_Stack_Based_Buffer_Overflow__CWE129_fscanf_03.c,41,CWE121_Stack_Based_Buffer_Overflow__CWE129_fscanf_03_bad,clamp_bad_CWE121_Stack_Based_Buffer_Overflow__CWE129_fscanf_03_bad_41,clamp_bad_CWE121_Stack_Based_Buffer_Overflow__CWE129_fscanf_03_bad_41,non_sanitizer,CWE121,03,c,/Users/saqif/Desktop/UCSB/ucsb_classes/w26/cs293G/joern/benchmarks/juliet/manifests/stage_b_clamp_transform_manifest.json
B,CWE121_Stack_Based_Buffer_Overflow/s01/CWE121_Stack_Based_Buffer_Overflow__CWE129_fscanf_03.c,84,goodB2G1,clamp_good_goodB2G1_84,clamp_good_goodB2G1_84,sanitizer,CWE121,03,c,/Users/saqif/Desktop/UCSB/ucsb_classes/w26/cs293G/joern/benchmarks/juliet/manifests/stage_b_clamp_transform_manifest.json
B,CWE121_Stack_Based_Buffer_Overflow/s01/CWE121_Stack_Based_Buffer_Overflow__CWE129_fscanf_03.c,118,goodB2G2,clamp_good_goodB2G2_118,clamp_good_goodB2G2_118,sanitizer,CWE121,03,c,/Users/saqif/Desktop/UCSB/ucsb_classes/w26/cs293G/joern/benchmarks/juliet/manifests/stage_b_clamp_transform_manifest.json
B,CWE121_Stack_Based_Buffer_Overflow/s01/CWE121_Stack_Based_Buffer_Overflow__CWE129_fscanf_04.c,47,CWE121_Stack_Based_Buffer_Overflow__CWE129_fscanf_04_bad,clamp_bad_CWE121_Stack_Based_Buffer_Overflow__CWE129_fscanf_04_bad_47,clamp_bad_CWE121_Stack_Based_Buffer_Overflow__CWE129_fscanf_04_bad_47,non_sanitizer,CWE121,04,c,/Users/saqif/Desktop/UCSB/ucsb_classes/w26/cs293G/joern/benchmarks/juliet/manifests/stage_b_clamp_transform_manifest.json
B,CWE121_Stack_Based_Buffer_Overflow/s01/CWE121_Stack_Based_Buffer_Overflow__CWE129_fscanf_04.c,90,goodB2G1,clamp_good_goodB2G1_90,clamp_good_goodB2G1_90,sanitizer,CWE121,04,c,/Users/saqif/Desktop/UCSB/ucsb_classes/w26/cs293G/joern/benchmarks/juliet/manifests/stage_b_clamp_transform_manifest.json
B,CWE121_Stack_Based_Buffer_Overflow/s01/CWE121_Stack_Based_Buffer_Overflow__CWE129_fscanf_04.c,124,goodB2G2,clamp_good_goodB2G2_124,clamp_good_goodB2G2_124,sanitizer,CWE121,04,c,/Users/saqif/Desktop/UCSB/ucsb_classes/w26/cs293G/joern/benchmarks/juliet/manifests/stage_b_clamp_transform_manifest.json
B,CWE121_Stack_Based_Buffer_Overflow/s01/CWE121_Stack_Based_Buffer_Overflow__CWE129_fscanf_05.c,47,CWE121_Stack_Based_Buffer_Overflow__CWE129_fscanf_05_bad,clamp_bad_CWE121_Stack_Based_Buffer_Overflow__CWE129_fscanf_05_bad_47,clamp_bad_CWE121_Stack_Based_Buffer_Overflow__CWE129_fscanf_05_bad_47,non_sanitizer,CWE121,05,c,/Users/saqif/Desktop/UCSB/ucsb_classes/w26/cs293G/joern/benchmarks/juliet/manifests/stage_b_clamp_transform_manifest.json
B,CWE121_Stack_Based_Buffer_Overflow/s01/CWE121_Stack_Based_Buffer_Overflow__CWE129_fscanf_05.c,90,goodB2G1,clamp_good_goodB2G1_90,clamp_good_goodB2G1_90,sanitizer,CWE121,05,c,/Users/saqif/Desktop/UCSB/ucsb_classes/w26/cs293G/joern/benchmarks/juliet/manifests/stage_b_clamp_transform_manifest.json
B,CWE121_Stack_Based_Buffer_Overflow/s01/CWE121_Stack_Based_Buffer_Overflow__CWE129_fscanf_05.c,124,goodB2G2,clamp_good_goodB2G2_124,clamp_good_goodB2G2_124,sanitizer,CWE121,05,c,/Users/saqif/Desktop/UCSB/ucsb_classes/w26/cs293G/joern/benchmarks/juliet/manifests/stage_b_clamp_transform_manifest.json
B,CWE121_Stack_Based_Buffer_Overflow/s01/CWE121_Stack_Based_Buffer_Overflow__CWE129_fscanf_06.c,46,CWE121_Stack_Based_Buffer_Overflow__CWE129_fscanf_06_bad,clamp_bad_CWE121_Stack_Based_Buffer_Overflow__CWE129_fscanf_06_bad_46,clamp_bad_CWE121_Stack_Based_Buffer_Overflow__CWE129_fscanf_06_bad_46,non_sanitizer,CWE121,06,c,/Users/saqif/Desktop/UCSB/ucsb_classes/w26/cs293G/joern/benchmarks/juliet/manifests/stage_b_clamp_transform_manifest.json
B,CWE121_Stack_Based_Buffer_Overflow/s01/CWE121_Stack_Based_Buffer_Overflow__CWE129_fscanf_06.c,89,goodB2G1,clamp_good_goodB2G1_89,clamp_good_goodB2G1_89,sanitizer,CWE121,06,c,/Users/saqif/Desktop/UCSB/ucsb_classes/w26/cs293G/joern/benchmarks/juliet/manifests/stage_b_clamp_transform_manifest.json
B,CWE121_Stack_Based_Buffer_Overflow/s01/CWE121_Stack_Based_Buffer_Overflow__CWE129_fscanf_06.c,123,goodB2G2,clamp_good_goodB2G2_123,clamp_good_goodB2G2_123,sanitizer,CWE121,06,c,/Users/saqif/Desktop/UCSB/ucsb_classes/w26/cs293G/joern/benchmarks/juliet/manifests/stage_b_clamp_transform_manifest.json
B,CWE121_Stack_Based_Buffer_Overflow/s01/CWE121_Stack_Based_Buffer_Overflow__CWE129_fscanf_07.c,46,CWE121_Stack_Based_Buffer_Overflow__CWE129_fscanf_07_bad,clamp_bad_CWE121_Stack_Based_Buffer_Overflow__CWE129_fscanf_07_bad_46,clamp_bad_CWE121_Stack_Based_Buffer_Overflow__CWE129_fscanf_07_bad_46,non_sanitizer,CWE121,07,c,/Users/saqif/Desktop/UCSB/ucsb_classes/w26/cs293G/joern/benchmarks/juliet/manifests/stage_b_clamp_transform_manifest.json
B,CWE121_Stack_Based_Buffer_Overflow/s01/CWE121_Stack_Based_Buffer_Overflow__CWE129_fscanf_07.c,89,goodB2G1,clamp_good_goodB2G1_89,clamp_good_goodB2G1_89,sanitizer,CWE121,07,c,/Users/saqif/Desktop/UCSB/ucsb_classes/w26/cs293G/joern/benchmarks/juliet/manifests/stage_b_clamp_transform_manifest.json
B,CWE121_Stack_Based_Buffer_Overflow/s01/CWE121_Stack_Based_Buffer_Overflow__CWE129_fscanf_07.c,123,goodB2G2,clamp_good_goodB2G2_123,clamp_good_goodB2G2_123,sanitizer,CWE121,07,c,/Users/saqif/Desktop/UCSB/ucsb_classes/w26/cs293G/joern/benchmarks/juliet/manifests/stage_b_clamp_transform_manifest.json
B,CWE121_Stack_Based_Buffer_Overflow/s01/CWE121_Stack_Based_Buffer_Overflow__CWE129_fscanf_08.c,54,CWE121_Stack_Based_Buffer_Overflow__CWE129_fscanf_08_bad,clamp_bad_CWE121_Stack_Based_Buffer_Overflow__CWE129_fscanf_08_bad_54,clamp_bad_CWE121_Stack_Based_Buffer_Overflow__CWE129_fscanf_08_bad_54,non_sanitizer,CWE121,08,c,/Users/saqif/Desktop/UCSB/ucsb_classes/w26/cs293G/joern/benchmarks/juliet/manifests/stage_b_clamp_transform_manifest.json
B,CWE121_Stack_Based_Buffer_Overflow/s01/CWE121_Stack_Based_Buffer_Overflow__CWE129_fscanf_08.c,97,goodB2G1,clamp_good_goodB2G1_97,clamp_good_goodB2G1_97,sanitizer,CWE121,08,c,/Users/saqif/Desktop/UCSB/ucsb_classes/w26/cs293G/joern/benchmarks/juliet/manifests/stage_b_clamp_transform_manifest.json
B,CWE121_Stack_Based_Buffer_Overflow/s01/CWE121_Stack_Based_Buffer_Overflow__CWE129_fscanf_08.c,131,goodB2G2,clamp_good_goodB2G2_131,clamp_good_goodB2G2_131,sanitizer,CWE121,08,c,/Users/saqif/Desktop/UCSB/ucsb_classes/w26/cs293G/joern/benchmarks/juliet/manifests/stage_b_clamp_transform_manifest.json
B,CWE121_Stack_Based_Buffer_Overflow/s01/CWE121_Stack_Based_Buffer_Overflow__CWE129_fscanf_09.c,41,CWE121_Stack_Based_Buffer_Overflow__CWE129_fscanf_09_bad,clamp_bad_CWE121_Stack_Based_Buffer_Overflow__CWE129_fscanf_09_bad_41,clamp_bad_CWE121_Stack_Based_Buffer_Overflow__CWE129_fscanf_09_bad_41,non_sanitizer,CWE121,09,c,/Users/saqif/Desktop/UCSB/ucsb_classes/w26/cs293G/joern/benchmarks/juliet/manifests/stage_b_clamp_transform_manifest.json
B,CWE121_Stack_Based_Buffer_Overflow/s01/CWE121_Stack_Based_Buffer_Overflow__CWE129_fscanf_09.c,84,goodB2G1,clamp_good_goodB2G1_84,clamp_good_goodB2G1_84,sanitizer,CWE121,09,c,/Users/saqif/Desktop/UCSB/ucsb_classes/w26/cs293G/joern/benchmarks/juliet/manifests/stage_b_clamp_transform_manifest.json
B,CWE121_Stack_Based_Buffer_Overflow/s01/CWE121_Stack_Based_Buffer_Overflow__CWE129_fscanf_09.c,118,goodB2G2,clamp_good_goodB2G2_118,clamp_good_goodB2G2_118,sanitizer,CWE121,09,c,/Users/saqif/Desktop/UCSB/ucsb_classes/w26/cs293G/joern/benchmarks/juliet/manifests/stage_b_clamp_transform_manifest.json
B,CWE121_Stack_Based_Buffer_Overflow/s01/CWE121_Stack_Based_Buffer_Overflow__CWE129_fscanf_10.c,41,CWE121_Stack_Based_Buffer_Overflow__CWE129_fscanf_10_bad,clamp_bad_CWE121_Stack_Based_Buffer_Overflow__CWE129_fscanf_10_bad_41,clamp_bad_CWE121_Stack_Based_Buffer_Overflow__CWE129_fscanf_10_bad_41,non_sanitizer,CWE121,10,c,/Users/saqif/Desktop/UCSB/ucsb_classes/w26/cs293G/joern/benchmarks/juliet/manifests/stage_b_clamp_transform_manifest.json
B,CWE121_Stack_Based_Buffer_Overflow/s01/CWE121_Stack_Based_Buffer_Overflow__CWE129_fscanf_10.c,84,goodB2G1,clamp_good_goodB2G1_84,clamp_good_goodB2G1_84,sanitizer,CWE121,10,c,/Users/saqif/Desktop/UCSB/ucsb_classes/w26/cs293G/joern/benchmarks/juliet/manifests/stage_b_clamp_transform_manifest.json
B,CWE121_Stack_Based_Buffer_Overflow/s01/CWE121_Stack_Based_Buffer_Overflow__CWE129_fscanf_10.c,118,goodB2G2,clamp_good_goodB2G2_118,clamp_good_goodB2G2_118,sanitizer,CWE121,10,c,/Users/saqif/Desktop/UCSB/ucsb_classes/w26/cs293G/joern/benchmarks/juliet/manifests/stage_b_clamp_transform_manifest.json
B,CWE121_Stack_Based_Buffer_Overflow/s01/CWE121_Stack_Based_Buffer_Overflow__CWE129_fscanf_11.c,41,CWE121_Stack_Based_Buffer_Overflow__CWE129_fscanf_11_bad,clamp_bad_CWE121_Stack_Based_Buffer_Overflow__CWE129_fscanf_11_bad_41,clamp_bad_CWE121_Stack_Based_Buffer_Overflow__CWE129_fscanf_11_bad_41,non_sanitizer,CWE121,11,c,/Users/saqif/Desktop/UCSB/ucsb_classes/w26/cs293G/joern/benchmarks/juliet/manifests/stage_b_clamp_transform_manifest.json
B,CWE121_Stack_Based_Buffer_Overflow/s01/CWE121_Stack_Based_Buffer_Overflow__CWE129_fscanf_11.c,84,goodB2G1,clamp_good_goodB2G1_84,clamp_good_goodB2G1_84,sanitizer,CWE121,11,c,/Users/saqif/Desktop/UCSB/ucsb_classes/w26/cs293G/joern/benchmarks/juliet/manifests/stage_b_clamp_transform_manifest.json
B,CWE121_Stack_Based_Buffer_Overflow/s01/CWE121_Stack_Based_Buffer_Overflow__CWE129_fscanf_11.c,118,goodB2G2,clamp_good_goodB2G2_118,clamp_good_goodB2G2_118,sanitizer,CWE121,11,c,/Users/saqif/Desktop/UCSB/ucsb_classes/w26/cs293G/joern/benchmarks/juliet/manifests/stage_b_clamp_transform_manifest.json
B,CWE121_Stack_Based_Buffer_Overflow/s01/CWE121_Stack_Based_Buffer_Overflow__CWE129_fscanf_12.c,47,CWE121_Stack_Based_Buffer_Overflow__CWE129_fscanf_12_bad,clamp_bad_CWE121_Stack_Based_Buffer_Overflow__CWE129_fscanf_12_bad_47,clamp_bad_CWE121_Stack_Based_Buffer_Overflow__CWE129_fscanf_12_bad_47,non_sanitizer,CWE121,12,c,/Users/saqif/Desktop/UCSB/ucsb_classes/w26/cs293G/joern/benchmarks/juliet/manifests/stage_b_clamp_transform_manifest.json
B,CWE121_Stack_Based_Buffer_Overflow/s01/CWE121_Stack_Based_Buffer_Overflow__CWE129_fscanf_12.c,113,goodB2G,clamp_good_goodB2G_113,clamp_good_goodB2G_113,sanitizer,CWE121,12,c,/Users/saqif/Desktop/UCSB/ucsb_classes/w26/cs293G/joern/benchmarks/juliet/manifests/stage_b_clamp_transform_manifest.json
B,CWE121_Stack_Based_Buffer_Overflow/s01/CWE121_Stack_Based_Buffer_Overflow__CWE129_fscanf_13.c,41,CWE121_Stack_Based_Buffer_Overflow__CWE129_fscanf_13_bad,clamp_bad_CWE121_Stack_Based_Buffer_Overflow__CWE129_fscanf_13_bad_41,clamp_bad_CWE121_Stack_Based_Buffer_Overflow__CWE129_fscanf_13_bad_41,non_sanitizer,CWE121,13,c,/Users/saqif/Desktop/UCSB/ucsb_classes/w26/cs293G/joern/benchmarks/juliet/manifests/stage_b_clamp_transform_manifest.json
B,CWE121_Stack_Based_Buffer_Overflow/s01/CWE121_Stack_Based_Buffer_Overflow__CWE129_fscanf_13.c,84,goodB2G1,clamp_good_goodB2G1_84,clamp_good_goodB2G1_84,sanitizer,CWE121,13,c,/Users/saqif/Desktop/UCSB/ucsb_classes/w26/cs293G/joern/benchmarks/juliet/manifests/stage_b_clamp_transform_manifest.json
B,CWE121_Stack_Based_Buffer_Overflow/s01/CWE121_Stack_Based_Buffer_Overflow__CWE129_fscanf_13.c,118,goodB2G2,clamp_good_goodB2G2_118,clamp_good_goodB2G2_118,sanitizer,CWE121,13,c,/Users/saqif/Desktop/UCSB/ucsb_classes/w26/cs293G/joern/benchmarks/juliet/manifests/stage_b_clamp_transform_manifest.json
B,CWE121_Stack_Based_Buffer_Overflow/s01/CWE121_Stack_Based_Buffer_Overflow__CWE129_fscanf_14.c,41,CWE121_Stack_Based_Buffer_Overflow__CWE129_fscanf_14_bad,clamp_bad_CWE121_Stack_Based_Buffer_Overflow__CWE129_fscanf_14_bad_41,clamp_bad_CWE121_Stack_Based_Buffer_Overflow__CWE129_fscanf_14_bad_41,non_sanitizer,CWE121,14,c,/Users/saqif/Desktop/UCSB/ucsb_classes/w26/cs293G/joern/benchmarks/juliet/manifests/stage_b_clamp_transform_manifest.json
B,CWE121_Stack_Based_Buffer_Overflow/s01/CWE121_Stack_Based_Buffer_Overflow__CWE129_fscanf_14.c,84,goodB2G1,clamp_good_goodB2G1_84,clamp_good_goodB2G1_84,sanitizer,CWE121,14,c,/Users/saqif/Desktop/UCSB/ucsb_classes/w26/cs293G/joern/benchmarks/juliet/manifests/stage_b_clamp_transform_manifest.json
B,CWE121_Stack_Based_Buffer_Overflow/s01/CWE121_Stack_Based_Buffer_Overflow__CWE129_fscanf_14.c,118,goodB2G2,clamp_good_goodB2G2_118,clamp_good_goodB2G2_118,sanitizer,CWE121,14,c,/Users/saqif/Desktop/UCSB/ucsb_classes/w26/cs293G/joern/benchmarks/juliet/manifests/stage_b_clamp_transform_manifest.json
B,CWE121_Stack_Based_Buffer_Overflow/s01/CWE121_Stack_Based_Buffer_Overflow__CWE129_fscanf_15.c,48,CWE121_Stack_Based_Buffer_Overflow__CWE129_fscanf_15_bad,clamp_bad_CWE121_Stack_Based_Buffer_Overflow__CWE129_fscanf_15_bad_48,clamp_bad_CWE121_Stack_Based_Buffer_Overflow__CWE129_fscanf_15_bad_48,non_sanitizer,CWE121,15,c,/Users/saqif/Desktop/UCSB/ucsb_classes/w26/cs293G/joern/benchmarks/juliet/manifests/stage_b_clamp_transform_manifest.json
B,CWE121_Stack_Based_Buffer_Overflow/s01/CWE121_Stack_Based_Buffer_Overflow__CWE129_fscanf_15.c,102,goodB2G1,clamp_good_goodB2G1_102,clamp_good_goodB2G1_102,sanitizer,CWE121,15,c,/Users/saqif/Desktop/UCSB/ucsb_classes/w26/cs293G/joern/benchmarks/juliet/manifests/stage_b_clamp_transform_manifest.json
B,CWE121_Stack_Based_Buffer_Overflow/s01/CWE121_Stack_Based_Buffer_Overflow__CWE129_fscanf_15.c,144,goodB2G2,clamp_good_goodB2G2_144,clamp_good_goodB2G2_144,sanitizer,CWE121,15,c,/Users/saqif/Desktop/UCSB/ucsb_classes/w26/cs293G/joern/benchmarks/juliet/manifests/stage_b_clamp_transform_manifest.json
B,CWE121_Stack_Based_Buffer_Overflow/s01/CWE121_Stack_Based_Buffer_Overflow__CWE129_fscanf_16.c,42,CWE121_Stack_Based_Buffer_Overflow__CWE129_fscanf_16_bad,clamp_bad_CWE121_Stack_Based_Buffer_Overflow__CWE129_fscanf_16_bad_42,clamp_bad_CWE121_Stack_Based_Buffer_Overflow__CWE129_fscanf_16_bad_42,non_sanitizer,CWE121,16,c,/Users/saqif/Desktop/UCSB/ucsb_classes/w26/cs293G/joern/benchmarks/juliet/manifests/stage_b_clamp_transform_manifest.json
B,CWE121_Stack_Based_Buffer_Overflow/s01/CWE121_Stack_Based_Buffer_Overflow__CWE129_fscanf_16.c,82,goodB2G,clamp_good_goodB2G_82,clamp_good_goodB2G_82,sanitizer,CWE121,16,c,/Users/saqif/Desktop/UCSB/ucsb_classes/w26/cs293G/joern/benchmarks/juliet/manifests/stage_b_clamp_transform_manifest.json
B,CWE121_Stack_Based_Buffer_Overflow/s01/CWE121_Stack_Based_Buffer_Overflow__CWE129_fscanf_17.c,42,CWE121_Stack_Based_Buffer_Overflow__CWE129_fscanf_17_bad,clamp_bad_CWE121_Stack_Based_Buffer_Overflow__CWE129_fscanf_17_bad_42,clamp_bad_CWE121_Stack_Based_Buffer_Overflow__CWE129_fscanf_17_bad_42,non_sanitizer,CWE121,17,c,/Users/saqif/Desktop/UCSB/ucsb_classes/w26/cs293G/joern/benchmarks/juliet/manifests/stage_b_clamp_transform_manifest.json
B,CWE121_Stack_Based_Buffer_Overflow/s01/CWE121_Stack_Based_Buffer_Overflow__CWE129_fscanf_17.c,81,goodB2G,clamp_good_goodB2G_81,clamp_good_goodB2G_81,sanitizer,CWE121,17,c,/Users/saqif/Desktop/UCSB/ucsb_classes/w26/cs293G/joern/benchmarks/juliet/manifests/stage_b_clamp_transform_manifest.json
B,CWE121_Stack_Based_Buffer_Overflow/s01/CWE121_Stack_Based_Buffer_Overflow__CWE129_fscanf_18.c,40,CWE121_Stack_Based_Buffer_Overflow__CWE129_fscanf_18_bad,clamp_bad_CWE121_Stack_Based_Buffer_Overflow__CWE129_fscanf_18_bad_40,clamp_bad_CWE121_Stack_Based_Buffer_Overflow__CWE129_fscanf_18_bad_40,non_sanitizer,CWE121,18,c,/Users/saqif/Desktop/UCSB/ucsb_classes/w26/cs293G/joern/benchmarks/juliet/manifests/stage_b_clamp_transform_manifest.json
B,CWE121_Stack_Based_Buffer_Overflow/s01/CWE121_Stack_Based_Buffer_Overflow__CWE129_fscanf_18.c,76,goodB2G,clamp_good_goodB2G_76,clamp_good_goodB2G_76,sanitizer,CWE121,18,c,/Users/saqif/Desktop/UCSB/ucsb_classes/w26/cs293G/joern/benchmarks/juliet/manifests/stage_b_clamp_transform_manifest.json
B,CWE121_Stack_Based_Buffer_Overflow/s01/CWE121_Stack_Based_Buffer_Overflow__CWE129_fscanf_21.c,36,badSink,clamp_bad_badSink_36,clamp_bad_badSink_36,non_sanitizer,CWE121,21,c,/Users/saqif/Desktop/UCSB/ucsb_classes/w26/cs293G/joern/benchmarks/juliet/manifests/stage_b_clamp_transform_manifest.json
B,CWE121_Stack_Based_Buffer_Overflow/s01/CWE121_Stack_Based_Buffer_Overflow__CWE129_fscanf_21.c,87,goodB2G1Sink,clamp_good_goodB2G1Sink_87,clamp_good_goodB2G1Sink_87,sanitizer,CWE121,21,c,/Users/saqif/Desktop/UCSB/ucsb_classes/w26/cs293G/joern/benchmarks/juliet/manifests/stage_b_clamp_transform_manifest.json
B,CWE121_Stack_Based_Buffer_Overflow/s01/CWE121_Stack_Based_Buffer_Overflow__CWE129_fscanf_21.c,124,goodB2G2Sink,clamp_good_goodB2G2Sink_124,clamp_good_goodB2G2Sink_124,sanitizer,CWE121,21,c,/Users/saqif/Desktop/UCSB/ucsb_classes/w26/cs293G/joern/benchmarks/juliet/manifests/stage_b_clamp_transform_manifest.json
B,CWE121_Stack_Based_Buffer_Overflow/s01/CWE121_Stack_Based_Buffer_Overflow__CWE129_fscanf_22b.c,76,CWE121_Stack_Based_Buffer_Overflow__CWE129_fscanf_22_goodB2G1Sink,clamp_good_CWE121_Stack_Based_Buffer_Overflow__CWE129_fscanf_22_goodB2G1Sink_76,clamp_good_CWE121_Stack_Based_Buffer_Overflow__CWE129_fscanf_22_goodB2G1Sink_76,sanitizer,CWE121,22,c,/Users/saqif/Desktop/UCSB/ucsb_classes/w26/cs293G/joern/benchmarks/juliet/manifests/stage_b_clamp_transform_manifest.json
B,CWE121_Stack_Based_Buffer_Overflow/s01/CWE121_Stack_Based_Buffer_Overflow__CWE129_fscanf_22b.c,102,CWE121_Stack_Based_Buffer_Overflow__CWE129_fscanf_22_goodB2G2Sink,clamp_good_CWE121_Stack_Based_Buffer_Overflow__CWE129_fscanf_22_goodB2G2Sink_102,clamp_good_CWE121_Stack_Based_Buffer_Overflow__CWE129_fscanf_22_goodB2G2Sink_102,sanitizer,CWE121,22,c,/Users/saqif/Desktop/UCSB/ucsb_classes/w26/cs293G/joern/benchmarks/juliet/manifests/stage_b_clamp_transform_manifest.json
B,CWE121_Stack_Based_Buffer_Overflow/s01/CWE121_Stack_Based_Buffer_Overflow__CWE129_fscanf_31.c,39,CWE121_Stack_Based_Buffer_Overflow__CWE129_fscanf_31_bad,clamp_bad_CWE121_Stack_Based_Buffer_Overflow__CWE129_fscanf_31_bad_39,clamp_bad_CWE121_Stack_Based_Buffer_Overflow__CWE129_fscanf_31_bad_39,non_sanitizer,CWE121,31,c,/Users/saqif/Desktop/UCSB/ucsb_classes/w26/cs293G/joern/benchmarks/juliet/manifests/stage_b_clamp_transform_manifest.json
B,CWE121_Stack_Based_Buffer_Overflow/s01/CWE121_Stack_Based_Buffer_Overflow__CWE129_fscanf_31.c,109,goodB2G,clamp_good_goodB2G_109,clamp_good_goodB2G_109,sanitizer,CWE121,31,c,/Users/saqif/Desktop/UCSB/ucsb_classes/w26/cs293G/joern/benchmarks/juliet/manifests/stage_b_clamp_transform_manifest.json
B,CWE121_Stack_Based_Buffer_Overflow/s01/CWE121_Stack_Based_Buffer_Overflow__CWE129_fscanf_32.c,44,CWE121_Stack_Based_Buffer_Overflow__CWE129_fscanf_32_bad,clamp_bad_CWE121_Stack_Based_Buffer_Overflow__CWE129_fscanf_32_bad_44,clamp_bad_CWE121_Stack_Based_Buffer_Overflow__CWE129_fscanf_32_bad_44,non_sanitizer,CWE121,32,c,/Users/saqif/Desktop/UCSB/ucsb_classes/w26/cs293G/joern/benchmarks/juliet/manifests/stage_b_clamp_transform_manifest.json
B,CWE121_Stack_Based_Buffer_Overflow/s01/CWE121_Stack_Based_Buffer_Overflow__CWE129_fscanf_32.c,124,goodB2G,clamp_good_goodB2G_124,clamp_good_goodB2G_124,sanitizer,CWE121,32,c,/Users/saqif/Desktop/UCSB/ucsb_classes/w26/cs293G/joern/benchmarks/juliet/manifests/stage_b_clamp_transform_manifest.json
B,CWE121_Stack_Based_Buffer_Overflow/s01/CWE121_Stack_Based_Buffer_Overflow__CWE129_fscanf_33.cpp,42,bad,clamp_bad_bad_42,clamp_bad_bad_42,non_sanitizer,CWE121,33,cpp,/Users/saqif/Desktop/UCSB/ucsb_classes/w26/cs293G/joern/benchmarks/juliet/manifests/stage_b_clamp_transform_manifest.json
B,CWE121_Stack_Based_Buffer_Overflow/s01/CWE121_Stack_Based_Buffer_Overflow__CWE129_fscanf_33.cpp,112,goodB2G,clamp_good_goodB2G_112,clamp_good_goodB2G_112,sanitizer,CWE121,33,cpp,/Users/saqif/Desktop/UCSB/ucsb_classes/w26/cs293G/joern/benchmarks/juliet/manifests/stage_b_clamp_transform_manifest.json
B,CWE121_Stack_Based_Buffer_Overflow/s01/CWE121_Stack_Based_Buffer_Overflow__CWE129_fscanf_34.c,46,CWE121_Stack_Based_Buffer_Overflow__CWE129_fscanf_34_bad,clamp_bad_CWE121_Stack_Based_Buffer_Overflow__CWE129_fscanf_34_bad_46,clamp_bad_CWE121_Stack_Based_Buffer_Overflow__CWE129_fscanf_34_bad_46,non_sanitizer,CWE121,34,c,/Users/saqif/Desktop/UCSB/ucsb_classes/w26/cs293G/joern/benchmarks/juliet/manifests/stage_b_clamp_transform_manifest.json
B,CWE121_Stack_Based_Buffer_Overflow/s01/CWE121_Stack_Based_Buffer_Overflow__CWE129_fscanf_34.c,118,goodB2G,clamp_good_goodB2G_118,clamp_good_goodB2G_118,sanitizer,CWE121,34,c,/Users/saqif/Desktop/UCSB/ucsb_classes/w26/cs293G/joern/benchmarks/juliet/manifests/stage_b_clamp_transform_manifest.json
B,CWE121_Stack_Based_Buffer_Overflow/s01/CWE121_Stack_Based_Buffer_Overflow__CWE129_fscanf_41.c,31,badSink,clamp_bad_badSink_31,clamp_bad_badSink_31,non_sanitizer,CWE121,41,c,/Users/saqif/Desktop/UCSB/ucsb_classes/w26/cs293G/joern/benchmarks/juliet/manifests/stage_b_clamp_transform_manifest.json
B,CWE121_Stack_Based_Buffer_Overflow/s01/CWE121_Stack_Based_Buffer_Overflow__CWE129_fscanf_41.c,103,goodB2GSink,clamp_good_goodB2GSink_103,clamp_good_goodB2GSink_103,sanitizer,CWE121,41,c,/Users/saqif/Desktop/UCSB/ucsb_classes/w26/cs293G/joern/benchmarks/juliet/manifests/stage_b_clamp_transform_manifest.json
B,CWE121_Stack_Based_Buffer_Overflow/s01/CWE121_Stack_Based_Buffer_Overflow__CWE129_fscanf_42.c,42,CWE121_Stack_Based_Buffer_Overflow__CWE129_fscanf_42_bad,clamp_bad_CWE121_Stack_Based_Buffer_Overflow__CWE129_fscanf_42_bad_42,clamp_bad_CWE121_Stack_Based_Buffer_Overflow__CWE129_fscanf_42_bad_42,non_sanitizer,CWE121,42,c,/Users/saqif/Desktop/UCSB/ucsb_classes/w26/cs293G/joern/benchmarks/juliet/manifests/stage_b_clamp_transform_manifest.json
B,CWE121_Stack_Based_Buffer_Overflow/s01/CWE121_Stack_Based_Buffer_Overflow__CWE129_fscanf_42.c,116,goodB2G,clamp_good_goodB2G_116,clamp_good_goodB2G_116,sanitizer,CWE121,42,c,/Users/saqif/Desktop/UCSB/ucsb_classes/w26/cs293G/joern/benchmarks/juliet/manifests/stage_b_clamp_transform_manifest.json
B,CWE121_Stack_Based_Buffer_Overflow/s01/CWE121_Stack_Based_Buffer_Overflow__CWE129_fscanf_43.cpp,44,bad,clamp_bad_bad_44,clamp_bad_bad_44,non_sanitizer,CWE121,43,cpp,/Users/saqif/Desktop/UCSB/ucsb_classes/w26/cs293G/joern/benchmarks/juliet/manifests/stage_b_clamp_transform_manifest.json
B,CWE121_Stack_Based_Buffer_Overflow/s01/CWE121_Stack_Based_Buffer_Overflow__CWE129_fscanf_43.cpp,116,goodB2G,clamp_good_goodB2G_116,clamp_good_goodB2G_116,sanitizer,CWE121,43,cpp,/Users/saqif/Desktop/UCSB/ucsb_classes/w26/cs293G/joern/benchmarks/juliet/manifests/stage_b_clamp_transform_manifest.json
B,CWE121_Stack_Based_Buffer_Overflow/s01/CWE121_Stack_Based_Buffer_Overflow__CWE129_fscanf_44.c,31,badSink,clamp_bad_badSink_31,clamp_bad_badSink_31,non_sanitizer,CWE121,44,c,/Users/saqif/Desktop/UCSB/ucsb_classes/w26/cs293G/joern/benchmarks/juliet/manifests/stage_b_clamp_transform_manifest.json
B,CWE121_Stack_Based_Buffer_Overflow/s01/CWE121_Stack_Based_Buffer_Overflow__CWE129_fscanf_44.c,107,goodB2GSink,clamp_good_goodB2GSink_107,clamp_good_goodB2GSink_107,sanitizer,CWE121,44,c,/Users/saqif/Desktop/UCSB/ucsb_classes/w26/cs293G/joern/benchmarks/juliet/manifests/stage_b_clamp_transform_manifest.json
B,CWE121_Stack_Based_Buffer_Overflow/s01/CWE121_Stack_Based_Buffer_Overflow__CWE129_fscanf_45.c,36,badSink,clamp_bad_badSink_36,clamp_bad_badSink_36,non_sanitizer,CWE121,45,c,/Users/saqif/Desktop/UCSB/ucsb_classes/w26/cs293G/joern/benchmarks/juliet/manifests/stage_b_clamp_transform_manifest.json
B,CWE121_Stack_Based_Buffer_Overflow/s01/CWE121_Stack_Based_Buffer_Overflow__CWE129_fscanf_45.c,112,goodB2GSink,clamp_good_goodB2GSink_112,clamp_good_goodB2GSink_112,sanitizer,CWE121,45,c,/Users/saqif/Desktop/UCSB/ucsb_classes/w26/cs293G/joern/benchmarks/juliet/manifests/stage_b_clamp_transform_manifest.json
B,CWE121_Stack_Based_Buffer_Overflow/s01/CWE121_Stack_Based_Buffer_Overflow__CWE129_large_02.c,41,CWE121_Stack_Based_Buffer_Overflow__CWE129_large_02_bad,clamp_bad_CWE121_Stack_Based_Buffer_Overflow__CWE129_large_02_bad_41,clamp_bad_CWE121_Stack_Based_Buffer_Overflow__CWE129_large_02_bad_41,non_sanitizer,CWE121,02,c,/Users/saqif/Desktop/UCSB/ucsb_classes/w26/cs293G/joern/benchmarks/juliet/manifests/stage_b_clamp_transform_manifest.json
B,CWE121_Stack_Based_Buffer_Overflow/s01/CWE121_Stack_Based_Buffer_Overflow__CWE129_large_02.c,84,goodB2G1,clamp_good_goodB2G1_84,clamp_good_goodB2G1_84,sanitizer,CWE121,02,c,/Users/saqif/Desktop/UCSB/ucsb_classes/w26/cs293G/joern/benchmarks/juliet/manifests/stage_b_clamp_transform_manifest.json
B,CWE121_Stack_Based_Buffer_Overflow/s01/CWE121_Stack_Based_Buffer_Overflow__CWE129_large_02.c,118,goodB2G2,clamp_good_goodB2G2_118,clamp_good_goodB2G2_118,sanitizer,CWE121,02,c,/Users/saqif/Desktop/UCSB/ucsb_classes/w26/cs293G/joern/benchmarks/juliet/manifests/stage_b_clamp_transform_manifest.json
B,CWE121_Stack_Based_Buffer_Overflow/s01/CWE121_Stack_Based_Buffer_Overflow__CWE129_large_03.c,41,CWE121_Stack_Based_Buffer_Overflow__CWE129_large_03_bad,clamp_bad_CWE121_Stack_Based_Buffer_Overflow__CWE129_large_03_bad_41,clamp_bad_CWE121_Stack_Based_Buffer_Overflow__CWE129_large_03_bad_41,non_sanitizer,CWE121,03,c,/Users/saqif/Desktop/UCSB/ucsb_classes/w26/cs293G/joern/benchmarks/juliet/manifests/stage_b_clamp_transform_manifest.json
B,CWE121_Stack_Based_Buffer_Overflow/s01/CWE121_Stack_Based_Buffer_Overflow__CWE129_large_03.c,84,goodB2G1,clamp_good_goodB2G1_84,clamp_good_goodB2G1_84,sanitizer,CWE121,03,c,/Users/saqif/Desktop/UCSB/ucsb_classes/w26/cs293G/joern/benchmarks/juliet/manifests/stage_b_clamp_transform_manifest.json
B,CWE121_Stack_Based_Buffer_Overflow/s01/CWE121_Stack_Based_Buffer_Overflow__CWE129_large_03.c,118,goodB2G2,clamp_good_goodB2G2_118,clamp_good_goodB2G2_118,sanitizer,CWE121,03,c,/Users/saqif/Desktop/UCSB/ucsb_classes/w26/cs293G/joern/benchmarks/juliet/manifests/stage_b_clamp_transform_manifest.json
B,CWE121_Stack_Based_Buffer_Overflow/s01/CWE121_Stack_Based_Buffer_Overflow__CWE129_large_04.c,47,CWE121_Stack_Based_Buffer_Overflow__CWE129_large_04_bad,clamp_bad_CWE121_Stack_Based_Buffer_Overflow__CWE129_large_04_bad_47,clamp_bad_CWE121_Stack_Based_Buffer_Overflow__CWE129_large_04_bad_47,non_sanitizer,CWE121,04,c,/Users/saqif/Desktop/UCSB/ucsb_classes/w26/cs293G/joern/benchmarks/juliet/manifests/stage_b_clamp_transform_manifest.json
B,CWE121_Stack_Based_Buffer_Overflow/s01/CWE121_Stack_Based_Buffer_Overflow__CWE129_large_04.c,90,goodB2G1,clamp_good_goodB2G1_90,clamp_good_goodB2G1_90,sanitizer,CWE121,04,c,/Users/saqif/Desktop/UCSB/ucsb_classes/w26/cs293G/joern/benchmarks/juliet/manifests/stage_b_clamp_transform_manifest.json
B,CWE121_Stack_Based_Buffer_Overflow/s01/CWE121_Stack_Based_Buffer_Overflow__CWE129_large_04.c,124,goodB2G2,clamp_good_goodB2G2_124,clamp_good_goodB2G2_124,sanitizer,CWE121,04,c,/Users/saqif/Desktop/UCSB/ucsb_classes/w26/cs293G/joern/benchmarks/juliet/manifests/stage_b_clamp_transform_manifest.json
B,CWE121_Stack_Based_Buffer_Overflow/s01/CWE121_Stack_Based_Buffer_Overflow__CWE129_large_05.c,47,CWE121_Stack_Based_Buffer_Overflow__CWE129_large_05_bad,clamp_bad_CWE121_Stack_Based_Buffer_Overflow__CWE129_large_05_bad_47,clamp_bad_CWE121_Stack_Based_Buffer_Overflow__CWE129_large_05_bad_47,non_sanitizer,CWE121,05,c,/Users/saqif/Desktop/UCSB/ucsb_classes/w26/cs293G/joern/benchmarks/juliet/manifests/stage_b_clamp_transform_manifest.json
B,CWE121_Stack_Based_Buffer_Overflow/s01/CWE121_Stack_Based_Buffer_Overflow__CWE129_large_05.c,90,goodB2G1,clamp_good_goodB2G1_90,clamp_good_goodB2G1_90,sanitizer,CWE121,05,c,/Users/saqif/Desktop/UCSB/ucsb_classes/w26/cs293G/joern/benchmarks/juliet/manifests/stage_b_clamp_transform_manifest.json
B,CWE121_Stack_Based_Buffer_Overflow/s01/CWE121_Stack_Based_Buffer_Overflow__CWE129_large_05.c,124,goodB2G2,clamp_good_goodB2G2_124,clamp_good_goodB2G2_124,sanitizer,CWE121,05,c,/Users/saqif/Desktop/UCSB/ucsb_classes/w26/cs293G/joern/benchmarks/juliet/manifests/stage_b_clamp_transform_manifest.json
B,CWE121_Stack_Based_Buffer_Overflow/s01/CWE121_Stack_Based_Buffer_Overflow__CWE129_large_06.c,46,CWE121_Stack_Based_Buffer_Overflow__CWE129_large_06_bad,clamp_bad_CWE121_Stack_Based_Buffer_Overflow__CWE129_large_06_bad_46,clamp_bad_CWE121_Stack_Based_Buffer_Overflow__CWE129_large_06_bad_46,non_sanitizer,CWE121,06,c,/Users/saqif/Desktop/UCSB/ucsb_classes/w26/cs293G/joern/benchmarks/juliet/manifests/stage_b_clamp_transform_manifest.json
B,CWE121_Stack_Based_Buffer_Overflow/s01/CWE121_Stack_Based_Buffer_Overflow__CWE129_large_06.c,89,goodB2G1,clamp_good_goodB2G1_89,clamp_good_goodB2G1_89,sanitizer,CWE121,06,c,/Users/saqif/Desktop/UCSB/ucsb_classes/w26/cs293G/joern/benchmarks/juliet/manifests/stage_b_clamp_transform_manifest.json
B,CWE121_Stack_Based_Buffer_Overflow/s01/CWE121_Stack_Based_Buffer_Overflow__CWE129_large_06.c,123,goodB2G2,clamp_good_goodB2G2_123,clamp_good_goodB2G2_123,sanitizer,CWE121,06,c,/Users/saqif/Desktop/UCSB/ucsb_classes/w26/cs293G/joern/benchmarks/juliet/manifests/stage_b_clamp_transform_manifest.json
B,CWE121_Stack_Based_Buffer_Overflow/s01/CWE121_Stack_Based_Buffer_Overflow__CWE129_large_07.c,46,CWE121_Stack_Based_Buffer_Overflow__CWE129_large_07_bad,clamp_bad_CWE121_Stack_Based_Buffer_Overflow__CWE129_large_07_bad_46,clamp_bad_CWE121_Stack_Based_Buffer_Overflow__CWE129_large_07_bad_46,non_sanitizer,CWE121,07,c,/Users/saqif/Desktop/UCSB/ucsb_classes/w26/cs293G/joern/benchmarks/juliet/manifests/stage_b_clamp_transform_manifest.json
B,CWE121_Stack_Based_Buffer_Overflow/s01/CWE121_Stack_Based_Buffer_Overflow__CWE129_large_07.c,89,goodB2G1,clamp_good_goodB2G1_89,clamp_good_goodB2G1_89,sanitizer,CWE121,07,c,/Users/saqif/Desktop/UCSB/ucsb_classes/w26/cs293G/joern/benchmarks/juliet/manifests/stage_b_clamp_transform_manifest.json
B,CWE121_Stack_Based_Buffer_Overflow/s01/CWE121_Stack_Based_Buffer_Overflow__CWE129_large_07.c,123,goodB2G2,clamp_good_goodB2G2_123,clamp_good_goodB2G2_123,sanitizer,CWE121,07,c,/Users/saqif/Desktop/UCSB/ucsb_classes/w26/cs293G/joern/benchmarks/juliet/manifests/stage_b_clamp_transform_manifest.json
B,CWE121_Stack_Based_Buffer_Overflow/s01/CWE121_Stack_Based_Buffer_Overflow__CWE129_large_08.c,54,CWE121_Stack_Based_Buffer_Overflow__CWE129_large_08_bad,clamp_bad_CWE121_Stack_Based_Buffer_Overflow__CWE129_large_08_bad_54,clamp_bad_CWE121_Stack_Based_Buffer_Overflow__CWE129_large_08_bad_54,non_sanitizer,CWE121,08,c,/Users/saqif/Desktop/UCSB/ucsb_classes/w26/cs293G/joern/benchmarks/juliet/manifests/stage_b_clamp_transform_manifest.json
B,CWE121_Stack_Based_Buffer_Overflow/s01/CWE121_Stack_Based_Buffer_Overflow__CWE129_large_08.c,97,goodB2G1,clamp_good_goodB2G1_97,clamp_good_goodB2G1_97,sanitizer,CWE121,08,c,/Users/saqif/Desktop/UCSB/ucsb_classes/w26/cs293G/joern/benchmarks/juliet/manifests/stage_b_clamp_transform_manifest.json
B,CWE121_Stack_Based_Buffer_Overflow/s01/CWE121_Stack_Based_Buffer_Overflow__CWE129_large_08.c,131,goodB2G2,clamp_good_goodB2G2_131,clamp_good_goodB2G2_131,sanitizer,CWE121,08,c,/Users/saqif/Desktop/UCSB/ucsb_classes/w26/cs293G/joern/benchmarks/juliet/manifests/stage_b_clamp_transform_manifest.json
B,CWE121_Stack_Based_Buffer_Overflow/s01/CWE121_Stack_Based_Buffer_Overflow__CWE129_large_09.c,41,CWE121_Stack_Based_Buffer_Overflow__CWE129_large_09_bad,clamp_bad_CWE121_Stack_Based_Buffer_Overflow__CWE129_large_09_bad_41,clamp_bad_CWE121_Stack_Based_Buffer_Overflow__CWE129_large_09_bad_41,non_sanitizer,CWE121,09,c,/Users/saqif/Desktop/UCSB/ucsb_classes/w26/cs293G/joern/benchmarks/juliet/manifests/stage_b_clamp_transform_manifest.json
B,CWE121_Stack_Based_Buffer_Overflow/s01/CWE121_Stack_Based_Buffer_Overflow__CWE129_large_09.c,84,goodB2G1,clamp_good_goodB2G1_84,clamp_good_goodB2G1_84,sanitizer,CWE121,09,c,/Users/saqif/Desktop/UCSB/ucsb_classes/w26/cs293G/joern/benchmarks/juliet/manifests/stage_b_clamp_transform_manifest.json
B,CWE121_Stack_Based_Buffer_Overflow/s01/CWE121_Stack_Based_Buffer_Overflow__CWE129_large_09.c,118,goodB2G2,clamp_good_goodB2G2_118,clamp_good_goodB2G2_118,sanitizer,CWE121,09,c,/Users/saqif/Desktop/UCSB/ucsb_classes/w26/cs293G/joern/benchmarks/juliet/manifests/stage_b_clamp_transform_manifest.json
B,CWE121_Stack_Based_Buffer_Overflow/s01/CWE121_Stack_Based_Buffer_Overflow__CWE129_large_10.c,41,CWE121_Stack_Based_Buffer_Overflow__CWE129_large_10_bad,clamp_bad_CWE121_Stack_Based_Buffer_Overflow__CWE129_large_10_bad_41,clamp_bad_CWE121_Stack_Based_Buffer_Overflow__CWE129_large_10_bad_41,non_sanitizer,CWE121,10,c,/Users/saqif/Desktop/UCSB/ucsb_classes/w26/cs293G/joern/benchmarks/juliet/manifests/stage_b_clamp_transform_manifest.json
B,CWE121_Stack_Based_Buffer_Overflow/s01/CWE121_Stack_Based_Buffer_Overflow__CWE129_large_10.c,84,goodB2G1,clamp_good_goodB2G1_84,clamp_good_goodB2G1_84,sanitizer,CWE121,10,c,/Users/saqif/Desktop/UCSB/ucsb_classes/w26/cs293G/joern/benchmarks/juliet/manifests/stage_b_clamp_transform_manifest.json
B,CWE121_Stack_Based_Buffer_Overflow/s01/CWE121_Stack_Based_Buffer_Overflow__CWE129_large_10.c,118,goodB2G2,clamp_good_goodB2G2_118,clamp_good_goodB2G2_118,sanitizer,CWE121,10,c,/Users/saqif/Desktop/UCSB/ucsb_classes/w26/cs293G/joern/benchmarks/juliet/manifests/stage_b_clamp_transform_manifest.json
B,CWE121_Stack_Based_Buffer_Overflow/s01/CWE121_Stack_Based_Buffer_Overflow__CWE129_large_11.c,41,CWE121_Stack_Based_Buffer_Overflow__CWE129_large_11_bad,clamp_bad_CWE121_Stack_Based_Buffer_Overflow__CWE129_large_11_bad_41,clamp_bad_CWE121_Stack_Based_Buffer_Overflow__CWE129_large_11_bad_41,non_sanitizer,CWE121,11,c,/Users/saqif/Desktop/UCSB/ucsb_classes/w26/cs293G/joern/benchmarks/juliet/manifests/stage_b_clamp_transform_manifest.json
B,CWE121_Stack_Based_Buffer_Overflow/s01/CWE121_Stack_Based_Buffer_Overflow__CWE129_large_11.c,84,goodB2G1,clamp_good_goodB2G1_84,clamp_good_goodB2G1_84,sanitizer,CWE121,11,c,/Users/saqif/Desktop/UCSB/ucsb_classes/w26/cs293G/joern/benchmarks/juliet/manifests/stage_b_clamp_transform_manifest.json
B,CWE121_Stack_Based_Buffer_Overflow/s01/CWE121_Stack_Based_Buffer_Overflow__CWE129_large_11.c,118,goodB2G2,clamp_good_goodB2G2_118,clamp_good_goodB2G2_118,sanitizer,CWE121,11,c,/Users/saqif/Desktop/UCSB/ucsb_classes/w26/cs293G/joern/benchmarks/juliet/manifests/stage_b_clamp_transform_manifest.json
B,CWE121_Stack_Based_Buffer_Overflow/s01/CWE121_Stack_Based_Buffer_Overflow__CWE129_large_12.c,47,CWE121_Stack_Based_Buffer_Overflow__CWE129_large_12_bad,clamp_bad_CWE121_Stack_Based_Buffer_Overflow__CWE129_large_12_bad_47,clamp_bad_CWE121_Stack_Based_Buffer_Overflow__CWE129_large_12_bad_47,non_sanitizer,CWE121,12,c,/Users/saqif/Desktop/UCSB/ucsb_classes/w26/cs293G/joern/benchmarks/juliet/manifests/stage_b_clamp_transform_manifest.json
B,CWE121_Stack_Based_Buffer_Overflow/s01/CWE121_Stack_Based_Buffer_Overflow__CWE129_large_12.c,113,goodB2G,clamp_good_goodB2G_113,clamp_good_goodB2G_113,sanitizer,CWE121,12,c,/Users/saqif/Desktop/UCSB/ucsb_classes/w26/cs293G/joern/benchmarks/juliet/manifests/stage_b_clamp_transform_manifest.json
B,CWE121_Stack_Based_Buffer_Overflow/s01/CWE121_Stack_Based_Buffer_Overflow__CWE129_large_13.c,41,CWE121_Stack_Based_Buffer_Overflow__CWE129_large_13_bad,clamp_bad_CWE121_Stack_Based_Buffer_Overflow__CWE129_large_13_bad_41,clamp_bad_CWE121_Stack_Based_Buffer_Overflow__CWE129_large_13_bad_41,non_sanitizer,CWE121,13,c,/Users/saqif/Desktop/UCSB/ucsb_classes/w26/cs293G/joern/benchmarks/juliet/manifests/stage_b_clamp_transform_manifest.json
B,CWE121_Stack_Based_Buffer_Overflow/s01/CWE121_Stack_Based_Buffer_Overflow__CWE129_large_13.c,84,goodB2G1,clamp_good_goodB2G1_84,clamp_good_goodB2G1_84,sanitizer,CWE121,13,c,/Users/saqif/Desktop/UCSB/ucsb_classes/w26/cs293G/joern/benchmarks/juliet/manifests/stage_b_clamp_transform_manifest.json
B,CWE121_Stack_Based_Buffer_Overflow/s01/CWE121_Stack_Based_Buffer_Overflow__CWE129_large_13.c,118,goodB2G2,clamp_good_goodB2G2_118,clamp_good_goodB2G2_118,sanitizer,CWE121,13,c,/Users/saqif/Desktop/UCSB/ucsb_classes/w26/cs293G/joern/benchmarks/juliet/manifests/stage_b_clamp_transform_manifest.json
B,CWE121_Stack_Based_Buffer_Overflow/s01/CWE121_Stack_Based_Buffer_Overflow__CWE129_large_14.c,41,CWE121_Stack_Based_Buffer_Overflow__CWE129_large_14_bad,clamp_bad_CWE121_Stack_Based_Buffer_Overflow__CWE129_large_14_bad_41,clamp_bad_CWE121_Stack_Based_Buffer_Overflow__CWE129_large_14_bad_41,non_sanitizer,CWE121,14,c,/Users/saqif/Desktop/UCSB/ucsb_classes/w26/cs293G/joern/benchmarks/juliet/manifests/stage_b_clamp_transform_manifest.json
B,CWE121_Stack_Based_Buffer_Overflow/s01/CWE121_Stack_Based_Buffer_Overflow__CWE129_large_14.c,84,goodB2G1,clamp_good_goodB2G1_84,clamp_good_goodB2G1_84,sanitizer,CWE121,14,c,/Users/saqif/Desktop/UCSB/ucsb_classes/w26/cs293G/joern/benchmarks/juliet/manifests/stage_b_clamp_transform_manifest.json
B,CWE121_Stack_Based_Buffer_Overflow/s01/CWE121_Stack_Based_Buffer_Overflow__CWE129_large_14.c,118,goodB2G2,clamp_good_goodB2G2_118,clamp_good_goodB2G2_118,sanitizer,CWE121,14,c,/Users/saqif/Desktop/UCSB/ucsb_classes/w26/cs293G/joern/benchmarks/juliet/manifests/stage_b_clamp_transform_manifest.json
B,CWE121_Stack_Based_Buffer_Overflow/s01/CWE121_Stack_Based_Buffer_Overflow__CWE129_large_15.c,48,CWE121_Stack_Based_Buffer_Overflow__CWE129_large_15_bad,clamp_bad_CWE121_Stack_Based_Buffer_Overflow__CWE129_large_15_bad_48,clamp_bad_CWE121_Stack_Based_Buffer_Overflow__CWE129_large_15_bad_48,non_sanitizer,CWE121,15,c,/Users/saqif/Desktop/UCSB/ucsb_classes/w26/cs293G/joern/benchmarks/juliet/manifests/stage_b_clamp_transform_manifest.json
B,CWE121_Stack_Based_Buffer_Overflow/s01/CWE121_Stack_Based_Buffer_Overflow__CWE129_large_15.c,102,goodB2G1,clamp_good_goodB2G1_102,clamp_good_goodB2G1_102,sanitizer,CWE121,15,c,/Users/saqif/Desktop/UCSB/ucsb_classes/w26/cs293G/joern/benchmarks/juliet/manifests/stage_b_clamp_transform_manifest.json
B,CWE121_Stack_Based_Buffer_Overflow/s01/CWE121_Stack_Based_Buffer_Overflow__CWE129_large_15.c,144,goodB2G2,clamp_good_goodB2G2_144,clamp_good_goodB2G2_144,sanitizer,CWE121,15,c,/Users/saqif/Desktop/UCSB/ucsb_classes/w26/cs293G/joern/benchmarks/juliet/manifests/stage_b_clamp_transform_manifest.json
B,CWE121_Stack_Based_Buffer_Overflow/s01/CWE121_Stack_Based_Buffer_Overflow__CWE129_large_16.c,42,CWE121_Stack_Based_Buffer_Overflow__CWE129_large_16_bad,clamp_bad_CWE121_Stack_Based_Buffer_Overflow__CWE129_large_16_bad_42,clamp_bad_CWE121_Stack_Based_Buffer_Overflow__CWE129_large_16_bad_42,non_sanitizer,CWE121,16,c,/Users/saqif/Desktop/UCSB/ucsb_classes/w26/cs293G/joern/benchmarks/juliet/manifests/stage_b_clamp_transform_manifest.json
B,CWE121_Stack_Based_Buffer_Overflow/s01/CWE121_Stack_Based_Buffer_Overflow__CWE129_large_16.c,82,goodB2G,clamp_good_goodB2G_82,clamp_good_goodB2G_82,sanitizer,CWE121,16,c,/Users/saqif/Desktop/UCSB/ucsb_classes/w26/cs293G/joern/benchmarks/juliet/manifests/stage_b_clamp_transform_manifest.json
B,CWE121_Stack_Based_Buffer_Overflow/s01/CWE121_Stack_Based_Buffer_Overflow__CWE129_large_17.c,42,CWE121_Stack_Based_Buffer_Overflow__CWE129_large_17_bad,clamp_bad_CWE121_Stack_Based_Buffer_Overflow__CWE129_large_17_bad_42,clamp_bad_CWE121_Stack_Based_Buffer_Overflow__CWE129_large_17_bad_42,non_sanitizer,CWE121,17,c,/Users/saqif/Desktop/UCSB/ucsb_classes/w26/cs293G/joern/benchmarks/juliet/manifests/stage_b_clamp_transform_manifest.json
B,CWE121_Stack_Based_Buffer_Overflow/s01/CWE121_Stack_Based_Buffer_Overflow__CWE129_large_17.c,81,goodB2G,clamp_good_goodB2G_81,clamp_good_goodB2G_81,sanitizer,CWE121,17,c,/Users/saqif/Desktop/UCSB/ucsb_classes/w26/cs293G/joern/benchmarks/juliet/manifests/stage_b_clamp_transform_manifest.json
B,CWE121_Stack_Based_Buffer_Overflow/s01/CWE121_Stack_Based_Buffer_Overflow__CWE129_large_18.c,40,CWE121_Stack_Based_Buffer_Overflow__CWE129_large_18_bad,clamp_bad_CWE121_Stack_Based_Buffer_Overflow__CWE129_large_18_bad_40,clamp_bad_CWE121_Stack_Based_Buffer_Overflow__CWE129_large_18_bad_40,non_sanitizer,CWE121,18,c,/Users/saqif/Desktop/UCSB/ucsb_classes/w26/cs293G/joern/benchmarks/juliet/manifests/stage_b_clamp_transform_manifest.json
B,CWE121_Stack_Based_Buffer_Overflow/s01/CWE121_Stack_Based_Buffer_Overflow__CWE129_large_18.c,76,goodB2G,clamp_good_goodB2G_76,clamp_good_goodB2G_76,sanitizer,CWE121,18,c,/Users/saqif/Desktop/UCSB/ucsb_classes/w26/cs293G/joern/benchmarks/juliet/manifests/stage_b_clamp_transform_manifest.json
B,CWE121_Stack_Based_Buffer_Overflow/s01/CWE121_Stack_Based_Buffer_Overflow__CWE129_large_21.c,36,badSink,clamp_bad_badSink_36,clamp_bad_badSink_36,non_sanitizer,CWE121,21,c,/Users/saqif/Desktop/UCSB/ucsb_classes/w26/cs293G/joern/benchmarks/juliet/manifests/stage_b_clamp_transform_manifest.json
B,CWE121_Stack_Based_Buffer_Overflow/s01/CWE121_Stack_Based_Buffer_Overflow__CWE129_large_21.c,87,goodB2G1Sink,clamp_good_goodB2G1Sink_87,clamp_good_goodB2G1Sink_87,sanitizer,CWE121,21,c,/Users/saqif/Desktop/UCSB/ucsb_classes/w26/cs293G/joern/benchmarks/juliet/manifests/stage_b_clamp_transform_manifest.json
B,CWE121_Stack_Based_Buffer_Overflow/s01/CWE121_Stack_Based_Buffer_Overflow__CWE129_large_21.c,124,goodB2G2Sink,clamp_good_goodB2G2Sink_124,clamp_good_goodB2G2Sink_124,sanitizer,CWE121,21,c,/Users/saqif/Desktop/UCSB/ucsb_classes/w26/cs293G/joern/benchmarks/juliet/manifests/stage_b_clamp_transform_manifest.json
B,CWE121_Stack_Based_Buffer_Overflow/s01/CWE121_Stack_Based_Buffer_Overflow__CWE129_large_22b.c,76,CWE121_Stack_Based_Buffer_Overflow__CWE129_large_22_goodB2G1Sink,clamp_good_CWE121_Stack_Based_Buffer_Overflow__CWE129_large_22_goodB2G1Sink_76,clamp_good_CWE121_Stack_Based_Buffer_Overflow__CWE129_large_22_goodB2G1Sink_76,sanitizer,CWE121,22,c,/Users/saqif/Desktop/UCSB/ucsb_classes/w26/cs293G/joern/benchmarks/juliet/manifests/stage_b_clamp_transform_manifest.json
B,CWE121_Stack_Based_Buffer_Overflow/s01/CWE121_Stack_Based_Buffer_Overflow__CWE129_large_22b.c,102,CWE121_Stack_Based_Buffer_Overflow__CWE129_large_22_goodB2G2Sink,clamp_good_CWE121_Stack_Based_Buffer_Overflow__CWE129_large_22_goodB2G2Sink_102,clamp_good_CWE121_Stack_Based_Buffer_Overflow__CWE129_large_22_goodB2G2Sink_102,sanitizer,CWE121,22,c,/Users/saqif/Desktop/UCSB/ucsb_classes/w26/cs293G/joern/benchmarks/juliet/manifests/stage_b_clamp_transform_manifest.json
B,CWE121_Stack_Based_Buffer_Overflow/s01/CWE121_Stack_Based_Buffer_Overflow__CWE129_large_31.c,39,CWE121_Stack_Based_Buffer_Overflow__CWE129_large_31_bad,clamp_bad_CWE121_Stack_Based_Buffer_Overflow__CWE129_large_31_bad_39,clamp_bad_CWE121_Stack_Based_Buffer_Overflow__CWE129_large_31_bad_39,non_sanitizer,CWE121,31,c,/Users/saqif/Desktop/UCSB/ucsb_classes/w26/cs293G/joern/benchmarks/juliet/manifests/stage_b_clamp_transform_manifest.json
B,CWE121_Stack_Based_Buffer_Overflow/s01/CWE121_Stack_Based_Buffer_Overflow__CWE129_large_31.c,109,goodB2G,clamp_good_goodB2G_109,clamp_good_goodB2G_109,sanitizer,CWE121,31,c,/Users/saqif/Desktop/UCSB/ucsb_classes/w26/cs293G/joern/benchmarks/juliet/manifests/stage_b_clamp_transform_manifest.json
B,CWE121_Stack_Based_Buffer_Overflow/s01/CWE121_Stack_Based_Buffer_Overflow__CWE129_large_32.c,44,CWE121_Stack_Based_Buffer_Overflow__CWE129_large_32_bad,clamp_bad_CWE121_Stack_Based_Buffer_Overflow__CWE129_large_32_bad_44,clamp_bad_CWE121_Stack_Based_Buffer_Overflow__CWE129_large_32_bad_44,non_sanitizer,CWE121,32,c,/Users/saqif/Desktop/UCSB/ucsb_classes/w26/cs293G/joern/benchmarks/juliet/manifests/stage_b_clamp_transform_manifest.json
B,CWE121_Stack_Based_Buffer_Overflow/s01/CWE121_Stack_Based_Buffer_Overflow__CWE129_large_32.c,124,goodB2G,clamp_good_goodB2G_124,clamp_good_goodB2G_124,sanitizer,CWE121,32,c,/Users/saqif/Desktop/UCSB/ucsb_classes/w26/cs293G/joern/benchmarks/juliet/manifests/stage_b_clamp_transform_manifest.json
B,CWE121_Stack_Based_Buffer_Overflow/s01/CWE121_Stack_Based_Buffer_Overflow__CWE129_large_33.cpp,42,bad,clamp_bad_bad_42,clamp_bad_bad_42,non_sanitizer,CWE121,33,cpp,/Users/saqif/Desktop/UCSB/ucsb_classes/w26/cs293G/joern/benchmarks/juliet/manifests/stage_b_clamp_transform_manifest.json
B,CWE121_Stack_Based_Buffer_Overflow/s01/CWE121_Stack_Based_Buffer_Overflow__CWE129_large_33.cpp,112,goodB2G,clamp_good_goodB2G_112,clamp_good_goodB2G_112,sanitizer,CWE121,33,cpp,/Users/saqif/Desktop/UCSB/ucsb_classes/w26/cs293G/joern/benchmarks/juliet/manifests/stage_b_clamp_transform_manifest.json
B,CWE121_Stack_Based_Buffer_Overflow/s01/CWE121_Stack_Based_Buffer_Overflow__CWE129_large_34.c,46,CWE121_Stack_Based_Buffer_Overflow__CWE129_large_34_bad,clamp_bad_CWE121_Stack_Based_Buffer_Overflow__CWE129_large_34_bad_46,clamp_bad_CWE121_Stack_Based_Buffer_Overflow__CWE129_large_34_bad_46,non_sanitizer,CWE121,34,c,/Users/saqif/Desktop/UCSB/ucsb_classes/w26/cs293G/joern/benchmarks/juliet/manifests/stage_b_clamp_transform_manifest.json
B,CWE121_Stack_Based_Buffer_Overflow/s01/CWE121_Stack_Based_Buffer_Overflow__CWE129_large_34.c,118,goodB2G,clamp_good_goodB2G_118,clamp_good_goodB2G_118,sanitizer,CWE121,34,c,/Users/saqif/Desktop/UCSB/ucsb_classes/w26/cs293G/joern/benchmarks/juliet/manifests/stage_b_clamp_transform_manifest.json
B,CWE121_Stack_Based_Buffer_Overflow/s01/CWE121_Stack_Based_Buffer_Overflow__CWE129_large_41.c,31,badSink,clamp_bad_badSink_31,clamp_bad_badSink_31,non_sanitizer,CWE121,41,c,/Users/saqif/Desktop/UCSB/ucsb_classes/w26/cs293G/joern/benchmarks/juliet/manifests/stage_b_clamp_transform_manifest.json
B,CWE121_Stack_Based_Buffer_Overflow/s01/CWE121_Stack_Based_Buffer_Overflow__CWE129_large_41.c,103,goodB2GSink,clamp_good_goodB2GSink_103,clamp_good_goodB2GSink_103,sanitizer,CWE121,41,c,/Users/saqif/Desktop/UCSB/ucsb_classes/w26/cs293G/joern/benchmarks/juliet/manifests/stage_b_clamp_transform_manifest.json
B,CWE121_Stack_Based_Buffer_Overflow/s01/CWE121_Stack_Based_Buffer_Overflow__CWE129_large_42.c,42,CWE121_Stack_Based_Buffer_Overflow__CWE129_large_42_bad,clamp_bad_CWE121_Stack_Based_Buffer_Overflow__CWE129_large_42_bad_42,clamp_bad_CWE121_Stack_Based_Buffer_Overflow__CWE129_large_42_bad_42,non_sanitizer,CWE121,42,c,/Users/saqif/Desktop/UCSB/ucsb_classes/w26/cs293G/joern/benchmarks/juliet/manifests/stage_b_clamp_transform_manifest.json
B,CWE121_Stack_Based_Buffer_Overflow/s01/CWE121_Stack_Based_Buffer_Overflow__CWE129_large_42.c,116,goodB2G,clamp_good_goodB2G_116,clamp_good_goodB2G_116,sanitizer,CWE121,42,c,/Users/saqif/Desktop/UCSB/ucsb_classes/w26/cs293G/joern/benchmarks/juliet/manifests/stage_b_clamp_transform_manifest.json
B,CWE121_Stack_Based_Buffer_Overflow/s01/CWE121_Stack_Based_Buffer_Overflow__CWE129_large_43.cpp,44,bad,clamp_bad_bad_44,clamp_bad_bad_44,non_sanitizer,CWE121,43,cpp,/Users/saqif/Desktop/UCSB/ucsb_classes/w26/cs293G/joern/benchmarks/juliet/manifests/stage_b_clamp_transform_manifest.json
B,CWE121_Stack_Based_Buffer_Overflow/s01/CWE121_Stack_Based_Buffer_Overflow__CWE129_large_43.cpp,116,goodB2G,clamp_good_goodB2G_116,clamp_good_goodB2G_116,sanitizer,CWE121,43,cpp,/Users/saqif/Desktop/UCSB/ucsb_classes/w26/cs293G/joern/benchmarks/juliet/manifests/stage_b_clamp_transform_manifest.json
B,CWE121_Stack_Based_Buffer_Overflow/s01/CWE121_Stack_Based_Buffer_Overflow__CWE129_large_44.c,31,badSink,clamp_bad_badSink_31,clamp_bad_badSink_31,non_sanitizer,CWE121,44,c,/Users/saqif/Desktop/UCSB/ucsb_classes/w26/cs293G/joern/benchmarks/juliet/manifests/stage_b_clamp_transform_manifest.json
B,CWE121_Stack_Based_Buffer_Overflow/s01/CWE121_Stack_Based_Buffer_Overflow__CWE129_large_44.c,107,goodB2GSink,clamp_good_goodB2GSink_107,clamp_good_goodB2GSink_107,sanitizer,CWE121,44,c,/Users/saqif/Desktop/UCSB/ucsb_classes/w26/cs293G/joern/benchmarks/juliet/manifests/stage_b_clamp_transform_manifest.json
B,CWE121_Stack_Based_Buffer_Overflow/s01/CWE121_Stack_Based_Buffer_Overflow__CWE129_large_45.c,36,badSink,clamp_bad_badSink_36,clamp_bad_badSink_36,non_sanitizer,CWE121,45,c,/Users/saqif/Desktop/UCSB/ucsb_classes/w26/cs293G/joern/benchmarks/juliet/manifests/stage_b_clamp_transform_manifest.json
B,CWE121_Stack_Based_Buffer_Overflow/s01/CWE121_Stack_Based_Buffer_Overflow__CWE129_large_45.c,112,goodB2GSink,clamp_good_goodB2GSink_112,clamp_good_goodB2GSink_112,sanitizer,CWE121,45,c,/Users/saqif/Desktop/UCSB/ucsb_classes/w26/cs293G/joern/benchmarks/juliet/manifests/stage_b_clamp_transform_manifest.json
B,CWE121_Stack_Based_Buffer_Overflow/s01/CWE121_Stack_Based_Buffer_Overflow__CWE129_listen_socket_21.c,58,badSink,clamp_bad_badSink_58,clamp_bad_badSink_58,non_sanitizer,CWE121,21,c,/Users/saqif/Desktop/UCSB/ucsb_classes/w26/cs293G/joern/benchmarks/juliet/manifests/stage_b_clamp_transform_manifest.json
B,CWE121_Stack_Based_Buffer_Overflow/s01/CWE121_Stack_Based_Buffer_Overflow__CWE129_listen_socket_21.c,176,goodB2G1Sink,clamp_good_goodB2G1Sink_176,clamp_good_goodB2G1Sink_176,sanitizer,CWE121,21,c,/Users/saqif/Desktop/UCSB/ucsb_classes/w26/cs293G/joern/benchmarks/juliet/manifests/stage_b_clamp_transform_manifest.json
B,CWE121_Stack_Based_Buffer_Overflow/s01/CWE121_Stack_Based_Buffer_Overflow__CWE129_listen_socket_21.c,280,goodB2G2Sink,clamp_good_goodB2G2Sink_280,clamp_good_goodB2G2Sink_280,sanitizer,CWE121,21,c,/Users/saqif/Desktop/UCSB/ucsb_classes/w26/cs293G/joern/benchmarks/juliet/manifests/stage_b_clamp_transform_manifest.json
B,CWE121_Stack_Based_Buffer_Overflow/s01/CWE121_Stack_Based_Buffer_Overflow__CWE129_listen_socket_22b.c,76,CWE121_Stack_Based_Buffer_Overflow__CWE129_listen_socket_22_goodB2G1Sink,clamp_good_CWE121_Stack_Based_Buffer_Overflow__CWE129_listen_socket_22_goodB2G1Sink_76,clamp_good_CWE121_Stack_Based_Buffer_Overflow__CWE129_listen_socket_22_goodB2G1Sink_76,sanitizer,CWE121,22,c,/Users/saqif/Desktop/UCSB/ucsb_classes/w26/cs293G/joern/benchmarks/juliet/manifests/stage_b_clamp_transform_manifest.json
B,CWE121_Stack_Based_Buffer_Overflow/s01/CWE121_Stack_Based_Buffer_Overflow__CWE129_listen_socket_22b.c,102,CWE121_Stack_Based_Buffer_Overflow__CWE129_listen_socket_22_goodB2G2Sink,clamp_good_CWE121_Stack_Based_Buffer_Overflow__CWE129_listen_socket_22_goodB2G2Sink_102,clamp_good_CWE121_Stack_Based_Buffer_Overflow__CWE129_listen_socket_22_goodB2G2Sink_102,sanitizer,CWE121,22,c,/Users/saqif/Desktop/UCSB/ucsb_classes/w26/cs293G/joern/benchmarks/juliet/manifests/stage_b_clamp_transform_manifest.json
B,CWE121_Stack_Based_Buffer_Overflow/s01/CWE121_Stack_Based_Buffer_Overflow__CWE129_listen_socket_41.c,53,badSink,clamp_bad_badSink_53,clamp_bad_badSink_53,non_sanitizer,CWE121,41,c,/Users/saqif/Desktop/UCSB/ucsb_classes/w26/cs293G/joern/benchmarks/juliet/manifests/stage_b_clamp_transform_manifest.json
B,CWE121_Stack_Based_Buffer_Overflow/s01/CWE121_Stack_Based_Buffer_Overflow__CWE129_listen_socket_41.c,192,goodB2GSink,clamp_good_goodB2GSink_192,clamp_good_goodB2GSink_192,sanitizer,CWE121,41,c,/Users/saqif/Desktop/UCSB/ucsb_classes/w26/cs293G/joern/benchmarks/juliet/manifests/stage_b_clamp_transform_manifest.json
B,CWE121_Stack_Based_Buffer_Overflow/s01/CWE121_Stack_Based_Buffer_Overflow__CWE129_listen_socket_42.c,131,CWE121_Stack_Based_Buffer_Overflow__CWE129_listen_socket_42_bad,clamp_bad_CWE121_Stack_Based_Buffer_Overflow__CWE129_listen_socket_42_bad_131,clamp_bad_CWE121_Stack_Based_Buffer_Overflow__CWE129_listen_socket_42_bad_131,non_sanitizer,CWE121,42,c,/Users/saqif/Desktop/UCSB/ucsb_classes/w26/cs293G/joern/benchmarks/juliet/manifests/stage_b_clamp_transform_manifest.json
B,CWE121_Stack_Based_Buffer_Overflow/s01/CWE121_Stack_Based_Buffer_Overflow__CWE129_listen_socket_42.c,272,goodB2G,clamp_good_goodB2G_272,clamp_good_goodB2G_272,sanitizer,CWE121,42,c,/Users/saqif/Desktop/UCSB/ucsb_classes/w26/cs293G/joern/benchmarks/juliet/manifests/stage_b_clamp_transform_manifest.json
B,CWE121_Stack_Based_Buffer_Overflow/s01/CWE121_Stack_Based_Buffer_Overflow__CWE129_listen_socket_43.cpp,133,bad,clamp_bad_bad_133,clamp_bad_bad_133,non_sanitizer,CWE121,43,cpp,/Users/saqif/Desktop/UCSB/ucsb_classes/w26/cs293G/joern/benchmarks/juliet/manifests/stage_b_clamp_transform_manifest.json
B,CWE121_Stack_Based_Buffer_Overflow/s01/CWE121_Stack_Based_Buffer_Overflow__CWE129_listen_socket_43.cpp,272,goodB2G,clamp_good_goodB2G_272,clamp_good_goodB2G_272,sanitizer,CWE121,43,cpp,/Users/saqif/Desktop/UCSB/ucsb_classes/w26/cs293G/joern/benchmarks/juliet/manifests/stage_b_clamp_transform_manifest.json
B,CWE121_Stack_Based_Buffer_Overflow/s01/CWE121_Stack_Based_Buffer_Overflow__CWE129_listen_socket_44.c,53,badSink,clamp_bad_badSink_53,clamp_bad_badSink_53,non_sanitizer,CWE121,44,c,/Users/saqif/Desktop/UCSB/ucsb_classes/w26/cs293G/joern/benchmarks/juliet/manifests/stage_b_clamp_transform_manifest.json
B,CWE121_Stack_Based_Buffer_Overflow/s01/CWE121_Stack_Based_Buffer_Overflow__CWE129_listen_socket_44.c,196,goodB2GSink,clamp_good_goodB2GSink_196,clamp_good_goodB2GSink_196,sanitizer,CWE121,44,c,/Users/saqif/Desktop/UCSB/ucsb_classes/w26/cs293G/joern/benchmarks/juliet/manifests/stage_b_clamp_transform_manifest.json
B,CWE121_Stack_Based_Buffer_Overflow/s01/CWE121_Stack_Based_Buffer_Overflow__CWE129_listen_socket_45.c,58,badSink,clamp_bad_badSink_58,clamp_bad_badSink_58,non_sanitizer,CWE121,45,c,/Users/saqif/Desktop/UCSB/ucsb_classes/w26/cs293G/joern/benchmarks/juliet/manifests/stage_b_clamp_transform_manifest.json
B,CWE121_Stack_Based_Buffer_Overflow/s01/CWE121_Stack_Based_Buffer_Overflow__CWE129_listen_socket_45.c,201,goodB2GSink,clamp_good_goodB2GSink_201,clamp_good_goodB2GSink_201,sanitizer,CWE121,45,c,/Users/saqif/Desktop/UCSB/ucsb_classes/w26/cs293G/joern/benchmarks/juliet/manifests/stage_b_clamp_transform_manifest.json
B,CWE121_Stack_Based_Buffer_Overflow/s01/CWE121_Stack_Based_Buffer_Overflow__CWE129_rand_02.c,41,CWE121_Stack_Based_Buffer_Overflow__CWE129_rand_02_bad,clamp_bad_CWE121_Stack_Based_Buffer_Overflow__CWE129_rand_02_bad_41,clamp_bad_CWE121_Stack_Based_Buffer_Overflow__CWE129_rand_02_bad_41,non_sanitizer,CWE121,02,c,/Users/saqif/Desktop/UCSB/ucsb_classes/w26/cs293G/joern/benchmarks/juliet/manifests/stage_b_clamp_transform_manifest.json
B,CWE121_Stack_Based_Buffer_Overflow/s01/CWE121_Stack_Based_Buffer_Overflow__CWE129_rand_02.c,84,goodB2G1,clamp_good_goodB2G1_84,clamp_good_goodB2G1_84,sanitizer,CWE121,02,c,/Users/saqif/Desktop/UCSB/ucsb_classes/w26/cs293G/joern/benchmarks/juliet/manifests/stage_b_clamp_transform_manifest.json
B,CWE121_Stack_Based_Buffer_Overflow/s01/CWE121_Stack_Based_Buffer_Overflow__CWE129_rand_02.c,118,goodB2G2,clamp_good_goodB2G2_118,clamp_good_goodB2G2_118,sanitizer,CWE121,02,c,/Users/saqif/Desktop/UCSB/ucsb_classes/w26/cs293G/joern/benchmarks/juliet/manifests/stage_b_clamp_transform_manifest.json
B,CWE121_Stack_Based_Buffer_Overflow/s01/CWE121_Stack_Based_Buffer_Overflow__CWE129_rand_03.c,41,CWE121_Stack_Based_Buffer_Overflow__CWE129_rand_03_bad,clamp_bad_CWE121_Stack_Based_Buffer_Overflow__CWE129_rand_03_bad_41,clamp_bad_CWE121_Stack_Based_Buffer_Overflow__CWE129_rand_03_bad_41,non_sanitizer,CWE121,03,c,/Users/saqif/Desktop/UCSB/ucsb_classes/w26/cs293G/joern/benchmarks/juliet/manifests/stage_b_clamp_transform_manifest.json
B,CWE121_Stack_Based_Buffer_Overflow/s01/CWE121_Stack_Based_Buffer_Overflow__CWE129_rand_03.c,84,goodB2G1,clamp_good_goodB2G1_84,clamp_good_goodB2G1_84,sanitizer,CWE121,03,c,/Users/saqif/Desktop/UCSB/ucsb_classes/w26/cs293G/joern/benchmarks/juliet/manifests/stage_b_clamp_transform_manifest.json
B,CWE121_Stack_Based_Buffer_Overflow/s01/CWE121_Stack_Based_Buffer_Overflow__CWE129_rand_03.c,118,goodB2G2,clamp_good_goodB2G2_118,clamp_good_goodB2G2_118,sanitizer,CWE121,03,c,/Users/saqif/Desktop/UCSB/ucsb_classes/w26/cs293G/joern/benchmarks/juliet/manifests/stage_b_clamp_transform_manifest.json
B,CWE121_Stack_Based_Buffer_Overflow/s01/CWE121_Stack_Based_Buffer_Overflow__CWE129_rand_04.c,47,CWE121_Stack_Based_Buffer_Overflow__CWE129_rand_04_bad,clamp_bad_CWE121_Stack_Based_Buffer_Overflow__CWE129_rand_04_bad_47,clamp_bad_CWE121_Stack_Based_Buffer_Overflow__CWE129_rand_04_bad_47,non_sanitizer,CWE121,04,c,/Users/saqif/Desktop/UCSB/ucsb_classes/w26/cs293G/joern/benchmarks/juliet/manifests/stage_b_clamp_transform_manifest.json
B,CWE121_Stack_Based_Buffer_Overflow/s01/CWE121_Stack_Based_Buffer_Overflow__CWE129_rand_04.c,90,goodB2G1,clamp_good_goodB2G1_90,clamp_good_goodB2G1_90,sanitizer,CWE121,04,c,/Users/saqif/Desktop/UCSB/ucsb_classes/w26/cs293G/joern/benchmarks/juliet/manifests/stage_b_clamp_transform_manifest.json
B,CWE121_Stack_Based_Buffer_Overflow/s01/CWE121_Stack_Based_Buffer_Overflow__CWE129_rand_04.c,124,goodB2G2,clamp_good_goodB2G2_124,clamp_good_goodB2G2_124,sanitizer,CWE121,04,c,/Users/saqif/Desktop/UCSB/ucsb_classes/w26/cs293G/joern/benchmarks/juliet/manifests/stage_b_clamp_transform_manifest.json
B,CWE121_Stack_Based_Buffer_Overflow/s01/CWE121_Stack_Based_Buffer_Overflow__CWE129_rand_05.c,47,CWE121_Stack_Based_Buffer_Overflow__CWE129_rand_05_bad,clamp_bad_CWE121_Stack_Based_Buffer_Overflow__CWE129_rand_05_bad_47,clamp_bad_CWE121_Stack_Based_Buffer_Overflow__CWE129_rand_05_bad_47,non_sanitizer,CWE121,05,c,/Users/saqif/Desktop/UCSB/ucsb_classes/w26/cs293G/joern/benchmarks/juliet/manifests/stage_b_clamp_transform_manifest.json
B,CWE121_Stack_Based_Buffer_Overflow/s01/CWE121_Stack_Based_Buffer_Overflow__CWE129_rand_05.c,90,goodB2G1,clamp_good_goodB2G1_90,clamp_good_goodB2G1_90,sanitizer,CWE121,05,c,/Users/saqif/Desktop/UCSB/ucsb_classes/w26/cs293G/joern/benchmarks/juliet/manifests/stage_b_clamp_transform_manifest.json
B,CWE121_Stack_Based_Buffer_Overflow/s01/CWE121_Stack_Based_Buffer_Overflow__CWE129_rand_05.c,124,goodB2G2,clamp_good_goodB2G2_124,clamp_good_goodB2G2_124,sanitizer,CWE121,05,c,/Users/saqif/Desktop/UCSB/ucsb_classes/w26/cs293G/joern/benchmarks/juliet/manifests/stage_b_clamp_transform_manifest.json
B,CWE121_Stack_Based_Buffer_Overflow/s01/CWE121_Stack_Based_Buffer_Overflow__CWE129_rand_06.c,46,CWE121_Stack_Based_Buffer_Overflow__CWE129_rand_06_bad,clamp_bad_CWE121_Stack_Based_Buffer_Overflow__CWE129_rand_06_bad_46,clamp_bad_CWE121_Stack_Based_Buffer_Overflow__CWE129_rand_06_bad_46,non_sanitizer,CWE121,06,c,/Users/saqif/Desktop/UCSB/ucsb_classes/w26/cs293G/joern/benchmarks/juliet/manifests/stage_b_clamp_transform_manifest.json
B,CWE121_Stack_Based_Buffer_Overflow/s01/CWE121_Stack_Based_Buffer_Overflow__CWE129_rand_06.c,89,goodB2G1,clamp_good_goodB2G1_89,clamp_good_goodB2G1_89,sanitizer,CWE121,06,c,/Users/saqif/Desktop/UCSB/ucsb_classes/w26/cs293G/joern/benchmarks/juliet/manifests/stage_b_clamp_transform_manifest.json
B,CWE121_Stack_Based_Buffer_Overflow/s01/CWE121_Stack_Based_Buffer_Overflow__CWE129_rand_06.c,123,goodB2G2,clamp_good_goodB2G2_123,clamp_good_goodB2G2_123,sanitizer,CWE121,06,c,/Users/saqif/Desktop/UCSB/ucsb_classes/w26/cs293G/joern/benchmarks/juliet/manifests/stage_b_clamp_transform_manifest.json
B,CWE121_Stack_Based_Buffer_Overflow/s01/CWE121_Stack_Based_Buffer_Overflow__CWE129_rand_07.c,46,CWE121_Stack_Based_Buffer_Overflow__CWE129_rand_07_bad,clamp_bad_CWE121_Stack_Based_Buffer_Overflow__CWE129_rand_07_bad_46,clamp_bad_CWE121_Stack_Based_Buffer_Overflow__CWE129_rand_07_bad_46,non_sanitizer,CWE121,07,c,/Users/saqif/Desktop/UCSB/ucsb_classes/w26/cs293G/joern/benchmarks/juliet/manifests/stage_b_clamp_transform_manifest.json
B,CWE121_Stack_Based_Buffer_Overflow/s01/CWE121_Stack_Based_Buffer_Overflow__CWE129_rand_07.c,89,goodB2G1,clamp_good_goodB2G1_89,clamp_good_goodB2G1_89,sanitizer,CWE121,07,c,/Users/saqif/Desktop/UCSB/ucsb_classes/w26/cs293G/joern/benchmarks/juliet/manifests/stage_b_clamp_transform_manifest.json
B,CWE121_Stack_Based_Buffer_Overflow/s01/CWE121_Stack_Based_Buffer_Overflow__CWE129_rand_07.c,123,goodB2G2,clamp_good_goodB2G2_123,clamp_good_goodB2G2_123,sanitizer,CWE121,07,c,/Users/saqif/Desktop/UCSB/ucsb_classes/w26/cs293G/joern/benchmarks/juliet/manifests/stage_b_clamp_transform_manifest.json
B,CWE121_Stack_Based_Buffer_Overflow/s01/CWE121_Stack_Based_Buffer_Overflow__CWE129_rand_08.c,54,CWE121_Stack_Based_Buffer_Overflow__CWE129_rand_08_bad,clamp_bad_CWE121_Stack_Based_Buffer_Overflow__CWE129_rand_08_bad_54,clamp_bad_CWE121_Stack_Based_Buffer_Overflow__CWE129_rand_08_bad_54,non_sanitizer,CWE121,08,c,/Users/saqif/Desktop/UCSB/ucsb_classes/w26/cs293G/joern/benchmarks/juliet/manifests/stage_b_clamp_transform_manifest.json
B,CWE121_Stack_Based_Buffer_Overflow/s01/CWE121_Stack_Based_Buffer_Overflow__CWE129_rand_08.c,97,goodB2G1,clamp_good_goodB2G1_97,clamp_good_goodB2G1_97,sanitizer,CWE121,08,c,/Users/saqif/Desktop/UCSB/ucsb_classes/w26/cs293G/joern/benchmarks/juliet/manifests/stage_b_clamp_transform_manifest.json
B,CWE121_Stack_Based_Buffer_Overflow/s01/CWE121_Stack_Based_Buffer_Overflow__CWE129_rand_08.c,131,goodB2G2,clamp_good_goodB2G2_131,clamp_good_goodB2G2_131,sanitizer,CWE121,08,c,/Users/saqif/Desktop/UCSB/ucsb_classes/w26/cs293G/joern/benchmarks/juliet/manifests/stage_b_clamp_transform_manifest.json
B,CWE121_Stack_Based_Buffer_Overflow/s01/CWE121_Stack_Based_Buffer_Overflow__CWE129_rand_09.c,41,CWE121_Stack_Based_Buffer_Overflow__CWE129_rand_09_bad,clamp_bad_CWE121_Stack_Based_Buffer_Overflow__CWE129_rand_09_bad_41,clamp_bad_CWE121_Stack_Based_Buffer_Overflow__CWE129_rand_09_bad_41,non_sanitizer,CWE121,09,c,/Users/saqif/Desktop/UCSB/ucsb_classes/w26/cs293G/joern/benchmarks/juliet/manifests/stage_b_clamp_transform_manifest.json
B,CWE121_Stack_Based_Buffer_Overflow/s01/CWE121_Stack_Based_Buffer_Overflow__CWE129_rand_09.c,84,goodB2G1,clamp_good_goodB2G1_84,clamp_good_goodB2G1_84,sanitizer,CWE121,09,c,/Users/saqif/Desktop/UCSB/ucsb_classes/w26/cs293G/joern/benchmarks/juliet/manifests/stage_b_clamp_transform_manifest.json
B,CWE121_Stack_Based_Buffer_Overflow/s01/CWE121_Stack_Based_Buffer_Overflow__CWE129_rand_09.c,118,goodB2G2,clamp_good_goodB2G2_118,clamp_good_goodB2G2_118,sanitizer,CWE121,09,c,/Users/saqif/Desktop/UCSB/ucsb_classes/w26/cs293G/joern/benchmarks/juliet/manifests/stage_b_clamp_transform_manifest.json
B,CWE121_Stack_Based_Buffer_Overflow/s01/CWE121_Stack_Based_Buffer_Overflow__CWE129_rand_10.c,41,CWE121_Stack_Based_Buffer_Overflow__CWE129_rand_10_bad,clamp_bad_CWE121_Stack_Based_Buffer_Overflow__CWE129_rand_10_bad_41,clamp_bad_CWE121_Stack_Based_Buffer_Overflow__CWE129_rand_10_bad_41,non_sanitizer,CWE121,10,c,/Users/saqif/Desktop/UCSB/ucsb_classes/w26/cs293G/joern/benchmarks/juliet/manifests/stage_b_clamp_transform_manifest.json
B,CWE121_Stack_Based_Buffer_Overflow/s01/CWE121_Stack_Based_Buffer_Overflow__CWE129_rand_10.c,84,goodB2G1,clamp_good_goodB2G1_84,clamp_good_goodB2G1_84,sanitizer,CWE121,10,c,/Users/saqif/Desktop/UCSB/ucsb_classes/w26/cs293G/joern/benchmarks/juliet/manifests/stage_b_clamp_transform_manifest.json
B,CWE121_Stack_Based_Buffer_Overflow/s01/CWE121_Stack_Based_Buffer_Overflow__CWE129_rand_10.c,118,goodB2G2,clamp_good_goodB2G2_118,clamp_good_goodB2G2_118,sanitizer,CWE121,10,c,/Users/saqif/Desktop/UCSB/ucsb_classes/w26/cs293G/joern/benchmarks/juliet/manifests/stage_b_clamp_transform_manifest.json
B,CWE121_Stack_Based_Buffer_Overflow/s01/CWE121_Stack_Based_Buffer_Overflow__CWE129_rand_11.c,41,CWE121_Stack_Based_Buffer_Overflow__CWE129_rand_11_bad,clamp_bad_CWE121_Stack_Based_Buffer_Overflow__CWE129_rand_11_bad_41,clamp_bad_CWE121_Stack_Based_Buffer_Overflow__CWE129_rand_11_bad_41,non_sanitizer,CWE121,11,c,/Users/saqif/Desktop/UCSB/ucsb_classes/w26/cs293G/joern/benchmarks/juliet/manifests/stage_b_clamp_transform_manifest.json
B,CWE121_Stack_Based_Buffer_Overflow/s01/CWE121_Stack_Based_Buffer_Overflow__CWE129_rand_11.c,84,goodB2G1,clamp_good_goodB2G1_84,clamp_good_goodB2G1_84,sanitizer,CWE121,11,c,/Users/saqif/Desktop/UCSB/ucsb_classes/w26/cs293G/joern/benchmarks/juliet/manifests/stage_b_clamp_transform_manifest.json
B,CWE121_Stack_Based_Buffer_Overflow/s01/CWE121_Stack_Based_Buffer_Overflow__CWE129_rand_11.c,118,goodB2G2,clamp_good_goodB2G2_118,clamp_good_goodB2G2_118,sanitizer,CWE121,11,c,/Users/saqif/Desktop/UCSB/ucsb_classes/w26/cs293G/joern/benchmarks/juliet/manifests/stage_b_clamp_transform_manifest.json
B,CWE121_Stack_Based_Buffer_Overflow/s01/CWE121_Stack_Based_Buffer_Overflow__CWE129_rand_12.c,47,CWE121_Stack_Based_Buffer_Overflow__CWE129_rand_12_bad,clamp_bad_CWE121_Stack_Based_Buffer_Overflow__CWE129_rand_12_bad_47,clamp_bad_CWE121_Stack_Based_Buffer_Overflow__CWE129_rand_12_bad_47,non_sanitizer,CWE121,12,c,/Users/saqif/Desktop/UCSB/ucsb_classes/w26/cs293G/joern/benchmarks/juliet/manifests/stage_b_clamp_transform_manifest.json
B,CWE121_Stack_Based_Buffer_Overflow/s01/CWE121_Stack_Based_Buffer_Overflow__CWE129_rand_12.c,113,goodB2G,clamp_good_goodB2G_113,clamp_good_goodB2G_113,sanitizer,CWE121,12,c,/Users/saqif/Desktop/UCSB/ucsb_classes/w26/cs293G/joern/benchmarks/juliet/manifests/stage_b_clamp_transform_manifest.json
B,CWE121_Stack_Based_Buffer_Overflow/s01/CWE121_Stack_Based_Buffer_Overflow__CWE129_rand_13.c,41,CWE121_Stack_Based_Buffer_Overflow__CWE129_rand_13_bad,clamp_bad_CWE121_Stack_Based_Buffer_Overflow__CWE129_rand_13_bad_41,clamp_bad_CWE121_Stack_Based_Buffer_Overflow__CWE129_rand_13_bad_41,non_sanitizer,CWE121,13,c,/Users/saqif/Desktop/UCSB/ucsb_classes/w26/cs293G/joern/benchmarks/juliet/manifests/stage_b_clamp_transform_manifest.json
B,CWE121_Stack_Based_Buffer_Overflow/s01/CWE121_Stack_Based_Buffer_Overflow__CWE129_rand_13.c,84,goodB2G1,clamp_good_goodB2G1_84,clamp_good_goodB2G1_84,sanitizer,CWE121,13,c,/Users/saqif/Desktop/UCSB/ucsb_classes/w26/cs293G/joern/benchmarks/juliet/manifests/stage_b_clamp_transform_manifest.json
B,CWE121_Stack_Based_Buffer_Overflow/s01/CWE121_Stack_Based_Buffer_Overflow__CWE129_rand_13.c,118,goodB2G2,clamp_good_goodB2G2_118,clamp_good_goodB2G2_118,sanitizer,CWE121,13,c,/Users/saqif/Desktop/UCSB/ucsb_classes/w26/cs293G/joern/benchmarks/juliet/manifests/stage_b_clamp_transform_manifest.json
B,CWE121_Stack_Based_Buffer_Overflow/s01/CWE121_Stack_Based_Buffer_Overflow__CWE129_rand_14.c,41,CWE121_Stack_Based_Buffer_Overflow__CWE129_rand_14_bad,clamp_bad_CWE121_Stack_Based_Buffer_Overflow__CWE129_rand_14_bad_41,clamp_bad_CWE121_Stack_Based_Buffer_Overflow__CWE129_rand_14_bad_41,non_sanitizer,CWE121,14,c,/Users/saqif/Desktop/UCSB/ucsb_classes/w26/cs293G/joern/benchmarks/juliet/manifests/stage_b_clamp_transform_manifest.json
B,CWE121_Stack_Based_Buffer_Overflow/s01/CWE121_Stack_Based_Buffer_Overflow__CWE129_rand_14.c,84,goodB2G1,clamp_good_goodB2G1_84,clamp_good_goodB2G1_84,sanitizer,CWE121,14,c,/Users/saqif/Desktop/UCSB/ucsb_classes/w26/cs293G/joern/benchmarks/juliet/manifests/stage_b_clamp_transform_manifest.json
B,CWE121_Stack_Based_Buffer_Overflow/s01/CWE121_Stack_Based_Buffer_Overflow__CWE129_rand_14.c,118,goodB2G2,clamp_good_goodB2G2_118,clamp_good_goodB2G2_118,sanitizer,CWE121,14,c,/Users/saqif/Desktop/UCSB/ucsb_classes/w26/cs293G/joern/benchmarks/juliet/manifests/stage_b_clamp_transform_manifest.json
B,CWE121_Stack_Based_Buffer_Overflow/s01/CWE121_Stack_Based_Buffer_Overflow__CWE129_rand_15.c,48,CWE121_Stack_Based_Buffer_Overflow__CWE129_rand_15_bad,clamp_bad_CWE121_Stack_Based_Buffer_Overflow__CWE129_rand_15_bad_48,clamp_bad_CWE121_Stack_Based_Buffer_Overflow__CWE129_rand_15_bad_48,non_sanitizer,CWE121,15,c,/Users/saqif/Desktop/UCSB/ucsb_classes/w26/cs293G/joern/benchmarks/juliet/manifests/stage_b_clamp_transform_manifest.json
B,CWE121_Stack_Based_Buffer_Overflow/s01/CWE121_Stack_Based_Buffer_Overflow__CWE129_rand_15.c,102,goodB2G1,clamp_good_goodB2G1_102,clamp_good_goodB2G1_102,sanitizer,CWE121,15,c,/Users/saqif/Desktop/UCSB/ucsb_classes/w26/cs293G/joern/benchmarks/juliet/manifests/stage_b_clamp_transform_manifest.json
B,CWE121_Stack_Based_Buffer_Overflow/s01/CWE121_Stack_Based_Buffer_Overflow__CWE129_rand_15.c,144,goodB2G2,clamp_good_goodB2G2_144,clamp_good_goodB2G2_144,sanitizer,CWE121,15,c,/Users/saqif/Desktop/UCSB/ucsb_classes/w26/cs293G/joern/benchmarks/juliet/manifests/stage_b_clamp_transform_manifest.json
B,CWE121_Stack_Based_Buffer_Overflow/s01/CWE121_Stack_Based_Buffer_Overflow__CWE129_rand_16.c,42,CWE121_Stack_Based_Buffer_Overflow__CWE129_rand_16_bad,clamp_bad_CWE121_Stack_Based_Buffer_Overflow__CWE129_rand_16_bad_42,clamp_bad_CWE121_Stack_Based_Buffer_Overflow__CWE129_rand_16_bad_42,non_sanitizer,CWE121,16,c,/Users/saqif/Desktop/UCSB/ucsb_classes/w26/cs293G/joern/benchmarks/juliet/manifests/stage_b_clamp_transform_manifest.json
B,CWE121_Stack_Based_Buffer_Overflow/s01/CWE121_Stack_Based_Buffer_Overflow__CWE129_rand_16.c,82,goodB2G,clamp_good_goodB2G_82,clamp_good_goodB2G_82,sanitizer,CWE121,16,c,/Users/saqif/Desktop/UCSB/ucsb_classes/w26/cs293G/joern/benchmarks/juliet/manifests/stage_b_clamp_transform_manifest.json
B,CWE121_Stack_Based_Buffer_Overflow/s01/CWE121_Stack_Based_Buffer_Overflow__CWE129_rand_17.c,42,CWE121_Stack_Based_Buffer_Overflow__CWE129_rand_17_bad,clamp_bad_CWE121_Stack_Based_Buffer_Overflow__CWE129_rand_17_bad_42,clamp_bad_CWE121_Stack_Based_Buffer_Overflow__CWE129_rand_17_bad_42,non_sanitizer,CWE121,17,c,/Users/saqif/Desktop/UCSB/ucsb_classes/w26/cs293G/joern/benchmarks/juliet/manifests/stage_b_clamp_transform_manifest.json
B,CWE121_Stack_Based_Buffer_Overflow/s01/CWE121_Stack_Based_Buffer_Overflow__CWE129_rand_17.c,81,goodB2G,clamp_good_goodB2G_81,clamp_good_goodB2G_81,sanitizer,CWE121,17,c,/Users/saqif/Desktop/UCSB/ucsb_classes/w26/cs293G/joern/benchmarks/juliet/manifests/stage_b_clamp_transform_manifest.json
B,CWE121_Stack_Based_Buffer_Overflow/s01/CWE121_Stack_Based_Buffer_Overflow__CWE129_rand_18.c,40,CWE121_Stack_Based_Buffer_Overflow__CWE129_rand_18_bad,clamp_bad_CWE121_Stack_Based_Buffer_Overflow__CWE129_rand_18_bad_40,clamp_bad_CWE121_Stack_Based_Buffer_Overflow__CWE129_rand_18_bad_40,non_sanitizer,CWE121,18,c,/Users/saqif/Desktop/UCSB/ucsb_classes/w26/cs293G/joern/benchmarks/juliet/manifests/stage_b_clamp_transform_manifest.json
B,CWE121_Stack_Based_Buffer_Overflow/s01/CWE121_Stack_Based_Buffer_Overflow__CWE129_rand_18.c,76,goodB2G,clamp_good_goodB2G_76,clamp_good_goodB2G_76,sanitizer,CWE121,18,c,/Users/saqif/Desktop/UCSB/ucsb_classes/w26/cs293G/joern/benchmarks/juliet/manifests/stage_b_clamp_transform_manifest.json
B,CWE121_Stack_Based_Buffer_Overflow/s01/CWE121_Stack_Based_Buffer_Overflow__CWE129_rand_21.c,36,badSink,clamp_bad_badSink_36,clamp_bad_badSink_36,non_sanitizer,CWE121,21,c,/Users/saqif/Desktop/UCSB/ucsb_classes/w26/cs293G/joern/benchmarks/juliet/manifests/stage_b_clamp_transform_manifest.json
B,CWE121_Stack_Based_Buffer_Overflow/s01/CWE121_Stack_Based_Buffer_Overflow__CWE129_rand_21.c,87,goodB2G1Sink,clamp_good_goodB2G1Sink_87,clamp_good_goodB2G1Sink_87,sanitizer,CWE121,21,c,/Users/saqif/Desktop/UCSB/ucsb_classes/w26/cs293G/joern/benchmarks/juliet/manifests/stage_b_clamp_transform_manifest.json
B,CWE121_Stack_Based_Buffer_Overflow/s01/CWE121_Stack_Based_Buffer_Overflow__CWE129_rand_21.c,124,goodB2G2Sink,clamp_good_goodB2G2Sink_124,clamp_good_goodB2G2Sink_124,sanitizer,CWE121,21,c,/Users/saqif/Desktop/UCSB/ucsb_classes/w26/cs293G/joern/benchmarks/juliet/manifests/stage_b_clamp_transform_manifest.json
B,CWE121_Stack_Based_Buffer_Overflow/s01/CWE121_Stack_Based_Buffer_Overflow__CWE129_rand_22b.c,76,CWE121_Stack_Based_Buffer_Overflow__CWE129_rand_22_goodB2G1Sink,clamp_good_CWE121_Stack_Based_Buffer_Overflow__CWE129_rand_22_goodB2G1Sink_76,clamp_good_CWE121_Stack_Based_Buffer_Overflow__CWE129_rand_22_goodB2G1Sink_76,sanitizer,CWE121,22,c,/Users/saqif/Desktop/UCSB/ucsb_classes/w26/cs293G/joern/benchmarks/juliet/manifests/stage_b_clamp_transform_manifest.json
B,CWE121_Stack_Based_Buffer_Overflow/s01/CWE121_Stack_Based_Buffer_Overflow__CWE129_rand_22b.c,102,CWE121_Stack_Based_Buffer_Overflow__CWE129_rand_22_goodB2G2Sink,clamp_good_CWE121_Stack_Based_Buffer_Overflow__CWE129_rand_22_goodB2G2Sink_102,clamp_good_CWE121_Stack_Based_Buffer_Overflow__CWE129_rand_22_goodB2G2Sink_102,sanitizer,CWE121,22,c,/Users/saqif/Desktop/UCSB/ucsb_classes/w26/cs293G/joern/benchmarks/juliet/manifests/stage_b_clamp_transform_manifest.json
B,CWE121_Stack_Based_Buffer_Overflow/s01/CWE121_Stack_Based_Buffer_Overflow__CWE129_rand_31.c,39,CWE121_Stack_Based_Buffer_Overflow__CWE129_rand_31_bad,clamp_bad_CWE121_Stack_Based_Buffer_Overflow__CWE129_rand_31_bad_39,clamp_bad_CWE121_Stack_Based_Buffer_Overflow__CWE129_rand_31_bad_39,non_sanitizer,CWE121,31,c,/Users/saqif/Desktop/UCSB/ucsb_classes/w26/cs293G/joern/benchmarks/juliet/manifests/stage_b_clamp_transform_manifest.json
B,CWE121_Stack_Based_Buffer_Overflow/s01/CWE121_Stack_Based_Buffer_Overflow__CWE129_rand_31.c,109,goodB2G,clamp_good_goodB2G_109,clamp_good_goodB2G_109,sanitizer,CWE121,31,c,/Users/saqif/Desktop/UCSB/ucsb_classes/w26/cs293G/joern/benchmarks/juliet/manifests/stage_b_clamp_transform_manifest.json
B,CWE121_Stack_Based_Buffer_Overflow/s01/CWE121_Stack_Based_Buffer_Overflow__CWE129_rand_32.c,44,CWE121_Stack_Based_Buffer_Overflow__CWE129_rand_32_bad,clamp_bad_CWE121_Stack_Based_Buffer_Overflow__CWE129_rand_32_bad_44,clamp_bad_CWE121_Stack_Based_Buffer_Overflow__CWE129_rand_32_bad_44,non_sanitizer,CWE121,32,c,/Users/saqif/Desktop/UCSB/ucsb_classes/w26/cs293G/joern/benchmarks/juliet/manifests/stage_b_clamp_transform_manifest.json
B,CWE121_Stack_Based_Buffer_Overflow/s01/CWE121_Stack_Based_Buffer_Overflow__CWE129_rand_32.c,124,goodB2G,clamp_good_goodB2G_124,clamp_good_goodB2G_124,sanitizer,CWE121,32,c,/Users/saqif/Desktop/UCSB/ucsb_classes/w26/cs293G/joern/benchmarks/juliet/manifests/stage_b_clamp_transform_manifest.json
B,CWE121_Stack_Based_Buffer_Overflow/s01/CWE121_Stack_Based_Buffer_Overflow__CWE129_rand_33.cpp,42,bad,clamp_bad_bad_42,clamp_bad_bad_42,non_sanitizer,CWE121,33,cpp,/Users/saqif/Desktop/UCSB/ucsb_classes/w26/cs293G/joern/benchmarks/juliet/manifests/stage_b_clamp_transform_manifest.json
B,CWE121_Stack_Based_Buffer_Overflow/s01/CWE121_Stack_Based_Buffer_Overflow__CWE129_rand_33.cpp,112,goodB2G,clamp_good_goodB2G_112,clamp_good_goodB2G_112,sanitizer,CWE121,33,cpp,/Users/saqif/Desktop/UCSB/ucsb_classes/w26/cs293G/joern/benchmarks/juliet/manifests/stage_b_clamp_transform_manifest.json
B,CWE121_Stack_Based_Buffer_Overflow/s01/CWE121_Stack_Based_Buffer_Overflow__CWE129_rand_34.c,46,CWE121_Stack_Based_Buffer_Overflow__CWE129_rand_34_bad,clamp_bad_CWE121_Stack_Based_Buffer_Overflow__CWE129_rand_34_bad_46,clamp_bad_CWE121_Stack_Based_Buffer_Overflow__CWE129_rand_34_bad_46,non_sanitizer,CWE121,34,c,/Users/saqif/Desktop/UCSB/ucsb_classes/w26/cs293G/joern/benchmarks/juliet/manifests/stage_b_clamp_transform_manifest.json
B,CWE121_Stack_Based_Buffer_Overflow/s01/CWE121_Stack_Based_Buffer_Overflow__CWE129_rand_34.c,118,goodB2G,clamp_good_goodB2G_118,clamp_good_goodB2G_118,sanitizer,CWE121,34,c,/Users/saqif/Desktop/UCSB/ucsb_classes/w26/cs293G/joern/benchmarks/juliet/manifests/stage_b_clamp_transform_manifest.json
B,CWE121_Stack_Based_Buffer_Overflow/s01/CWE121_Stack_Based_Buffer_Overflow__CWE129_rand_41.c,31,badSink,clamp_bad_badSink_31,clamp_bad_badSink_31,non_sanitizer,CWE121,41,c,/Users/saqif/Desktop/UCSB/ucsb_classes/w26/cs293G/joern/benchmarks/juliet/manifests/stage_b_clamp_transform_manifest.json
B,CWE121_Stack_Based_Buffer_Overflow/s01/CWE121_Stack_Based_Buffer_Overflow__CWE129_rand_41.c,103,goodB2GSink,clamp_good_goodB2GSink_103,clamp_good_goodB2GSink_103,sanitizer,CWE121,41,c,/Users/saqif/Desktop/UCSB/ucsb_classes/w26/cs293G/joern/benchmarks/juliet/manifests/stage_b_clamp_transform_manifest.json
B,CWE121_Stack_Based_Buffer_Overflow/s01/CWE121_Stack_Based_Buffer_Overflow__CWE129_rand_42.c,42,CWE121_Stack_Based_Buffer_Overflow__CWE129_rand_42_bad,clamp_bad_CWE121_Stack_Based_Buffer_Overflow__CWE129_rand_42_bad_42,clamp_bad_CWE121_Stack_Based_Buffer_Overflow__CWE129_rand_42_bad_42,non_sanitizer,CWE121,42,c,/Users/saqif/Desktop/UCSB/ucsb_classes/w26/cs293G/joern/benchmarks/juliet/manifests/stage_b_clamp_transform_manifest.json
B,CWE121_Stack_Based_Buffer_Overflow/s01/CWE121_Stack_Based_Buffer_Overflow__CWE129_rand_42.c,116,goodB2G,clamp_good_goodB2G_116,clamp_good_goodB2G_116,sanitizer,CWE121,42,c,/Users/saqif/Desktop/UCSB/ucsb_classes/w26/cs293G/joern/benchmarks/juliet/manifests/stage_b_clamp_transform_manifest.json
B,CWE121_Stack_Based_Buffer_Overflow/s01/CWE121_Stack_Based_Buffer_Overflow__CWE129_rand_43.cpp,44,bad,clamp_bad_bad_44,clamp_bad_bad_44,non_sanitizer,CWE121,43,cpp,/Users/saqif/Desktop/UCSB/ucsb_classes/w26/cs293G/joern/benchmarks/juliet/manifests/stage_b_clamp_transform_manifest.json
B,CWE121_Stack_Based_Buffer_Overflow/s01/CWE121_Stack_Based_Buffer_Overflow__CWE129_rand_43.cpp,116,goodB2G,clamp_good_goodB2G_116,clamp_good_goodB2G_116,sanitizer,CWE121,43,cpp,/Users/saqif/Desktop/UCSB/ucsb_classes/w26/cs293G/joern/benchmarks/juliet/manifests/stage_b_clamp_transform_manifest.json
B,CWE121_Stack_Based_Buffer_Overflow/s01/CWE121_Stack_Based_Buffer_Overflow__CWE129_rand_44.c,31,badSink,clamp_bad_badSink_31,clamp_bad_badSink_31,non_sanitizer,CWE121,44,c,/Users/saqif/Desktop/UCSB/ucsb_classes/w26/cs293G/joern/benchmarks/juliet/manifests/stage_b_clamp_transform_manifest.json
B,CWE121_Stack_Based_Buffer_Overflow/s01/CWE121_Stack_Based_Buffer_Overflow__CWE129_rand_44.c,107,goodB2GSink,clamp_good_goodB2GSink_107,clamp_good_goodB2GSink_107,sanitizer,CWE121,44,c,/Users/saqif/Desktop/UCSB/ucsb_classes/w26/cs293G/joern/benchmarks/juliet/manifests/stage_b_clamp_transform_manifest.json
B,CWE121_Stack_Based_Buffer_Overflow/s01/CWE121_Stack_Based_Buffer_Overflow__CWE129_rand_45.c,36,badSink,clamp_bad_badSink_36,clamp_bad_badSink_36,non_sanitizer,CWE121,45,c,/Users/saqif/Desktop/UCSB/ucsb_classes/w26/cs293G/joern/benchmarks/juliet/manifests/stage_b_clamp_transform_manifest.json
B,CWE121_Stack_Based_Buffer_Overflow/s01/CWE121_Stack_Based_Buffer_Overflow__CWE129_rand_45.c,112,goodB2GSink,clamp_good_goodB2GSink_112,clamp_good_goodB2GSink_112,sanitizer,CWE121,45,c,/Users/saqif/Desktop/UCSB/ucsb_classes/w26/cs293G/joern/benchmarks/juliet/manifests/stage_b_clamp_transform_manifest.json
B,CWE121_Stack_Based_Buffer_Overflow/s06/CWE121_Stack_Based_Buffer_Overflow__CWE806_char_alloca_loop_02.c,41,CWE121_Stack_Based_Buffer_Overflow__CWE806_char_alloca_loop_02_bad,clamp_bad_CWE121_Stack_Based_Buffer_Overflow__CWE806_char_alloca_loop_02_bad_41,clamp_bad_CWE121_Stack_Based_Buffer_Overflow__CWE806_char_alloca_loop_02_bad_41,non_sanitizer,CWE121,02,c,/Users/saqif/Desktop/UCSB/ucsb_classes/w26/cs293G/joern/benchmarks/juliet/manifests/stage_b_clamp_transform_manifest.json
B,CWE121_Stack_Based_Buffer_Overflow/s06/CWE121_Stack_Based_Buffer_Overflow__CWE806_char_alloca_loop_03.c,41,CWE121_Stack_Based_Buffer_Overflow__CWE806_char_alloca_loop_03_bad,clamp_bad_CWE121_Stack_Based_Buffer_Overflow__CWE806_char_alloca_loop_03_bad_41,clamp_bad_CWE121_Stack_Based_Buffer_Overflow__CWE806_char_alloca_loop_03_bad_41,non_sanitizer,CWE121,03,c,/Users/saqif/Desktop/UCSB/ucsb_classes/w26/cs293G/joern/benchmarks/juliet/manifests/stage_b_clamp_transform_manifest.json
B,CWE121_Stack_Based_Buffer_Overflow/s06/CWE121_Stack_Based_Buffer_Overflow__CWE806_char_alloca_loop_04.c,48,CWE121_Stack_Based_Buffer_Overflow__CWE806_char_alloca_loop_04_bad,clamp_bad_CWE121_Stack_Based_Buffer_Overflow__CWE806_char_alloca_loop_04_bad_48,clamp_bad_CWE121_Stack_Based_Buffer_Overflow__CWE806_char_alloca_loop_04_bad_48,non_sanitizer,CWE121,04,c,/Users/saqif/Desktop/UCSB/ucsb_classes/w26/cs293G/joern/benchmarks/juliet/manifests/stage_b_clamp_transform_manifest.json
B,CWE121_Stack_Based_Buffer_Overflow/s06/CWE121_Stack_Based_Buffer_Overflow__CWE806_char_alloca_loop_05.c,48,CWE121_Stack_Based_Buffer_Overflow__CWE806_char_alloca_loop_05_bad,clamp_bad_CWE121_Stack_Based_Buffer_Overflow__CWE806_char_alloca_loop_05_bad_48,clamp_bad_CWE121_Stack_Based_Buffer_Overflow__CWE806_char_alloca_loop_05_bad_48,non_sanitizer,CWE121,05,c,/Users/saqif/Desktop/UCSB/ucsb_classes/w26/cs293G/joern/benchmarks/juliet/manifests/stage_b_clamp_transform_manifest.json
B,CWE121_Stack_Based_Buffer_Overflow/s06/CWE121_Stack_Based_Buffer_Overflow__CWE806_char_alloca_loop_06.c,45,CWE121_Stack_Based_Buffer_Overflow__CWE806_char_alloca_loop_06_bad,clamp_bad_CWE121_Stack_Based_Buffer_Overflow__CWE806_char_alloca_loop_06_bad_45,clamp_bad_CWE121_Stack_Based_Buffer_Overflow__CWE806_char_alloca_loop_06_bad_45,non_sanitizer,CWE121,06,c,/Users/saqif/Desktop/UCSB/ucsb_classes/w26/cs293G/joern/benchmarks/juliet/manifests/stage_b_clamp_transform_manifest.json
B,CWE121_Stack_Based_Buffer_Overflow/s06/CWE121_Stack_Based_Buffer_Overflow__CWE806_char_alloca_loop_07.c,47,CWE121_Stack_Based_Buffer_Overflow__CWE806_char_alloca_loop_07_bad,clamp_bad_CWE121_Stack_Based_Buffer_Overflow__CWE806_char_alloca_loop_07_bad_47,clamp_bad_CWE121_Stack_Based_Buffer_Overflow__CWE806_char_alloca_loop_07_bad_47,non_sanitizer,CWE121,07,c,/Users/saqif/Desktop/UCSB/ucsb_classes/w26/cs293G/joern/benchmarks/juliet/manifests/stage_b_clamp_transform_manifest.json
B,CWE121_Stack_Based_Buffer_Overflow/s06/CWE121_Stack_Based_Buffer_Overflow__CWE806_char_alloca_loop_08.c,55,CWE121_Stack_Based_Buffer_Overflow__CWE806_char_alloca_loop_08_bad,clamp_bad_CWE121_Stack_Based_Buffer_Overflow__CWE806_char_alloca_loop_08_bad_55,clamp_bad_CWE121_Stack_Based_Buffer_Overflow__CWE806_char_alloca_loop_08_bad_55,non_sanitizer,CWE121,08,c,/Users/saqif/Desktop/UCSB/ucsb_classes/w26/cs293G/joern/benchmarks/juliet/manifests/stage_b_clamp_transform_manifest.json
B,CWE121_Stack_Based_Buffer_Overflow/s06/CWE121_Stack_Based_Buffer_Overflow__CWE806_char_alloca_loop_09.c,41,CWE121_Stack_Based_Buffer_Overflow__CWE806_char_alloca_loop_09_bad,clamp_bad_CWE121_Stack_Based_Buffer_Overflow__CWE806_char_alloca_loop_09_bad_41,clamp_bad_CWE121_Stack_Based_Buffer_Overflow__CWE806_char_alloca_loop_09_bad_41,non_sanitizer,CWE121,09,c,/Users/saqif/Desktop/UCSB/ucsb_classes/w26/cs293G/joern/benchmarks/juliet/manifests/stage_b_clamp_transform_manifest.json
B,CWE121_Stack_Based_Buffer_Overflow/s06/CWE121_Stack_Based_Buffer_Overflow__CWE806_char_alloca_loop_10.c,41,CWE121_Stack_Based_Buffer_Overflow__CWE806_char_alloca_loop_10_bad,clamp_bad_CWE121_Stack_Based_Buffer_Overflow__CWE806_char_alloca_loop_10_bad_41,clamp_bad_CWE121_Stack_Based_Buffer_Overflow__CWE806_char_alloca_loop_10_bad_41,non_sanitizer,CWE121,10,c,/Users/saqif/Desktop/UCSB/ucsb_classes/w26/cs293G/joern/benchmarks/juliet/manifests/stage_b_clamp_transform_manifest.json
B,CWE121_Stack_Based_Buffer_Overflow/s06/CWE121_Stack_Based_Buffer_Overflow__CWE806_char_alloca_loop_11.c,41,CWE121_Stack_Based_Buffer_Overflow__CWE806_char_alloca_loop_11_bad,clamp_bad_CWE121_Stack_Based_Buffer_Overflow__CWE806_char_alloca_loop_11_bad_41,clamp_bad_CWE121_Stack_Based_Buffer_Overflow__CWE806_char_alloca_loop_11_bad_41,non_sanitizer,CWE121,11,c,/Users/saqif/Desktop/UCSB/ucsb_classes/w26/cs293G/joern/benchmarks/juliet/manifests/stage_b_clamp_transform_manifest.json
B,CWE121_Stack_Based_Buffer_Overflow/s06/CWE121_Stack_Based_Buffer_Overflow__CWE806_char_alloca_loop_12.c,47,CWE121_Stack_Based_Buffer_Overflow__CWE806_char_alloca_loop_12_bad,clamp_bad_CWE121_Stack_Based_Buffer_Overflow__CWE806_char_alloca_loop_12_bad_47,clamp_bad_CWE121_Stack_Based_Buffer_Overflow__CWE806_char_alloca_loop_12_bad_47,non_sanitizer,CWE121,12,c,/Users/saqif/Desktop/UCSB/ucsb_classes/w26/cs293G/joern/benchmarks/juliet/manifests/stage_b_clamp_transform_manifest.json
B,CWE121_Stack_Based_Buffer_Overflow/s06/CWE121_Stack_Based_Buffer_Overflow__CWE806_char_alloca_loop_13.c,41,CWE121_Stack_Based_Buffer_Overflow__CWE806_char_alloca_loop_13_bad,clamp_bad_CWE121_Stack_Based_Buffer_Overflow__CWE806_char_alloca_loop_13_bad_41,clamp_bad_CWE121_Stack_Based_Buffer_Overflow__CWE806_char_alloca_loop_13_bad_41,non_sanitizer,CWE121,13,c,/Users/saqif/Desktop/UCSB/ucsb_classes/w26/cs293G/joern/benchmarks/juliet/manifests/stage_b_clamp_transform_manifest.json
B,CWE121_Stack_Based_Buffer_Overflow/s06/CWE121_Stack_Based_Buffer_Overflow__CWE806_char_alloca_loop_14.c,41,CWE121_Stack_Based_Buffer_Overflow__CWE806_char_alloca_loop_14_bad,clamp_bad_CWE121_Stack_Based_Buffer_Overflow__CWE806_char_alloca_loop_14_bad_41,clamp_bad_CWE121_Stack_Based_Buffer_Overflow__CWE806_char_alloca_loop_14_bad_41,non_sanitizer,CWE121,14,c,/Users/saqif/Desktop/UCSB/ucsb_classes/w26/cs293G/joern/benchmarks/juliet/manifests/stage_b_clamp_transform_manifest.json
B,CWE121_Stack_Based_Buffer_Overflow/s06/CWE121_Stack_Based_Buffer_Overflow__CWE806_char_declare_loop_02.c,41,CWE121_Stack_Based_Buffer_Overflow__CWE806_char_declare_loop_02_bad,clamp_bad_CWE121_Stack_Based_Buffer_Overflow__CWE806_char_declare_loop_02_bad_41,clamp_bad_CWE121_Stack_Based_Buffer_Overflow__CWE806_char_declare_loop_02_bad_41,non_sanitizer,CWE121,02,c,/Users/saqif/Desktop/UCSB/ucsb_classes/w26/cs293G/joern/benchmarks/juliet/manifests/stage_b_clamp_transform_manifest.json
B,CWE121_Stack_Based_Buffer_Overflow/s06/CWE121_Stack_Based_Buffer_Overflow__CWE806_char_declare_loop_03.c,41,CWE121_Stack_Based_Buffer_Overflow__CWE806_char_declare_loop_03_bad,clamp_bad_CWE121_Stack_Based_Buffer_Overflow__CWE806_char_declare_loop_03_bad_41,clamp_bad_CWE121_Stack_Based_Buffer_Overflow__CWE806_char_declare_loop_03_bad_41,non_sanitizer,CWE121,03,c,/Users/saqif/Desktop/UCSB/ucsb_classes/w26/cs293G/joern/benchmarks/juliet/manifests/stage_b_clamp_transform_manifest.json
B,CWE121_Stack_Based_Buffer_Overflow/s06/CWE121_Stack_Based_Buffer_Overflow__CWE806_char_declare_loop_04.c,48,CWE121_Stack_Based_Buffer_Overflow__CWE806_char_declare_loop_04_bad,clamp_bad_CWE121_Stack_Based_Buffer_Overflow__CWE806_char_declare_loop_04_bad_48,clamp_bad_CWE121_Stack_Based_Buffer_Overflow__CWE806_char_declare_loop_04_bad_48,non_sanitizer,CWE121,04,c,/Users/saqif/Desktop/UCSB/ucsb_classes/w26/cs293G/joern/benchmarks/juliet/manifests/stage_b_clamp_transform_manifest.json
B,CWE121_Stack_Based_Buffer_Overflow/s06/CWE121_Stack_Based_Buffer_Overflow__CWE806_char_declare_loop_05.c,48,CWE121_Stack_Based_Buffer_Overflow__CWE806_char_declare_loop_05_bad,clamp_bad_CWE121_Stack_Based_Buffer_Overflow__CWE806_char_declare_loop_05_bad_48,clamp_bad_CWE121_Stack_Based_Buffer_Overflow__CWE806_char_declare_loop_05_bad_48,non_sanitizer,CWE121,05,c,/Users/saqif/Desktop/UCSB/ucsb_classes/w26/cs293G/joern/benchmarks/juliet/manifests/stage_b_clamp_transform_manifest.json
B,CWE121_Stack_Based_Buffer_Overflow/s06/CWE121_Stack_Based_Buffer_Overflow__CWE806_char_declare_loop_06.c,45,CWE121_Stack_Based_Buffer_Overflow__CWE806_char_declare_loop_06_bad,clamp_bad_CWE121_Stack_Based_Buffer_Overflow__CWE806_char_declare_loop_06_bad_45,clamp_bad_CWE121_Stack_Based_Buffer_Overflow__CWE806_char_declare_loop_06_bad_45,non_sanitizer,CWE121,06,c,/Users/saqif/Desktop/UCSB/ucsb_classes/w26/cs293G/joern/benchmarks/juliet/manifests/stage_b_clamp_transform_manifest.json
B,CWE121_Stack_Based_Buffer_Overflow/s06/CWE121_Stack_Based_Buffer_Overflow__CWE806_char_declare_loop_07.c,47,CWE121_Stack_Based_Buffer_Overflow__CWE806_char_declare_loop_07_bad,clamp_bad_CWE121_Stack_Based_Buffer_Overflow__CWE806_char_declare_loop_07_bad_47,clamp_bad_CWE121_Stack_Based_Buffer_Overflow__CWE806_char_declare_loop_07_bad_47,non_sanitizer,CWE121,07,c,/Users/saqif/Desktop/UCSB/ucsb_classes/w26/cs293G/joern/benchmarks/juliet/manifests/stage_b_clamp_transform_manifest.json
B,CWE121_Stack_Based_Buffer_Overflow/s06/CWE121_Stack_Based_Buffer_Overflow__CWE806_char_declare_loop_08.c,55,CWE121_Stack_Based_Buffer_Overflow__CWE806_char_declare_loop_08_bad,clamp_bad_CWE121_Stack_Based_Buffer_Overflow__CWE806_char_declare_loop_08_bad_55,clamp_bad_CWE121_Stack_Based_Buffer_Overflow__CWE806_char_declare_loop_08_bad_55,non_sanitizer,CWE121,08,c,/Users/saqif/Desktop/UCSB/ucsb_classes/w26/cs293G/joern/benchmarks/juliet/manifests/stage_b_clamp_transform_manifest.json
B,CWE121_Stack_Based_Buffer_Overflow/s06/CWE121_Stack_Based_Buffer_Overflow__CWE806_char_declare_loop_09.c,41,CWE121_Stack_Based_Buffer_Overflow__CWE806_char_declare_loop_09_bad,clamp_bad_CWE121_Stack_Based_Buffer_Overflow__CWE806_char_declare_loop_09_bad_41,clamp_bad_CWE121_Stack_Based_Buffer_Overflow__CWE806_char_declare_loop_09_bad_41,non_sanitizer,CWE121,09,c,/Users/saqif/Desktop/UCSB/ucsb_classes/w26/cs293G/joern/benchmarks/juliet/manifests/stage_b_clamp_transform_manifest.json
B,CWE121_Stack_Based_Buffer_Overflow/s06/CWE121_Stack_Based_Buffer_Overflow__CWE806_char_declare_loop_10.c,41,CWE121_Stack_Based_Buffer_Overflow__CWE806_char_declare_loop_10_bad,clamp_bad_CWE121_Stack_Based_Buffer_Overflow__CWE806_char_declare_loop_10_bad_41,clamp_bad_CWE121_Stack_Based_Buffer_Overflow__CWE806_char_declare_loop_10_bad_41,non_sanitizer,CWE121,10,c,/Users/saqif/Desktop/UCSB/ucsb_classes/w26/cs293G/joern/benchmarks/juliet/manifests/stage_b_clamp_transform_manifest.json
B,CWE121_Stack_Based_Buffer_Overflow/s06/CWE121_Stack_Based_Buffer_Overflow__CWE806_char_declare_loop_11.c,41,CWE121_Stack_Based_Buffer_Overflow__CWE806_char_declare_loop_11_bad,clamp_bad_CWE121_Stack_Based_Buffer_Overflow__CWE806_char_declare_loop_11_bad_41,clamp_bad_CWE121_Stack_Based_Buffer_Overflow__CWE806_char_declare_loop_11_bad_41,non_sanitizer,CWE121,11,c,/Users/saqif/Desktop/UCSB/ucsb_classes/w26/cs293G/joern/benchmarks/juliet/manifests/stage_b_clamp_transform_manifest.json
B,CWE121_Stack_Based_Buffer_Overflow/s06/CWE121_Stack_Based_Buffer_Overflow__CWE806_char_declare_loop_12.c,47,CWE121_Stack_Based_Buffer_Overflow__CWE806_char_declare_loop_12_bad,clamp_bad_CWE121_Stack_Based_Buffer_Overflow__CWE806_char_declare_loop_12_bad_47,clamp_bad_CWE121_Stack_Based_Buffer_Overflow__CWE806_char_declare_loop_12_bad_47,non_sanitizer,CWE121,12,c,/Users/saqif/Desktop/UCSB/ucsb_classes/w26/cs293G/joern/benchmarks/juliet/manifests/stage_b_clamp_transform_manifest.json
B,CWE121_Stack_Based_Buffer_Overflow/s06/CWE121_Stack_Based_Buffer_Overflow__CWE806_char_declare_loop_13.c,41,CWE121_Stack_Based_Buffer_Overflow__CWE806_char_declare_loop_13_bad,clamp_bad_CWE121_Stack_Based_Buffer_Overflow__CWE806_char_declare_loop_13_bad_41,clamp_bad_CWE121_Stack_Based_Buffer_Overflow__CWE806_char_declare_loop_13_bad_41,non_sanitizer,CWE121,13,c,/Users/saqif/Desktop/UCSB/ucsb_classes/w26/cs293G/joern/benchmarks/juliet/manifests/stage_b_clamp_transform_manifest.json
B,CWE121_Stack_Based_Buffer_Overflow/s06/CWE121_Stack_Based_Buffer_Overflow__CWE806_char_declare_loop_14.c,41,CWE121_Stack_Based_Buffer_Overflow__CWE806_char_declare_loop_14_bad,clamp_bad_CWE121_Stack_Based_Buffer_Overflow__CWE806_char_declare_loop_14_bad_41,clamp_bad_CWE121_Stack_Based_Buffer_Overflow__CWE806_char_declare_loop_14_bad_41,non_sanitizer,CWE121,14,c,/Users/saqif/Desktop/UCSB/ucsb_classes/w26/cs293G/joern/benchmarks/juliet/manifests/stage_b_clamp_transform_manifest.json
B,CWE121_Stack_Based_Buffer_Overflow/s07/CWE121_Stack_Based_Buffer_Overflow__CWE806_wchar_t_alloca_loop_02.c,41,CWE121_Stack_Based_Buffer_Overflow__CWE806_wchar_t_alloca_loop_02_bad,clamp_bad_CWE121_Stack_Based_Buffer_Overflow__CWE806_wchar_t_alloca_loop_02_bad_41,clamp_bad_CWE121_Stack_Based_Buffer_Overflow__CWE806_wchar_t_alloca_loop_02_bad_41,non_sanitizer,CWE121,02,c,/Users/saqif/Desktop/UCSB/ucsb_classes/w26/cs293G/joern/benchmarks/juliet/manifests/stage_b_clamp_transform_manifest.json
B,CWE121_Stack_Based_Buffer_Overflow/s07/CWE121_Stack_Based_Buffer_Overflow__CWE806_wchar_t_alloca_loop_03.c,41,CWE121_Stack_Based_Buffer_Overflow__CWE806_wchar_t_alloca_loop_03_bad,clamp_bad_CWE121_Stack_Based_Buffer_Overflow__CWE806_wchar_t_alloca_loop_03_bad_41,clamp_bad_CWE121_Stack_Based_Buffer_Overflow__CWE806_wchar_t_alloca_loop_03_bad_41,non_sanitizer,CWE121,03,c,/Users/saqif/Desktop/UCSB/ucsb_classes/w26/cs293G/joern/benchmarks/juliet/manifests/stage_b_clamp_transform_manifest.json
B,CWE121_Stack_Based_Buffer_Overflow/s07/CWE121_Stack_Based_Buffer_Overflow__CWE806_wchar_t_alloca_loop_04.c,48,CWE121_Stack_Based_Buffer_Overflow__CWE806_wchar_t_alloca_loop_04_bad,clamp_bad_CWE121_Stack_Based_Buffer_Overflow__CWE806_wchar_t_alloca_loop_04_bad_48,clamp_bad_CWE121_Stack_Based_Buffer_Overflow__CWE806_wchar_t_alloca_loop_04_bad_48,non_sanitizer,CWE121,04,c,/Users/saqif/Desktop/UCSB/ucsb_classes/w26/cs293G/joern/benchmarks/juliet/manifests/stage_b_clamp_transform_manifest.json
B,CWE121_Stack_Based_Buffer_Overflow/s07/CWE121_Stack_Based_Buffer_Overflow__CWE806_wchar_t_alloca_loop_05.c,48,CWE121_Stack_Based_Buffer_Overflow__CWE806_wchar_t_alloca_loop_05_bad,clamp_bad_CWE121_Stack_Based_Buffer_Overflow__CWE806_wchar_t_alloca_loop_05_bad_48,clamp_bad_CWE121_Stack_Based_Buffer_Overflow__CWE806_wchar_t_alloca_loop_05_bad_48,non_sanitizer,CWE121,05,c,/Users/saqif/Desktop/UCSB/ucsb_classes/w26/cs293G/joern/benchmarks/juliet/manifests/stage_b_clamp_transform_manifest.json
B,CWE121_Stack_Based_Buffer_Overflow/s07/CWE121_Stack_Based_Buffer_Overflow__CWE806_wchar_t_alloca_loop_06.c,45,CWE121_Stack_Based_Buffer_Overflow__CWE806_wchar_t_alloca_loop_06_bad,clamp_bad_CWE121_Stack_Based_Buffer_Overflow__CWE806_wchar_t_alloca_loop_06_bad_45,clamp_bad_CWE121_Stack_Based_Buffer_Overflow__CWE806_wchar_t_alloca_loop_06_bad_45,non_sanitizer,CWE121,06,c,/Users/saqif/Desktop/UCSB/ucsb_classes/w26/cs293G/joern/benchmarks/juliet/manifests/stage_b_clamp_transform_manifest.json
B,CWE121_Stack_Based_Buffer_Overflow/s07/CWE121_Stack_Based_Buffer_Overflow__CWE806_wchar_t_alloca_loop_07.c,47,CWE121_Stack_Based_Buffer_Overflow__CWE806_wchar_t_alloca_loop_07_bad,clamp_bad_CWE121_Stack_Based_Buffer_Overflow__CWE806_wchar_t_alloca_loop_07_bad_47,clamp_bad_CWE121_Stack_Based_Buffer_Overflow__CWE806_wchar_t_alloca_loop_07_bad_47,non_sanitizer,CWE121,07,c,/Users/saqif/Desktop/UCSB/ucsb_classes/w26/cs293G/joern/benchmarks/juliet/manifests/stage_b_clamp_transform_manifest.json
B,CWE121_Stack_Based_Buffer_Overflow/s07/CWE121_Stack_Based_Buffer_Overflow__CWE806_wchar_t_alloca_loop_08.c,55,CWE121_Stack_Based_Buffer_Overflow__CWE806_wchar_t_alloca_loop_08_bad,clamp_bad_CWE121_Stack_Based_Buffer_Overflow__CWE806_wchar_t_alloca_loop_08_bad_55,clamp_bad_CWE121_Stack_Based_Buffer_Overflow__CWE806_wchar_t_alloca_loop_08_bad_55,non_sanitizer,CWE121,08,c,/Users/saqif/Desktop/UCSB/ucsb_classes/w26/cs293G/joern/benchmarks/juliet/manifests/stage_b_clamp_transform_manifest.json
B,CWE121_Stack_Based_Buffer_Overflow/s07/CWE121_Stack_Based_Buffer_Overflow__CWE806_wchar_t_alloca_loop_09.c,41,CWE121_Stack_Based_Buffer_Overflow__CWE806_wchar_t_alloca_loop_09_bad,clamp_bad_CWE121_Stack_Based_Buffer_Overflow__CWE806_wchar_t_alloca_loop_09_bad_41,clamp_bad_CWE121_Stack_Based_Buffer_Overflow__CWE806_wchar_t_alloca_loop_09_bad_41,non_sanitizer,CWE121,09,c,/Users/saqif/Desktop/UCSB/ucsb_classes/w26/cs293G/joern/benchmarks/juliet/manifests/stage_b_clamp_transform_manifest.json
B,CWE121_Stack_Based_Buffer_Overflow/s07/CWE121_Stack_Based_Buffer_Overflow__CWE806_wchar_t_alloca_loop_10.c,41,CWE121_Stack_Based_Buffer_Overflow__CWE806_wchar_t_alloca_loop_10_bad,clamp_bad_CWE121_Stack_Based_Buffer_Overflow__CWE806_wchar_t_alloca_loop_10_bad_41,clamp_bad_CWE121_Stack_Based_Buffer_Overflow__CWE806_wchar_t_alloca_loop_10_bad_41,non_sanitizer,CWE121,10,c,/Users/saqif/Desktop/UCSB/ucsb_classes/w26/cs293G/joern/benchmarks/juliet/manifests/stage_b_clamp_transform_manifest.json
B,CWE121_Stack_Based_Buffer_Overflow/s07/CWE121_Stack_Based_Buffer_Overflow__CWE806_wchar_t_alloca_loop_11.c,41,CWE121_Stack_Based_Buffer_Overflow__CWE806_wchar_t_alloca_loop_11_bad,clamp_bad_CWE121_Stack_Based_Buffer_Overflow__CWE806_wchar_t_alloca_loop_11_bad_41,clamp_bad_CWE121_Stack_Based_Buffer_Overflow__CWE806_wchar_t_alloca_loop_11_bad_41,non_sanitizer,CWE121,11,c,/Users/saqif/Desktop/UCSB/ucsb_classes/w26/cs293G/joern/benchmarks/juliet/manifests/stage_b_clamp_transform_manifest.json
B,CWE121_Stack_Based_Buffer_Overflow/s07/CWE121_Stack_Based_Buffer_Overflow__CWE806_wchar_t_alloca_loop_12.c,47,CWE121_Stack_Based_Buffer_Overflow__CWE806_wchar_t_alloca_loop_12_bad,clamp_bad_CWE121_Stack_Based_Buffer_Overflow__CWE806_wchar_t_alloca_loop_12_bad_47,clamp_bad_CWE121_Stack_Based_Buffer_Overflow__CWE806_wchar_t_alloca_loop_12_bad_47,non_sanitizer,CWE121,12,c,/Users/saqif/Desktop/UCSB/ucsb_classes/w26/cs293G/joern/benchmarks/juliet/manifests/stage_b_clamp_transform_manifest.json
B,CWE121_Stack_Based_Buffer_Overflow/s07/CWE121_Stack_Based_Buffer_Overflow__CWE806_wchar_t_alloca_loop_13.c,41,CWE121_Stack_Based_Buffer_Overflow__CWE806_wchar_t_alloca_loop_13_bad,clamp_bad_CWE121_Stack_Based_Buffer_Overflow__CWE806_wchar_t_alloca_loop_13_bad_41,clamp_bad_CWE121_Stack_Based_Buffer_Overflow__CWE806_wchar_t_alloca_loop_13_bad_41,non_sanitizer,CWE121,13,c,/Users/saqif/Desktop/UCSB/ucsb_classes/w26/cs293G/joern/benchmarks/juliet/manifests/stage_b_clamp_transform_manifest.json
B,CWE121_Stack_Based_Buffer_Overflow/s07/CWE121_Stack_Based_Buffer_Overflow__CWE806_wchar_t_alloca_loop_14.c,41,CWE121_Stack_Based_Buffer_Overflow__CWE806_wchar_t_alloca_loop_14_bad,clamp_bad_CWE121_Stack_Based_Buffer_Overflow__CWE806_wchar_t_alloca_loop_14_bad_41,clamp_bad_CWE121_Stack_Based_Buffer_Overflow__CWE806_wchar_t_alloca_loop_14_bad_41,non_sanitizer,CWE121,14,c,/Users/saqif/Desktop/UCSB/ucsb_classes/w26/cs293G/joern/benchmarks/juliet/manifests/stage_b_clamp_transform_manifest.json
B,CWE121_Stack_Based_Buffer_Overflow/s07/CWE121_Stack_Based_Buffer_Overflow__CWE806_wchar_t_declare_loop_02.c,41,CWE121_Stack_Based_Buffer_Overflow__CWE806_wchar_t_declare_loop_02_bad,clamp_bad_CWE121_Stack_Based_Buffer_Overflow__CWE806_wchar_t_declare_loop_02_bad_41,clamp_bad_CWE121_Stack_Based_Buffer_Overflow__CWE806_wchar_t_declare_loop_02_bad_41,non_sanitizer,CWE121,02,c,/Users/saqif/Desktop/UCSB/ucsb_classes/w26/cs293G/joern/benchmarks/juliet/manifests/stage_b_clamp_transform_manifest.json
B,CWE121_Stack_Based_Buffer_Overflow/s07/CWE121_Stack_Based_Buffer_Overflow__CWE806_wchar_t_declare_loop_03.c,41,CWE121_Stack_Based_Buffer_Overflow__CWE806_wchar_t_declare_loop_03_bad,clamp_bad_CWE121_Stack_Based_Buffer_Overflow__CWE806_wchar_t_declare_loop_03_bad_41,clamp_bad_CWE121_Stack_Based_Buffer_Overflow__CWE806_wchar_t_declare_loop_03_bad_41,non_sanitizer,CWE121,03,c,/Users/saqif/Desktop/UCSB/ucsb_classes/w26/cs293G/joern/benchmarks/juliet/manifests/stage_b_clamp_transform_manifest.json
B,CWE121_Stack_Based_Buffer_Overflow/s07/CWE121_Stack_Based_Buffer_Overflow__CWE806_wchar_t_declare_loop_04.c,48,CWE121_Stack_Based_Buffer_Overflow__CWE806_wchar_t_declare_loop_04_bad,clamp_bad_CWE121_Stack_Based_Buffer_Overflow__CWE806_wchar_t_declare_loop_04_bad_48,clamp_bad_CWE121_Stack_Based_Buffer_Overflow__CWE806_wchar_t_declare_loop_04_bad_48,non_sanitizer,CWE121,04,c,/Users/saqif/Desktop/UCSB/ucsb_classes/w26/cs293G/joern/benchmarks/juliet/manifests/stage_b_clamp_transform_manifest.json
B,CWE121_Stack_Based_Buffer_Overflow/s07/CWE121_Stack_Based_Buffer_Overflow__CWE806_wchar_t_declare_loop_05.c,48,CWE121_Stack_Based_Buffer_Overflow__CWE806_wchar_t_declare_loop_05_bad,clamp_bad_CWE121_Stack_Based_Buffer_Overflow__CWE806_wchar_t_declare_loop_05_bad_48,clamp_bad_CWE121_Stack_Based_Buffer_Overflow__CWE806_wchar_t_declare_loop_05_bad_48,non_sanitizer,CWE121,05,c,/Users/saqif/Desktop/UCSB/ucsb_classes/w26/cs293G/joern/benchmarks/juliet/manifests/stage_b_clamp_transform_manifest.json
B,CWE121_Stack_Based_Buffer_Overflow/s07/CWE121_Stack_Based_Buffer_Overflow__CWE806_wchar_t_declare_loop_06.c,45,CWE121_Stack_Based_Buffer_Overflow__CWE806_wchar_t_declare_loop_06_bad,clamp_bad_CWE121_Stack_Based_Buffer_Overflow__CWE806_wchar_t_declare_loop_06_bad_45,clamp_bad_CWE121_Stack_Based_Buffer_Overflow__CWE806_wchar_t_declare_loop_06_bad_45,non_sanitizer,CWE121,06,c,/Users/saqif/Desktop/UCSB/ucsb_classes/w26/cs293G/joern/benchmarks/juliet/manifests/stage_b_clamp_transform_manifest.json
B,CWE121_Stack_Based_Buffer_Overflow/s07/CWE121_Stack_Based_Buffer_Overflow__CWE806_wchar_t_declare_loop_07.c,47,CWE121_Stack_Based_Buffer_Overflow__CWE806_wchar_t_declare_loop_07_bad,clamp_bad_CWE121_Stack_Based_Buffer_Overflow__CWE806_wchar_t_declare_loop_07_bad_47,clamp_bad_CWE121_Stack_Based_Buffer_Overflow__CWE806_wchar_t_declare_loop_07_bad_47,non_sanitizer,CWE121,07,c,/Users/saqif/Desktop/UCSB/ucsb_classes/w26/cs293G/joern/benchmarks/juliet/manifests/stage_b_clamp_transform_manifest.json
B,CWE121_Stack_Based_Buffer_Overflow/s07/CWE121_Stack_Based_Buffer_Overflow__CWE806_wchar_t_declare_loop_08.c,55,CWE121_Stack_Based_Buffer_Overflow__CWE806_wchar_t_declare_loop_08_bad,clamp_bad_CWE121_Stack_Based_Buffer_Overflow__CWE806_wchar_t_declare_loop_08_bad_55,clamp_bad_CWE121_Stack_Based_Buffer_Overflow__CWE806_wchar_t_declare_loop_08_bad_55,non_sanitizer,CWE121,08,c,/Users/saqif/Desktop/UCSB/ucsb_classes/w26/cs293G/joern/benchmarks/juliet/manifests/stage_b_clamp_transform_manifest.json
B,CWE121_Stack_Based_Buffer_Overflow/s07/CWE121_Stack_Based_Buffer_Overflow__CWE806_wchar_t_declare_loop_09.c,41,CWE121_Stack_Based_Buffer_Overflow__CWE806_wchar_t_declare_loop_09_bad,clamp_bad_CWE121_Stack_Based_Buffer_Overflow__CWE806_wchar_t_declare_loop_09_bad_41,clamp_bad_CWE121_Stack_Based_Buffer_Overflow__CWE806_wchar_t_declare_loop_09_bad_41,non_sanitizer,CWE121,09,c,/Users/saqif/Desktop/UCSB/ucsb_classes/w26/cs293G/joern/benchmarks/juliet/manifests/stage_b_clamp_transform_manifest.json
B,CWE121_Stack_Based_Buffer_Overflow/s07/CWE121_Stack_Based_Buffer_Overflow__CWE806_wchar_t_declare_loop_10.c,41,CWE121_Stack_Based_Buffer_Overflow__CWE806_wchar_t_declare_loop_10_bad,clamp_bad_CWE121_Stack_Based_Buffer_Overflow__CWE806_wchar_t_declare_loop_10_bad_41,clamp_bad_CWE121_Stack_Based_Buffer_Overflow__CWE806_wchar_t_declare_loop_10_bad_41,non_sanitizer,CWE121,10,c,/Users/saqif/Desktop/UCSB/ucsb_classes/w26/cs293G/joern/benchmarks/juliet/manifests/stage_b_clamp_transform_manifest.json
B,CWE121_Stack_Based_Buffer_Overflow/s07/CWE121_Stack_Based_Buffer_Overflow__CWE806_wchar_t_declare_loop_11.c,41,CWE121_Stack_Based_Buffer_Overflow__CWE806_wchar_t_declare_loop_11_bad,clamp_bad_CWE121_Stack_Based_Buffer_Overflow__CWE806_wchar_t_declare_loop_11_bad_41,clamp_bad_CWE121_Stack_Based_Buffer_Overflow__CWE806_wchar_t_declare_loop_11_bad_41,non_sanitizer,CWE121,11,c,/Users/saqif/Desktop/UCSB/ucsb_classes/w26/cs293G/joern/benchmarks/juliet/manifests/stage_b_clamp_transform_manifest.json
B,CWE121_Stack_Based_Buffer_Overflow/s07/CWE121_Stack_Based_Buffer_Overflow__CWE806_wchar_t_declare_loop_12.c,47,CWE121_Stack_Based_Buffer_Overflow__CWE806_wchar_t_declare_loop_12_bad,clamp_bad_CWE121_Stack_Based_Buffer_Overflow__CWE806_wchar_t_declare_loop_12_bad_47,clamp_bad_CWE121_Stack_Based_Buffer_Overflow__CWE806_wchar_t_declare_loop_12_bad_47,non_sanitizer,CWE121,12,c,/Users/saqif/Desktop/UCSB/ucsb_classes/w26/cs293G/joern/benchmarks/juliet/manifests/stage_b_clamp_transform_manifest.json
B,CWE121_Stack_Based_Buffer_Overflow/s07/CWE121_Stack_Based_Buffer_Overflow__CWE806_wchar_t_declare_loop_13.c,41,CWE121_Stack_Based_Buffer_Overflow__CWE806_wchar_t_declare_loop_13_bad,clamp_bad_CWE121_Stack_Based_Buffer_Overflow__CWE806_wchar_t_declare_loop_13_bad_41,clamp_bad_CWE121_Stack_Based_Buffer_Overflow__CWE806_wchar_t_declare_loop_13_bad_41,non_sanitizer,CWE121,13,c,/Users/saqif/Desktop/UCSB/ucsb_classes/w26/cs293G/joern/benchmarks/juliet/manifests/stage_b_clamp_transform_manifest.json
B,CWE121_Stack_Based_Buffer_Overflow/s07/CWE121_Stack_Based_Buffer_Overflow__CWE806_wchar_t_declare_loop_14.c,41,CWE121_Stack_Based_Buffer_Overflow__CWE806_wchar_t_declare_loop_14_bad,clamp_bad_CWE121_Stack_Based_Buffer_Overflow__CWE806_wchar_t_declare_loop_14_bad_41,clamp_bad_CWE121_Stack_Based_Buffer_Overflow__CWE806_wchar_t_declare_loop_14_bad_41,non_sanitizer,CWE121,14,c,/Users/saqif/Desktop/UCSB/ucsb_classes/w26/cs293G/joern/benchmarks/juliet/manifests/stage_b_clamp_transform_manifest.json
B,CWE122_Heap_Based_Buffer_Overflow/s04/CWE122_Heap_Based_Buffer_Overflow__cpp_CWE806_char_loop_02.cpp,43,bad,clamp_bad_bad_43,clamp_bad_bad_43,non_sanitizer,CWE122,02,cpp,/Users/saqif/Desktop/UCSB/ucsb_classes/w26/cs293G/joern/benchmarks/juliet/manifests/stage_b_clamp_transform_manifest.json
B,CWE122_Heap_Based_Buffer_Overflow/s04/CWE122_Heap_Based_Buffer_Overflow__cpp_CWE806_char_loop_03.cpp,43,bad,clamp_bad_bad_43,clamp_bad_bad_43,non_sanitizer,CWE122,03,cpp,/Users/saqif/Desktop/UCSB/ucsb_classes/w26/cs293G/joern/benchmarks/juliet/manifests/stage_b_clamp_transform_manifest.json
B,CWE122_Heap_Based_Buffer_Overflow/s04/CWE122_Heap_Based_Buffer_Overflow__cpp_CWE806_char_loop_04.cpp,49,bad,clamp_bad_bad_49,clamp_bad_bad_49,non_sanitizer,CWE122,04,cpp,/Users/saqif/Desktop/UCSB/ucsb_classes/w26/cs293G/joern/benchmarks/juliet/manifests/stage_b_clamp_transform_manifest.json
B,CWE122_Heap_Based_Buffer_Overflow/s04/CWE122_Heap_Based_Buffer_Overflow__cpp_CWE806_char_loop_05.cpp,49,bad,clamp_bad_bad_49,clamp_bad_bad_49,non_sanitizer,CWE122,05,cpp,/Users/saqif/Desktop/UCSB/ucsb_classes/w26/cs293G/joern/benchmarks/juliet/manifests/stage_b_clamp_transform_manifest.json
B,CWE122_Heap_Based_Buffer_Overflow/s04/CWE122_Heap_Based_Buffer_Overflow__cpp_CWE806_char_loop_06.cpp,48,bad,clamp_bad_bad_48,clamp_bad_bad_48,non_sanitizer,CWE122,06,cpp,/Users/saqif/Desktop/UCSB/ucsb_classes/w26/cs293G/joern/benchmarks/juliet/manifests/stage_b_clamp_transform_manifest.json
B,CWE122_Heap_Based_Buffer_Overflow/s04/CWE122_Heap_Based_Buffer_Overflow__cpp_CWE806_char_loop_07.cpp,48,bad,clamp_bad_bad_48,clamp_bad_bad_48,non_sanitizer,CWE122,07,cpp,/Users/saqif/Desktop/UCSB/ucsb_classes/w26/cs293G/joern/benchmarks/juliet/manifests/stage_b_clamp_transform_manifest.json
B,CWE122_Heap_Based_Buffer_Overflow/s04/CWE122_Heap_Based_Buffer_Overflow__cpp_CWE806_char_loop_08.cpp,56,bad,clamp_bad_bad_56,clamp_bad_bad_56,non_sanitizer,CWE122,08,cpp,/Users/saqif/Desktop/UCSB/ucsb_classes/w26/cs293G/joern/benchmarks/juliet/manifests/stage_b_clamp_transform_manifest.json
B,CWE122_Heap_Based_Buffer_Overflow/s04/CWE122_Heap_Based_Buffer_Overflow__cpp_CWE806_char_loop_09.cpp,43,bad,clamp_bad_bad_43,clamp_bad_bad_43,non_sanitizer,CWE122,09,cpp,/Users/saqif/Desktop/UCSB/ucsb_classes/w26/cs293G/joern/benchmarks/juliet/manifests/stage_b_clamp_transform_manifest.json
B,CWE122_Heap_Based_Buffer_Overflow/s04/CWE122_Heap_Based_Buffer_Overflow__cpp_CWE806_char_loop_10.cpp,43,bad,clamp_bad_bad_43,clamp_bad_bad_43,non_sanitizer,CWE122,10,cpp,/Users/saqif/Desktop/UCSB/ucsb_classes/w26/cs293G/joern/benchmarks/juliet/manifests/stage_b_clamp_transform_manifest.json
B,CWE122_Heap_Based_Buffer_Overflow/s04/CWE122_Heap_Based_Buffer_Overflow__cpp_CWE806_char_loop_11.cpp,43,bad,clamp_bad_bad_43,clamp_bad_bad_43,non_sanitizer,CWE122,11,cpp,/Users/saqif/Desktop/UCSB/ucsb_classes/w26/cs293G/joern/benchmarks/juliet/manifests/stage_b_clamp_transform_manifest.json
B,CWE122_Heap_Based_Buffer_Overflow/s04/CWE122_Heap_Based_Buffer_Overflow__cpp_CWE806_char_loop_12.cpp,49,bad,clamp_bad_bad_49,clamp_bad_bad_49,non_sanitizer,CWE122,12,cpp,/Users/saqif/Desktop/UCSB/ucsb_classes/w26/cs293G/joern/benchmarks/juliet/manifests/stage_b_clamp_transform_manifest.json
B,CWE122_Heap_Based_Buffer_Overflow/s04/CWE122_Heap_Based_Buffer_Overflow__cpp_CWE806_char_loop_13.cpp,43,bad,clamp_bad_bad_43,clamp_bad_bad_43,non_sanitizer,CWE122,13,cpp,/Users/saqif/Desktop/UCSB/ucsb_classes/w26/cs293G/joern/benchmarks/juliet/manifests/stage_b_clamp_transform_manifest.json
B,CWE122_Heap_Based_Buffer_Overflow/s04/CWE122_Heap_Based_Buffer_Overflow__cpp_CWE806_char_loop_14.cpp,43,bad,clamp_bad_bad_43,clamp_bad_bad_43,non_sanitizer,CWE122,14,cpp,/Users/saqif/Desktop/UCSB/ucsb_classes/w26/cs293G/joern/benchmarks/juliet/manifests/stage_b_clamp_transform_manifest.json
B,CWE122_Heap_Based_Buffer_Overflow/s04/CWE122_Heap_Based_Buffer_Overflow__cpp_CWE806_wchar_t_loop_02.cpp,43,bad,clamp_bad_bad_43,clamp_bad_bad_43,non_sanitizer,CWE122,02,cpp,/Users/saqif/Desktop/UCSB/ucsb_classes/w26/cs293G/joern/benchmarks/juliet/manifests/stage_b_clamp_transform_manifest.json
B,CWE122_Heap_Based_Buffer_Overflow/s04/CWE122_Heap_Based_Buffer_Overflow__cpp_CWE806_wchar_t_loop_03.cpp,43,bad,clamp_bad_bad_43,clamp_bad_bad_43,non_sanitizer,CWE122,03,cpp,/Users/saqif/Desktop/UCSB/ucsb_classes/w26/cs293G/joern/benchmarks/juliet/manifests/stage_b_clamp_transform_manifest.json
B,CWE122_Heap_Based_Buffer_Overflow/s04/CWE122_Heap_Based_Buffer_Overflow__cpp_CWE806_wchar_t_loop_04.cpp,49,bad,clamp_bad_bad_49,clamp_bad_bad_49,non_sanitizer,CWE122,04,cpp,/Users/saqif/Desktop/UCSB/ucsb_classes/w26/cs293G/joern/benchmarks/juliet/manifests/stage_b_clamp_transform_manifest.json
B,CWE122_Heap_Based_Buffer_Overflow/s04/CWE122_Heap_Based_Buffer_Overflow__cpp_CWE806_wchar_t_loop_05.cpp,49,bad,clamp_bad_bad_49,clamp_bad_bad_49,non_sanitizer,CWE122,05,cpp,/Users/saqif/Desktop/UCSB/ucsb_classes/w26/cs293G/joern/benchmarks/juliet/manifests/stage_b_clamp_transform_manifest.json
B,CWE122_Heap_Based_Buffer_Overflow/s04/CWE122_Heap_Based_Buffer_Overflow__cpp_CWE806_wchar_t_loop_06.cpp,48,bad,clamp_bad_bad_48,clamp_bad_bad_48,non_sanitizer,CWE122,06,cpp,/Users/saqif/Desktop/UCSB/ucsb_classes/w26/cs293G/joern/benchmarks/juliet/manifests/stage_b_clamp_transform_manifest.json
B,CWE122_Heap_Based_Buffer_Overflow/s04/CWE122_Heap_Based_Buffer_Overflow__cpp_CWE806_wchar_t_loop_07.cpp,48,bad,clamp_bad_bad_48,clamp_bad_bad_48,non_sanitizer,CWE122,07,cpp,/Users/saqif/Desktop/UCSB/ucsb_classes/w26/cs293G/joern/benchmarks/juliet/manifests/stage_b_clamp_transform_manifest.json
B,CWE122_Heap_Based_Buffer_Overflow/s04/CWE122_Heap_Based_Buffer_Overflow__cpp_CWE806_wchar_t_loop_08.cpp,56,bad,clamp_bad_bad_56,clamp_bad_bad_56,non_sanitizer,CWE122,08,cpp,/Users/saqif/Desktop/UCSB/ucsb_classes/w26/cs293G/joern/benchmarks/juliet/manifests/stage_b_clamp_transform_manifest.json
B,CWE122_Heap_Based_Buffer_Overflow/s04/CWE122_Heap_Based_Buffer_Overflow__cpp_CWE806_wchar_t_loop_09.cpp,43,bad,clamp_bad_bad_43,clamp_bad_bad_43,non_sanitizer,CWE122,09,cpp,/Users/saqif/Desktop/UCSB/ucsb_classes/w26/cs293G/joern/benchmarks/juliet/manifests/stage_b_clamp_transform_manifest.json
B,CWE122_Heap_Based_Buffer_Overflow/s04/CWE122_Heap_Based_Buffer_Overflow__cpp_CWE806_wchar_t_loop_10.cpp,43,bad,clamp_bad_bad_43,clamp_bad_bad_43,non_sanitizer,CWE122,10,cpp,/Users/saqif/Desktop/UCSB/ucsb_classes/w26/cs293G/joern/benchmarks/juliet/manifests/stage_b_clamp_transform_manifest.json
B,CWE122_Heap_Based_Buffer_Overflow/s04/CWE122_Heap_Based_Buffer_Overflow__cpp_CWE806_wchar_t_loop_11.cpp,43,bad,clamp_bad_bad_43,clamp_bad_bad_43,non_sanitizer,CWE122,11,cpp,/Users/saqif/Desktop/UCSB/ucsb_classes/w26/cs293G/joern/benchmarks/juliet/manifests/stage_b_clamp_transform_manifest.json
B,CWE122_Heap_Based_Buffer_Overflow/s04/CWE122_Heap_Based_Buffer_Overflow__cpp_CWE806_wchar_t_loop_12.cpp,49,bad,clamp_bad_bad_49,clamp_bad_bad_49,non_sanitizer,CWE122,12,cpp,/Users/saqif/Desktop/UCSB/ucsb_classes/w26/cs293G/joern/benchmarks/juliet/manifests/stage_b_clamp_transform_manifest.json
B,CWE122_Heap_Based_Buffer_Overflow/s04/CWE122_Heap_Based_Buffer_Overflow__cpp_CWE806_wchar_t_loop_13.cpp,43,bad,clamp_bad_bad_43,clamp_bad_bad_43,non_sanitizer,CWE122,13,cpp,/Users/saqif/Desktop/UCSB/ucsb_classes/w26/cs293G/joern/benchmarks/juliet/manifests/stage_b_clamp_transform_manifest.json
B,CWE122_Heap_Based_Buffer_Overflow/s04/CWE122_Heap_Based_Buffer_Overflow__cpp_CWE806_wchar_t_loop_14.cpp,43,bad,clamp_bad_bad_43,clamp_bad_bad_43,non_sanitizer,CWE122,14,cpp,/Users/saqif/Desktop/UCSB/ucsb_classes/w26/cs293G/joern/benchmarks/juliet/manifests/stage_b_clamp_transform_manifest.json
B,CWE122_Heap_Based_Buffer_Overflow/s09/CWE122_Heap_Based_Buffer_Overflow__c_CWE806_char_loop_02.c,41,CWE122_Heap_Based_Buffer_Overflow__c_CWE806_char_loop_02_bad,clamp_bad_CWE122_Heap_Based_Buffer_Overflow__c_CWE806_char_loop_02_bad_41,clamp_bad_CWE122_Heap_Based_Buffer_Overflow__c_CWE806_char_loop_02_bad_41,non_sanitizer,CWE122,02,c,/Users/saqif/Desktop/UCSB/ucsb_classes/w26/cs293G/joern/benchmarks/juliet/manifests/stage_b_clamp_transform_manifest.json
B,CWE122_Heap_Based_Buffer_Overflow/s09/CWE122_Heap_Based_Buffer_Overflow__c_CWE806_char_loop_03.c,41,CWE122_Heap_Based_Buffer_Overflow__c_CWE806_char_loop_03_bad,clamp_bad_CWE122_Heap_Based_Buffer_Overflow__c_CWE806_char_loop_03_bad_41,clamp_bad_CWE122_Heap_Based_Buffer_Overflow__c_CWE806_char_loop_03_bad_41,non_sanitizer,CWE122,03,c,/Users/saqif/Desktop/UCSB/ucsb_classes/w26/cs293G/joern/benchmarks/juliet/manifests/stage_b_clamp_transform_manifest.json
B,CWE122_Heap_Based_Buffer_Overflow/s09/CWE122_Heap_Based_Buffer_Overflow__c_CWE806_char_loop_04.c,48,CWE122_Heap_Based_Buffer_Overflow__c_CWE806_char_loop_04_bad,clamp_bad_CWE122_Heap_Based_Buffer_Overflow__c_CWE806_char_loop_04_bad_48,clamp_bad_CWE122_Heap_Based_Buffer_Overflow__c_CWE806_char_loop_04_bad_48,non_sanitizer,CWE122,04,c,/Users/saqif/Desktop/UCSB/ucsb_classes/w26/cs293G/joern/benchmarks/juliet/manifests/stage_b_clamp_transform_manifest.json
B,CWE122_Heap_Based_Buffer_Overflow/s09/CWE122_Heap_Based_Buffer_Overflow__c_CWE806_char_loop_05.c,48,CWE122_Heap_Based_Buffer_Overflow__c_CWE806_char_loop_05_bad,clamp_bad_CWE122_Heap_Based_Buffer_Overflow__c_CWE806_char_loop_05_bad_48,clamp_bad_CWE122_Heap_Based_Buffer_Overflow__c_CWE806_char_loop_05_bad_48,non_sanitizer,CWE122,05,c,/Users/saqif/Desktop/UCSB/ucsb_classes/w26/cs293G/joern/benchmarks/juliet/manifests/stage_b_clamp_transform_manifest.json
B,CWE122_Heap_Based_Buffer_Overflow/s09/CWE122_Heap_Based_Buffer_Overflow__c_CWE806_char_loop_06.c,45,CWE122_Heap_Based_Buffer_Overflow__c_CWE806_char_loop_06_bad,clamp_bad_CWE122_Heap_Based_Buffer_Overflow__c_CWE806_char_loop_06_bad_45,clamp_bad_CWE122_Heap_Based_Buffer_Overflow__c_CWE806_char_loop_06_bad_45,non_sanitizer,CWE122,06,c,/Users/saqif/Desktop/UCSB/ucsb_classes/w26/cs293G/joern/benchmarks/juliet/manifests/stage_b_clamp_transform_manifest.json
B,CWE122_Heap_Based_Buffer_Overflow/s09/CWE122_Heap_Based_Buffer_Overflow__c_CWE806_char_loop_07.c,47,CWE122_Heap_Based_Buffer_Overflow__c_CWE806_char_loop_07_bad,clamp_bad_CWE122_Heap_Based_Buffer_Overflow__c_CWE806_char_loop_07_bad_47,clamp_bad_CWE122_Heap_Based_Buffer_Overflow__c_CWE806_char_loop_07_bad_47,non_sanitizer,CWE122,07,c,/Users/saqif/Desktop/UCSB/ucsb_classes/w26/cs293G/joern/benchmarks/juliet/manifests/stage_b_clamp_transform_manifest.json
B,CWE122_Heap_Based_Buffer_Overflow/s09/CWE122_Heap_Based_Buffer_Overflow__c_CWE806_char_loop_08.c,55,CWE122_Heap_Based_Buffer_Overflow__c_CWE806_char_loop_08_bad,clamp_bad_CWE122_Heap_Based_Buffer_Overflow__c_CWE806_char_loop_08_bad_55,clamp_bad_CWE122_Heap_Based_Buffer_Overflow__c_CWE806_char_loop_08_bad_55,non_sanitizer,CWE122,08,c,/Users/saqif/Desktop/UCSB/ucsb_classes/w26/cs293G/joern/benchmarks/juliet/manifests/stage_b_clamp_transform_manifest.json
B,CWE122_Heap_Based_Buffer_Overflow/s09/CWE122_Heap_Based_Buffer_Overflow__c_CWE806_char_loop_09.c,41,CWE122_Heap_Based_Buffer_Overflow__c_CWE806_char_loop_09_bad,clamp_bad_CWE122_Heap_Based_Buffer_Overflow__c_CWE806_char_loop_09_bad_41,clamp_bad_CWE122_Heap_Based_Buffer_Overflow__c_CWE806_char_loop_09_bad_41,non_sanitizer,CWE122,09,c,/Users/saqif/Desktop/UCSB/ucsb_classes/w26/cs293G/joern/benchmarks/juliet/manifests/stage_b_clamp_transform_manifest.json
B,CWE122_Heap_Based_Buffer_Overflow/s09/CWE122_Heap_Based_Buffer_Overflow__c_CWE806_char_loop_10.c,41,CWE122_Heap_Based_Buffer_Overflow__c_CWE806_char_loop_10_bad,clamp_bad_CWE122_Heap_Based_Buffer_Overflow__c_CWE806_char_loop_10_bad_41,clamp_bad_CWE122_Heap_Based_Buffer_Overflow__c_CWE806_char_loop_10_bad_41,non_sanitizer,CWE122,10,c,/Users/saqif/Desktop/UCSB/ucsb_classes/w26/cs293G/joern/benchmarks/juliet/manifests/stage_b_clamp_transform_manifest.json
B,CWE122_Heap_Based_Buffer_Overflow/s09/CWE122_Heap_Based_Buffer_Overflow__c_CWE806_char_loop_11.c,41,CWE122_Heap_Based_Buffer_Overflow__c_CWE806_char_loop_11_bad,clamp_bad_CWE122_Heap_Based_Buffer_Overflow__c_CWE806_char_loop_11_bad_41,clamp_bad_CWE122_Heap_Based_Buffer_Overflow__c_CWE806_char_loop_11_bad_41,non_sanitizer,CWE122,11,c,/Users/saqif/Desktop/UCSB/ucsb_classes/w26/cs293G/joern/benchmarks/juliet/manifests/stage_b_clamp_transform_manifest.json
B,CWE122_Heap_Based_Buffer_Overflow/s09/CWE122_Heap_Based_Buffer_Overflow__c_CWE806_char_loop_12.c,47,CWE122_Heap_Based_Buffer_Overflow__c_CWE806_char_loop_12_bad,clamp_bad_CWE122_Heap_Based_Buffer_Overflow__c_CWE806_char_loop_12_bad_47,clamp_bad_CWE122_Heap_Based_Buffer_Overflow__c_CWE806_char_loop_12_bad_47,non_sanitizer,CWE122,12,c,/Users/saqif/Desktop/UCSB/ucsb_classes/w26/cs293G/joern/benchmarks/juliet/manifests/stage_b_clamp_transform_manifest.json
B,CWE122_Heap_Based_Buffer_Overflow/s09/CWE122_Heap_Based_Buffer_Overflow__c_CWE806_char_loop_13.c,41,CWE122_Heap_Based_Buffer_Overflow__c_CWE806_char_loop_13_bad,clamp_bad_CWE122_Heap_Based_Buffer_Overflow__c_CWE806_char_loop_13_bad_41,clamp_bad_CWE122_Heap_Based_Buffer_Overflow__c_CWE806_char_loop_13_bad_41,non_sanitizer,CWE122,13,c,/Users/saqif/Desktop/UCSB/ucsb_classes/w26/cs293G/joern/benchmarks/juliet/manifests/stage_b_clamp_transform_manifest.json
B,CWE122_Heap_Based_Buffer_Overflow/s09/CWE122_Heap_Based_Buffer_Overflow__c_CWE806_char_loop_14.c,41,CWE122_Heap_Based_Buffer_Overflow__c_CWE806_char_loop_14_bad,clamp_bad_CWE122_Heap_Based_Buffer_Overflow__c_CWE806_char_loop_14_bad_41,clamp_bad_CWE122_Heap_Based_Buffer_Overflow__c_CWE806_char_loop_14_bad_41,non_sanitizer,CWE122,14,c,/Users/saqif/Desktop/UCSB/ucsb_classes/w26/cs293G/joern/benchmarks/juliet/manifests/stage_b_clamp_transform_manifest.json
B,CWE122_Heap_Based_Buffer_Overflow/s09/CWE122_Heap_Based_Buffer_Overflow__c_CWE806_char_loop_15.c,47,CWE122_Heap_Based_Buffer_Overflow__c_CWE806_char_loop_15_bad,clamp_bad_CWE122_Heap_Based_Buffer_Overflow__c_CWE806_char_loop_15_bad_47,clamp_bad_CWE122_Heap_Based_Buffer_Overflow__c_CWE806_char_loop_15_bad_47,non_sanitizer,CWE122,15,c,/Users/saqif/Desktop/UCSB/ucsb_classes/w26/cs293G/joern/benchmarks/juliet/manifests/stage_b_clamp_transform_manifest.json
B,CWE122_Heap_Based_Buffer_Overflow/s09/CWE122_Heap_Based_Buffer_Overflow__c_CWE806_char_loop_16.c,42,CWE122_Heap_Based_Buffer_Overflow__c_CWE806_char_loop_16_bad,clamp_bad_CWE122_Heap_Based_Buffer_Overflow__c_CWE806_char_loop_16_bad_42,clamp_bad_CWE122_Heap_Based_Buffer_Overflow__c_CWE806_char_loop_16_bad_42,non_sanitizer,CWE122,16,c,/Users/saqif/Desktop/UCSB/ucsb_classes/w26/cs293G/joern/benchmarks/juliet/manifests/stage_b_clamp_transform_manifest.json
B,CWE122_Heap_Based_Buffer_Overflow/s09/CWE122_Heap_Based_Buffer_Overflow__c_CWE806_char_loop_17.c,42,CWE122_Heap_Based_Buffer_Overflow__c_CWE806_char_loop_17_bad,clamp_bad_CWE122_Heap_Based_Buffer_Overflow__c_CWE806_char_loop_17_bad_42,clamp_bad_CWE122_Heap_Based_Buffer_Overflow__c_CWE806_char_loop_17_bad_42,non_sanitizer,CWE122,17,c,/Users/saqif/Desktop/UCSB/ucsb_classes/w26/cs293G/joern/benchmarks/juliet/manifests/stage_b_clamp_transform_manifest.json
B,CWE122_Heap_Based_Buffer_Overflow/s09/CWE122_Heap_Based_Buffer_Overflow__c_CWE806_char_loop_18.c,40,CWE122_Heap_Based_Buffer_Overflow__c_CWE806_char_loop_18_bad,clamp_bad_CWE122_Heap_Based_Buffer_Overflow__c_CWE806_char_loop_18_bad_40,clamp_bad_CWE122_Heap_Based_Buffer_Overflow__c_CWE806_char_loop_18_bad_40,non_sanitizer,CWE122,18,c,/Users/saqif/Desktop/UCSB/ucsb_classes/w26/cs293G/joern/benchmarks/juliet/manifests/stage_b_clamp_transform_manifest.json
B,CWE122_Heap_Based_Buffer_Overflow/s09/CWE122_Heap_Based_Buffer_Overflow__c_CWE806_char_loop_21.c,51,CWE122_Heap_Based_Buffer_Overflow__c_CWE806_char_loop_21_bad,clamp_bad_CWE122_Heap_Based_Buffer_Overflow__c_CWE806_char_loop_21_bad_51,clamp_bad_CWE122_Heap_Based_Buffer_Overflow__c_CWE806_char_loop_21_bad_51,non_sanitizer,CWE122,21,c,/Users/saqif/Desktop/UCSB/ucsb_classes/w26/cs293G/joern/benchmarks/juliet/manifests/stage_b_clamp_transform_manifest.json
B,CWE122_Heap_Based_Buffer_Overflow/s09/CWE122_Heap_Based_Buffer_Overflow__c_CWE806_char_loop_22a.c,42,CWE122_Heap_Based_Buffer_Overflow__c_CWE806_char_loop_22_bad,clamp_bad_CWE122_Heap_Based_Buffer_Overflow__c_CWE806_char_loop_22_bad_42,clamp_bad_CWE122_Heap_Based_Buffer_Overflow__c_CWE806_char_loop_22_bad_42,non_sanitizer,CWE122,22,c,/Users/saqif/Desktop/UCSB/ucsb_classes/w26/cs293G/joern/benchmarks/juliet/manifests/stage_b_clamp_transform_manifest.json
B,CWE122_Heap_Based_Buffer_Overflow/s09/CWE122_Heap_Based_Buffer_Overflow__c_CWE806_char_loop_31.c,41,CWE122_Heap_Based_Buffer_Overflow__c_CWE806_char_loop_31_bad,clamp_bad_CWE122_Heap_Based_Buffer_Overflow__c_CWE806_char_loop_31_bad_41,clamp_bad_CWE122_Heap_Based_Buffer_Overflow__c_CWE806_char_loop_31_bad_41,non_sanitizer,CWE122,31,c,/Users/saqif/Desktop/UCSB/ucsb_classes/w26/cs293G/joern/benchmarks/juliet/manifests/stage_b_clamp_transform_manifest.json
B,CWE122_Heap_Based_Buffer_Overflow/s09/CWE122_Heap_Based_Buffer_Overflow__c_CWE806_char_loop_32.c,46,CWE122_Heap_Based_Buffer_Overflow__c_CWE806_char_loop_32_bad,clamp_bad_CWE122_Heap_Based_Buffer_Overflow__c_CWE806_char_loop_32_bad_46,clamp_bad_CWE122_Heap_Based_Buffer_Overflow__c_CWE806_char_loop_32_bad_46,non_sanitizer,CWE122,32,c,/Users/saqif/Desktop/UCSB/ucsb_classes/w26/cs293G/joern/benchmarks/juliet/manifests/stage_b_clamp_transform_manifest.json
B,CWE122_Heap_Based_Buffer_Overflow/s09/CWE122_Heap_Based_Buffer_Overflow__c_CWE806_char_loop_33.cpp,44,bad,clamp_bad_bad_44,clamp_bad_bad_44,non_sanitizer,CWE122,33,cpp,/Users/saqif/Desktop/UCSB/ucsb_classes/w26/cs293G/joern/benchmarks/juliet/manifests/stage_b_clamp_transform_manifest.json
B,CWE122_Heap_Based_Buffer_Overflow/s09/CWE122_Heap_Based_Buffer_Overflow__c_CWE806_char_loop_34.c,48,CWE122_Heap_Based_Buffer_Overflow__c_CWE806_char_loop_34_bad,clamp_bad_CWE122_Heap_Based_Buffer_Overflow__c_CWE806_char_loop_34_bad_48,clamp_bad_CWE122_Heap_Based_Buffer_Overflow__c_CWE806_char_loop_34_bad_48,non_sanitizer,CWE122,34,c,/Users/saqif/Desktop/UCSB/ucsb_classes/w26/cs293G/joern/benchmarks/juliet/manifests/stage_b_clamp_transform_manifest.json
B,CWE122_Heap_Based_Buffer_Overflow/s09/CWE122_Heap_Based_Buffer_Overflow__c_CWE806_char_loop_42.c,44,CWE122_Heap_Based_Buffer_Overflow__c_CWE806_char_loop_42_bad,clamp_bad_CWE122_Heap_Based_Buffer_Overflow__c_CWE806_char_loop_42_bad_44,clamp_bad_CWE122_Heap_Based_Buffer_Overflow__c_CWE806_char_loop_42_bad_44,non_sanitizer,CWE122,42,c,/Users/saqif/Desktop/UCSB/ucsb_classes/w26/cs293G/joern/benchmarks/juliet/manifests/stage_b_clamp_transform_manifest.json
B,CWE122_Heap_Based_Buffer_Overflow/s09/CWE122_Heap_Based_Buffer_Overflow__c_CWE806_char_loop_43.cpp,46,bad,clamp_bad_bad_46,clamp_bad_bad_46,non_sanitizer,CWE122,43,cpp,/Users/saqif/Desktop/UCSB/ucsb_classes/w26/cs293G/joern/benchmarks/juliet/manifests/stage_b_clamp_transform_manifest.json
B,CWE122_Heap_Based_Buffer_Overflow/s09/CWE122_Heap_Based_Buffer_Overflow__c_CWE806_wchar_t_loop_02.c,41,CWE122_Heap_Based_Buffer_Overflow__c_CWE806_wchar_t_loop_02_bad,clamp_bad_CWE122_Heap_Based_Buffer_Overflow__c_CWE806_wchar_t_loop_02_bad_41,clamp_bad_CWE122_Heap_Based_Buffer_Overflow__c_CWE806_wchar_t_loop_02_bad_41,non_sanitizer,CWE122,02,c,/Users/saqif/Desktop/UCSB/ucsb_classes/w26/cs293G/joern/benchmarks/juliet/manifests/stage_b_clamp_transform_manifest.json
B,CWE122_Heap_Based_Buffer_Overflow/s09/CWE122_Heap_Based_Buffer_Overflow__c_CWE806_wchar_t_loop_03.c,41,CWE122_Heap_Based_Buffer_Overflow__c_CWE806_wchar_t_loop_03_bad,clamp_bad_CWE122_Heap_Based_Buffer_Overflow__c_CWE806_wchar_t_loop_03_bad_41,clamp_bad_CWE122_Heap_Based_Buffer_Overflow__c_CWE806_wchar_t_loop_03_bad_41,non_sanitizer,CWE122,03,c,/Users/saqif/Desktop/UCSB/ucsb_classes/w26/cs293G/joern/benchmarks/juliet/manifests/stage_b_clamp_transform_manifest.json
B,CWE122_Heap_Based_Buffer_Overflow/s09/CWE122_Heap_Based_Buffer_Overflow__c_CWE806_wchar_t_loop_04.c,48,CWE122_Heap_Based_Buffer_Overflow__c_CWE806_wchar_t_loop_04_bad,clamp_bad_CWE122_Heap_Based_Buffer_Overflow__c_CWE806_wchar_t_loop_04_bad_48,clamp_bad_CWE122_Heap_Based_Buffer_Overflow__c_CWE806_wchar_t_loop_04_bad_48,non_sanitizer,CWE122,04,c,/Users/saqif/Desktop/UCSB/ucsb_classes/w26/cs293G/joern/benchmarks/juliet/manifests/stage_b_clamp_transform_manifest.json
B,CWE122_Heap_Based_Buffer_Overflow/s09/CWE122_Heap_Based_Buffer_Overflow__c_CWE806_wchar_t_loop_05.c,48,CWE122_Heap_Based_Buffer_Overflow__c_CWE806_wchar_t_loop_05_bad,clamp_bad_CWE122_Heap_Based_Buffer_Overflow__c_CWE806_wchar_t_loop_05_bad_48,clamp_bad_CWE122_Heap_Based_Buffer_Overflow__c_CWE806_wchar_t_loop_05_bad_48,non_sanitizer,CWE122,05,c,/Users/saqif/Desktop/UCSB/ucsb_classes/w26/cs293G/joern/benchmarks/juliet/manifests/stage_b_clamp_transform_manifest.json
B,CWE122_Heap_Based_Buffer_Overflow/s09/CWE122_Heap_Based_Buffer_Overflow__c_CWE806_wchar_t_loop_06.c,45,CWE122_Heap_Based_Buffer_Overflow__c_CWE806_wchar_t_loop_06_bad,clamp_bad_CWE122_Heap_Based_Buffer_Overflow__c_CWE806_wchar_t_loop_06_bad_45,clamp_bad_CWE122_Heap_Based_Buffer_Overflow__c_CWE806_wchar_t_loop_06_bad_45,non_sanitizer,CWE122,06,c,/Users/saqif/Desktop/UCSB/ucsb_classes/w26/cs293G/joern/benchmarks/juliet/manifests/stage_b_clamp_transform_manifest.json
B,CWE122_Heap_Based_Buffer_Overflow/s09/CWE122_Heap_Based_Buffer_Overflow__c_CWE806_wchar_t_loop_07.c,47,CWE122_Heap_Based_Buffer_Overflow__c_CWE806_wchar_t_loop_07_bad,clamp_bad_CWE122_Heap_Based_Buffer_Overflow__c_CWE806_wchar_t_loop_07_bad_47,clamp_bad_CWE122_Heap_Based_Buffer_Overflow__c_CWE806_wchar_t_loop_07_bad_47,non_sanitizer,CWE122,07,c,/Users/saqif/Desktop/UCSB/ucsb_classes/w26/cs293G/joern/benchmarks/juliet/manifests/stage_b_clamp_transform_manifest.json
B,CWE122_Heap_Based_Buffer_Overflow/s09/CWE122_Heap_Based_Buffer_Overflow__c_CWE806_wchar_t_loop_08.c,55,CWE122_Heap_Based_Buffer_Overflow__c_CWE806_wchar_t_loop_08_bad,clamp_bad_CWE122_Heap_Based_Buffer_Overflow__c_CWE806_wchar_t_loop_08_bad_55,clamp_bad_CWE122_Heap_Based_Buffer_Overflow__c_CWE806_wchar_t_loop_08_bad_55,non_sanitizer,CWE122,08,c,/Users/saqif/Desktop/UCSB/ucsb_classes/w26/cs293G/joern/benchmarks/juliet/manifests/stage_b_clamp_transform_manifest.json
B,CWE122_Heap_Based_Buffer_Overflow/s09/CWE122_Heap_Based_Buffer_Overflow__c_CWE806_wchar_t_loop_09.c,41,CWE122_Heap_Based_Buffer_Overflow__c_CWE806_wchar_t_loop_09_bad,clamp_bad_CWE122_Heap_Based_Buffer_Overflow__c_CWE806_wchar_t_loop_09_bad_41,clamp_bad_CWE122_Heap_Based_Buffer_Overflow__c_CWE806_wchar_t_loop_09_bad_41,non_sanitizer,CWE122,09,c,/Users/saqif/Desktop/UCSB/ucsb_classes/w26/cs293G/joern/benchmarks/juliet/manifests/stage_b_clamp_transform_manifest.json
B,CWE122_Heap_Based_Buffer_Overflow/s09/CWE122_Heap_Based_Buffer_Overflow__c_CWE806_wchar_t_loop_10.c,41,CWE122_Heap_Based_Buffer_Overflow__c_CWE806_wchar_t_loop_10_bad,clamp_bad_CWE122_Heap_Based_Buffer_Overflow__c_CWE806_wchar_t_loop_10_bad_41,clamp_bad_CWE122_Heap_Based_Buffer_Overflow__c_CWE806_wchar_t_loop_10_bad_41,non_sanitizer,CWE122,10,c,/Users/saqif/Desktop/UCSB/ucsb_classes/w26/cs293G/joern/benchmarks/juliet/manifests/stage_b_clamp_transform_manifest.json
B,CWE122_Heap_Based_Buffer_Overflow/s09/CWE122_Heap_Based_Buffer_Overflow__c_CWE806_wchar_t_loop_11.c,41,CWE122_Heap_Based_Buffer_Overflow__c_CWE806_wchar_t_loop_11_bad,clamp_bad_CWE122_Heap_Based_Buffer_Overflow__c_CWE806_wchar_t_loop_11_bad_41,clamp_bad_CWE122_Heap_Based_Buffer_Overflow__c_CWE806_wchar_t_loop_11_bad_41,non_sanitizer,CWE122,11,c,/Users/saqif/Desktop/UCSB/ucsb_classes/w26/cs293G/joern/benchmarks/juliet/manifests/stage_b_clamp_transform_manifest.json
B,CWE122_Heap_Based_Buffer_Overflow/s09/CWE122_Heap_Based_Buffer_Overflow__c_CWE806_wchar_t_loop_12.c,47,CWE122_Heap_Based_Buffer_Overflow__c_CWE806_wchar_t_loop_12_bad,clamp_bad_CWE122_Heap_Based_Buffer_Overflow__c_CWE806_wchar_t_loop_12_bad_47,clamp_bad_CWE122_Heap_Based_Buffer_Overflow__c_CWE806_wchar_t_loop_12_bad_47,non_sanitizer,CWE122,12,c,/Users/saqif/Desktop/UCSB/ucsb_classes/w26/cs293G/joern/benchmarks/juliet/manifests/stage_b_clamp_transform_manifest.json
B,CWE122_Heap_Based_Buffer_Overflow/s09/CWE122_Heap_Based_Buffer_Overflow__c_CWE806_wchar_t_loop_13.c,41,CWE122_Heap_Based_Buffer_Overflow__c_CWE806_wchar_t_loop_13_bad,clamp_bad_CWE122_Heap_Based_Buffer_Overflow__c_CWE806_wchar_t_loop_13_bad_41,clamp_bad_CWE122_Heap_Based_Buffer_Overflow__c_CWE806_wchar_t_loop_13_bad_41,non_sanitizer,CWE122,13,c,/Users/saqif/Desktop/UCSB/ucsb_classes/w26/cs293G/joern/benchmarks/juliet/manifests/stage_b_clamp_transform_manifest.json
B,CWE122_Heap_Based_Buffer_Overflow/s09/CWE122_Heap_Based_Buffer_Overflow__c_CWE806_wchar_t_loop_14.c,41,CWE122_Heap_Based_Buffer_Overflow__c_CWE806_wchar_t_loop_14_bad,clamp_bad_CWE122_Heap_Based_Buffer_Overflow__c_CWE806_wchar_t_loop_14_bad_41,clamp_bad_CWE122_Heap_Based_Buffer_Overflow__c_CWE806_wchar_t_loop_14_bad_41,non_sanitizer,CWE122,14,c,/Users/saqif/Desktop/UCSB/ucsb_classes/w26/cs293G/joern/benchmarks/juliet/manifests/stage_b_clamp_transform_manifest.json
B,CWE122_Heap_Based_Buffer_Overflow/s09/CWE122_Heap_Based_Buffer_Overflow__c_CWE806_wchar_t_loop_15.c,47,CWE122_Heap_Based_Buffer_Overflow__c_CWE806_wchar_t_loop_15_bad,clamp_bad_CWE122_Heap_Based_Buffer_Overflow__c_CWE806_wchar_t_loop_15_bad_47,clamp_bad_CWE122_Heap_Based_Buffer_Overflow__c_CWE806_wchar_t_loop_15_bad_47,non_sanitizer,CWE122,15,c,/Users/saqif/Desktop/UCSB/ucsb_classes/w26/cs293G/joern/benchmarks/juliet/manifests/stage_b_clamp_transform_manifest.json
B,CWE122_Heap_Based_Buffer_Overflow/s09/CWE122_Heap_Based_Buffer_Overflow__c_CWE806_wchar_t_loop_16.c,42,CWE122_Heap_Based_Buffer_Overflow__c_CWE806_wchar_t_loop_16_bad,clamp_bad_CWE122_Heap_Based_Buffer_Overflow__c_CWE806_wchar_t_loop_16_bad_42,clamp_bad_CWE122_Heap_Based_Buffer_Overflow__c_CWE806_wchar_t_loop_16_bad_42,non_sanitizer,CWE122,16,c,/Users/saqif/Desktop/UCSB/ucsb_classes/w26/cs293G/joern/benchmarks/juliet/manifests/stage_b_clamp_transform_manifest.json
B,CWE122_Heap_Based_Buffer_Overflow/s09/CWE122_Heap_Based_Buffer_Overflow__c_CWE806_wchar_t_loop_17.c,42,CWE122_Heap_Based_Buffer_Overflow__c_CWE806_wchar_t_loop_17_bad,clamp_bad_CWE122_Heap_Based_Buffer_Overflow__c_CWE806_wchar_t_loop_17_bad_42,clamp_bad_CWE122_Heap_Based_Buffer_Overflow__c_CWE806_wchar_t_loop_17_bad_42,non_sanitizer,CWE122,17,c,/Users/saqif/Desktop/UCSB/ucsb_classes/w26/cs293G/joern/benchmarks/juliet/manifests/stage_b_clamp_transform_manifest.json
B,CWE122_Heap_Based_Buffer_Overflow/s09/CWE122_Heap_Based_Buffer_Overflow__c_CWE806_wchar_t_loop_18.c,40,CWE122_Heap_Based_Buffer_Overflow__c_CWE806_wchar_t_loop_18_bad,clamp_bad_CWE122_Heap_Based_Buffer_Overflow__c_CWE806_wchar_t_loop_18_bad_40,clamp_bad_CWE122_Heap_Based_Buffer_Overflow__c_CWE806_wchar_t_loop_18_bad_40,non_sanitizer,CWE122,18,c,/Users/saqif/Desktop/UCSB/ucsb_classes/w26/cs293G/joern/benchmarks/juliet/manifests/stage_b_clamp_transform_manifest.json
B,CWE122_Heap_Based_Buffer_Overflow/s09/CWE122_Heap_Based_Buffer_Overflow__c_CWE806_wchar_t_loop_21.c,51,CWE122_Heap_Based_Buffer_Overflow__c_CWE806_wchar_t_loop_21_bad,clamp_bad_CWE122_Heap_Based_Buffer_Overflow__c_CWE806_wchar_t_loop_21_bad_51,clamp_bad_CWE122_Heap_Based_Buffer_Overflow__c_CWE806_wchar_t_loop_21_bad_51,non_sanitizer,CWE122,21,c,/Users/saqif/Desktop/UCSB/ucsb_classes/w26/cs293G/joern/benchmarks/juliet/manifests/stage_b_clamp_transform_manifest.json
B,CWE122_Heap_Based_Buffer_Overflow/s09/CWE122_Heap_Based_Buffer_Overflow__c_CWE806_wchar_t_loop_22a.c,42,CWE122_Heap_Based_Buffer_Overflow__c_CWE806_wchar_t_loop_22_bad,clamp_bad_CWE122_Heap_Based_Buffer_Overflow__c_CWE806_wchar_t_loop_22_bad_42,clamp_bad_CWE122_Heap_Based_Buffer_Overflow__c_CWE806_wchar_t_loop_22_bad_42,non_sanitizer,CWE122,22,c,/Users/saqif/Desktop/UCSB/ucsb_classes/w26/cs293G/joern/benchmarks/juliet/manifests/stage_b_clamp_transform_manifest.json
B,CWE122_Heap_Based_Buffer_Overflow/s09/CWE122_Heap_Based_Buffer_Overflow__c_CWE806_wchar_t_loop_31.c,41,CWE122_Heap_Based_Buffer_Overflow__c_CWE806_wchar_t_loop_31_bad,clamp_bad_CWE122_Heap_Based_Buffer_Overflow__c_CWE806_wchar_t_loop_31_bad_41,clamp_bad_CWE122_Heap_Based_Buffer_Overflow__c_CWE806_wchar_t_loop_31_bad_41,non_sanitizer,CWE122,31,c,/Users/saqif/Desktop/UCSB/ucsb_classes/w26/cs293G/joern/benchmarks/juliet/manifests/stage_b_clamp_transform_manifest.json
B,CWE122_Heap_Based_Buffer_Overflow/s09/CWE122_Heap_Based_Buffer_Overflow__c_CWE806_wchar_t_loop_32.c,46,CWE122_Heap_Based_Buffer_Overflow__c_CWE806_wchar_t_loop_32_bad,clamp_bad_CWE122_Heap_Based_Buffer_Overflow__c_CWE806_wchar_t_loop_32_bad_46,clamp_bad_CWE122_Heap_Based_Buffer_Overflow__c_CWE806_wchar_t_loop_32_bad_46,non_sanitizer,CWE122,32,c,/Users/saqif/Desktop/UCSB/ucsb_classes/w26/cs293G/joern/benchmarks/juliet/manifests/stage_b_clamp_transform_manifest.json
B,CWE122_Heap_Based_Buffer_Overflow/s09/CWE122_Heap_Based_Buffer_Overflow__c_CWE806_wchar_t_loop_33.cpp,44,bad,clamp_bad_bad_44,clamp_bad_bad_44,non_sanitizer,CWE122,33,cpp,/Users/saqif/Desktop/UCSB/ucsb_classes/w26/cs293G/joern/benchmarks/juliet/manifests/stage_b_clamp_transform_manifest.json
B,CWE122_Heap_Based_Buffer_Overflow/s09/CWE122_Heap_Based_Buffer_Overflow__c_CWE806_wchar_t_loop_34.c,48,CWE122_Heap_Based_Buffer_Overflow__c_CWE806_wchar_t_loop_34_bad,clamp_bad_CWE122_Heap_Based_Buffer_Overflow__c_CWE806_wchar_t_loop_34_bad_48,clamp_bad_CWE122_Heap_Based_Buffer_Overflow__c_CWE806_wchar_t_loop_34_bad_48,non_sanitizer,CWE122,34,c,/Users/saqif/Desktop/UCSB/ucsb_classes/w26/cs293G/joern/benchmarks/juliet/manifests/stage_b_clamp_transform_manifest.json
B,CWE122_Heap_Based_Buffer_Overflow/s09/CWE122_Heap_Based_Buffer_Overflow__c_CWE806_wchar_t_loop_42.c,44,CWE122_Heap_Based_Buffer_Overflow__c_CWE806_wchar_t_loop_42_bad,clamp_bad_CWE122_Heap_Based_Buffer_Overflow__c_CWE806_wchar_t_loop_42_bad_44,clamp_bad_CWE122_Heap_Based_Buffer_Overflow__c_CWE806_wchar_t_loop_42_bad_44,non_sanitizer,CWE122,42,c,/Users/saqif/Desktop/UCSB/ucsb_classes/w26/cs293G/joern/benchmarks/juliet/manifests/stage_b_clamp_transform_manifest.json
B,CWE122_Heap_Based_Buffer_Overflow/s09/CWE122_Heap_Based_Buffer_Overflow__c_CWE806_wchar_t_loop_43.cpp,46,bad,clamp_bad_bad_46,clamp_bad_bad_46,non_sanitizer,CWE122,43,cpp,/Users/saqif/Desktop/UCSB/ucsb_classes/w26/cs293G/joern/benchmarks/juliet/manifests/stage_b_clamp_transform_manifest.json
C,CWE121_Stack_Based_Buffer_Overflow/s01/CWE121_Stack_Based_Buffer_Overflow__CWE129_connect_socket_51b.c,104,CWE121_Stack_Based_Buffer_Overflow__CWE129_connect_socket_51b_goodB2GSink,clamp_good_CWE121_Stack_Based_Buffer_Overflow__CWE129_connect_socket_51b_goodB2GSink_104,clamp_good_CWE121_Stack_Based_Buffer_Overflow__CWE129_connect_socket_51b_goodB2GSink_104,sanitizer,CWE121,51,c,/Users/saqif/Desktop/UCSB/ucsb_classes/w26/cs293G/joern/benchmarks/juliet/manifests/stage_c_clamp_transform_manifest.json
C,CWE121_Stack_Based_Buffer_Overflow/s01/CWE121_Stack_Based_Buffer_Overflow__CWE129_connect_socket_52c.c,104,CWE121_Stack_Based_Buffer_Overflow__CWE129_connect_socket_52c_goodB2GSink,clamp_good_CWE121_Stack_Based_Buffer_Overflow__CWE129_connect_socket_52c_goodB2GSink_104,clamp_good_CWE121_Stack_Based_Buffer_Overflow__CWE129_connect_socket_52c_goodB2GSink_104,sanitizer,CWE121,52,c,/Users/saqif/Desktop/UCSB/ucsb_classes/w26/cs293G/joern/benchmarks/juliet/manifests/stage_c_clamp_transform_manifest.json
C,CWE121_Stack_Based_Buffer_Overflow/s01/CWE121_Stack_Based_Buffer_Overflow__CWE129_connect_socket_53d.c,104,CWE121_Stack_Based_Buffer_Overflow__CWE129_connect_socket_53d_goodB2GSink,clamp_good_CWE121_Stack_Based_Buffer_Overflow__CWE129_connect_socket_53d_goodB2GSink_104,clamp_good_CWE121_Stack_Based_Buffer_Overflow__CWE129_connect_socket_53d_goodB2GSink_104,sanitizer,CWE121,53,c,/Users/saqif/Desktop/UCSB/ucsb_classes/w26/cs293G/joern/benchmarks/juliet/manifests/stage_c_clamp_transform_manifest.json
C,CWE121_Stack_Based_Buffer_Overflow/s01/CWE121_Stack_Based_Buffer_Overflow__CWE129_connect_socket_54e.c,104,CWE121_Stack_Based_Buffer_Overflow__CWE129_connect_socket_54e_goodB2GSink,clamp_good_CWE121_Stack_Based_Buffer_Overflow__CWE129_connect_socket_54e_goodB2GSink_104,clamp_good_CWE121_Stack_Based_Buffer_Overflow__CWE129_connect_socket_54e_goodB2GSink_104,sanitizer,CWE121,54,c,/Users/saqif/Desktop/UCSB/ucsb_classes/w26/cs293G/joern/benchmarks/juliet/manifests/stage_c_clamp_transform_manifest.json
C,CWE121_Stack_Based_Buffer_Overflow/s01/CWE121_Stack_Based_Buffer_Overflow__CWE129_connect_socket_61a.c,60,CWE121_Stack_Based_Buffer_Overflow__CWE129_connect_socket_61_bad,clamp_bad_CWE121_Stack_Based_Buffer_Overflow__CWE129_connect_socket_61_bad_60,clamp_bad_CWE121_Stack_Based_Buffer_Overflow__CWE129_connect_socket_61_bad_60,non_sanitizer,CWE121,61,c,/Users/saqif/Desktop/UCSB/ucsb_classes/w26/cs293G/joern/benchmarks/juliet/manifests/stage_c_clamp_transform_manifest.json
C,CWE121_Stack_Based_Buffer_Overflow/s01/CWE121_Stack_Based_Buffer_Overflow__CWE129_connect_socket_61a.c,123,goodB2G,clamp_good_goodB2G_123,clamp_good_goodB2G_123,sanitizer,CWE121,61,c,/Users/saqif/Desktop/UCSB/ucsb_classes/w26/cs293G/joern/benchmarks/juliet/manifests/stage_c_clamp_transform_manifest.json
C,CWE121_Stack_Based_Buffer_Overflow/s01/CWE121_Stack_Based_Buffer_Overflow__CWE129_connect_socket_62a.cpp,41,bad,clamp_bad_bad_41,clamp_bad_bad_41,non_sanitizer,CWE121,62,cpp,/Users/saqif/Desktop/UCSB/ucsb_classes/w26/cs293G/joern/benchmarks/juliet/manifests/stage_c_clamp_transform_manifest.json
C,CWE121_Stack_Based_Buffer_Overflow/s01/CWE121_Stack_Based_Buffer_Overflow__CWE129_connect_socket_62a.cpp,104,goodB2G,clamp_good_goodB2G_104,clamp_good_goodB2G_104,sanitizer,CWE121,62,cpp,/Users/saqif/Desktop/UCSB/ucsb_classes/w26/cs293G/joern/benchmarks/juliet/manifests/stage_c_clamp_transform_manifest.json
C,CWE121_Stack_Based_Buffer_Overflow/s01/CWE121_Stack_Based_Buffer_Overflow__CWE129_connect_socket_63b.c,107,CWE121_Stack_Based_Buffer_Overflow__CWE129_connect_socket_63b_goodB2GSink,clamp_good_CWE121_Stack_Based_Buffer_Overflow__CWE129_connect_socket_63b_goodB2GSink_107,clamp_good_CWE121_Stack_Based_Buffer_Overflow__CWE129_connect_socket_63b_goodB2GSink_107,sanitizer,CWE121,63,c,/Users/saqif/Desktop/UCSB/ucsb_classes/w26/cs293G/joern/benchmarks/juliet/manifests/stage_c_clamp_transform_manifest.json
C,CWE121_Stack_Based_Buffer_Overflow/s01/CWE121_Stack_Based_Buffer_Overflow__CWE129_connect_socket_64b.c,116,CWE121_Stack_Based_Buffer_Overflow__CWE129_connect_socket_64b_goodB2GSink,clamp_good_CWE121_Stack_Based_Buffer_Overflow__CWE129_connect_socket_64b_goodB2GSink_116,clamp_good_CWE121_Stack_Based_Buffer_Overflow__CWE129_connect_socket_64b_goodB2GSink_116,sanitizer,CWE121,64,c,/Users/saqif/Desktop/UCSB/ucsb_classes/w26/cs293G/joern/benchmarks/juliet/manifests/stage_c_clamp_transform_manifest.json
C,CWE121_Stack_Based_Buffer_Overflow/s01/CWE121_Stack_Based_Buffer_Overflow__CWE129_connect_socket_65b.c,104,CWE121_Stack_Based_Buffer_Overflow__CWE129_connect_socket_65b_goodB2GSink,clamp_good_CWE121_Stack_Based_Buffer_Overflow__CWE129_connect_socket_65b_goodB2GSink_104,clamp_good_CWE121_Stack_Based_Buffer_Overflow__CWE129_connect_socket_65b_goodB2GSink_104,sanitizer,CWE121,65,c,/Users/saqif/Desktop/UCSB/ucsb_classes/w26/cs293G/joern/benchmarks/juliet/manifests/stage_c_clamp_transform_manifest.json
C,CWE121_Stack_Based_Buffer_Overflow/s01/CWE121_Stack_Based_Buffer_Overflow__CWE129_connect_socket_66b.c,108,CWE121_Stack_Based_Buffer_Overflow__CWE129_connect_socket_66b_goodB2GSink,clamp_good_CWE121_Stack_Based_Buffer_Overflow__CWE129_connect_socket_66b_goodB2GSink_108,clamp_good_CWE121_Stack_Based_Buffer_Overflow__CWE129_connect_socket_66b_goodB2GSink_108,sanitizer,CWE121,66,c,/Users/saqif/Desktop/UCSB/ucsb_classes/w26/cs293G/joern/benchmarks/juliet/manifests/stage_c_clamp_transform_manifest.json
C,CWE121_Stack_Based_Buffer_Overflow/s01/CWE121_Stack_Based_Buffer_Overflow__CWE129_connect_socket_67b.c,112,CWE121_Stack_Based_Buffer_Overflow__CWE129_connect_socket_67b_goodB2GSink,clamp_good_CWE121_Stack_Based_Buffer_Overflow__CWE129_connect_socket_67b_goodB2GSink_112,clamp_good_CWE121_Stack_Based_Buffer_Overflow__CWE129_connect_socket_67b_goodB2GSink_112,sanitizer,CWE121,67,c,/Users/saqif/Desktop/UCSB/ucsb_classes/w26/cs293G/joern/benchmarks/juliet/manifests/stage_c_clamp_transform_manifest.json
C,CWE121_Stack_Based_Buffer_Overflow/s01/CWE121_Stack_Based_Buffer_Overflow__CWE129_connect_socket_68b.c,111,CWE121_Stack_Based_Buffer_Overflow__CWE129_connect_socket_68b_goodB2GSink,clamp_good_CWE121_Stack_Based_Buffer_Overflow__CWE129_connect_socket_68b_goodB2GSink_111,clamp_good_CWE121_Stack_Based_Buffer_Overflow__CWE129_connect_socket_68b_goodB2GSink_111,sanitizer,CWE121,68,c,/Users/saqif/Desktop/UCSB/ucsb_classes/w26/cs293G/joern/benchmarks/juliet/manifests/stage_c_clamp_transform_manifest.json
C,CWE121_Stack_Based_Buffer_Overflow/s01/CWE121_Stack_Based_Buffer_Overflow__CWE129_connect_socket_72b.cpp,39,badSink,clamp_bad_badSink_39,clamp_bad_badSink_39,non_sanitizer,CWE121,72,cpp,/Users/saqif/Desktop/UCSB/ucsb_classes/w26/cs293G/joern/benchmarks/juliet/manifests/stage_c_clamp_transform_manifest.json
C,CWE121_Stack_Based_Buffer_Overflow/s01/CWE121_Stack_Based_Buffer_Overflow__CWE129_connect_socket_72b.cpp,92,goodB2GSink,clamp_good_goodB2GSink_92,clamp_good_goodB2GSink_92,sanitizer,CWE121,72,cpp,/Users/saqif/Desktop/UCSB/ucsb_classes/w26/cs293G/joern/benchmarks/juliet/manifests/stage_c_clamp_transform_manifest.json
C,CWE121_Stack_Based_Buffer_Overflow/s01/CWE121_Stack_Based_Buffer_Overflow__CWE129_connect_socket_73b.cpp,39,badSink,clamp_bad_badSink_39,clamp_bad_badSink_39,non_sanitizer,CWE121,73,cpp,/Users/saqif/Desktop/UCSB/ucsb_classes/w26/cs293G/joern/benchmarks/juliet/manifests/stage_c_clamp_transform_manifest.json
C,CWE121_Stack_Based_Buffer_Overflow/s01/CWE121_Stack_Based_Buffer_Overflow__CWE129_connect_socket_73b.cpp,92,goodB2GSink,clamp_good_goodB2GSink_92,clamp_good_goodB2GSink_92,sanitizer,CWE121,73,cpp,/Users/saqif/Desktop/UCSB/ucsb_classes/w26/cs293G/joern/benchmarks/juliet/manifests/stage_c_clamp_transform_manifest.json
C,CWE121_Stack_Based_Buffer_Overflow/s01/CWE121_Stack_Based_Buffer_Overflow__CWE129_connect_socket_74b.cpp,39,badSink,clamp_bad_badSink_39,clamp_bad_badSink_39,non_sanitizer,CWE121,74,cpp,/Users/saqif/Desktop/UCSB/ucsb_classes/w26/cs293G/joern/benchmarks/juliet/manifests/stage_c_clamp_transform_manifest.json
C,CWE121_Stack_Based_Buffer_Overflow/s01/CWE121_Stack_Based_Buffer_Overflow__CWE129_connect_socket_74b.cpp,92,goodB2GSink,clamp_good_goodB2GSink_92,clamp_good_goodB2GSink_92,sanitizer,CWE121,74,cpp,/Users/saqif/Desktop/UCSB/ucsb_classes/w26/cs293G/joern/benchmarks/juliet/manifests/stage_c_clamp_transform_manifest.json
C,CWE121_Stack_Based_Buffer_Overflow/s01/CWE121_Stack_Based_Buffer_Overflow__CWE129_connect_socket_83_bad.cpp,116,CWE121_Stack_Based_Buffer_Overflow__CWE129_connect_socket_83_bad,clamp_bad_CWE121_Stack_Based_Buffer_Overflow__CWE129_connect_socket_83_bad_116,clamp_bad_CWE121_Stack_Based_Buffer_Overflow__CWE129_connect_socket_83_bad_116,non_sanitizer,UNKNOWN,unknown,cpp,/Users/saqif/Desktop/UCSB/ucsb_classes/w26/cs293G/joern/benchmarks/juliet/manifests/stage_c_clamp_transform_manifest.json
C,CWE121_Stack_Based_Buffer_Overflow/s01/CWE121_Stack_Based_Buffer_Overflow__CWE129_connect_socket_83_goodB2G.cpp,115,CWE121_Stack_Based_Buffer_Overflow__CWE129_connect_socket_83_goodB2G,clamp_good_CWE121_Stack_Based_Buffer_Overflow__CWE129_connect_socket_83_goodB2G_115,clamp_good_CWE121_Stack_Based_Buffer_Overflow__CWE129_connect_socket_83_goodB2G_115,sanitizer,UNKNOWN,unknown,cpp,/Users/saqif/Desktop/UCSB/ucsb_classes/w26/cs293G/joern/benchmarks/juliet/manifests/stage_c_clamp_transform_manifest.json
C,CWE121_Stack_Based_Buffer_Overflow/s01/CWE121_Stack_Based_Buffer_Overflow__CWE129_connect_socket_84_bad.cpp,116,CWE121_Stack_Based_Buffer_Overflow__CWE129_connect_socket_84_bad,clamp_bad_CWE121_Stack_Based_Buffer_Overflow__CWE129_connect_socket_84_bad_116,clamp_bad_CWE121_Stack_Based_Buffer_Overflow__CWE129_connect_socket_84_bad_116,non_sanitizer,UNKNOWN,unknown,cpp,/Users/saqif/Desktop/UCSB/ucsb_classes/w26/cs293G/joern/benchmarks/juliet/manifests/stage_c_clamp_transform_manifest.json
C,CWE121_Stack_Based_Buffer_Overflow/s01/CWE121_Stack_Based_Buffer_Overflow__CWE129_connect_socket_84_goodB2G.cpp,115,CWE121_Stack_Based_Buffer_Overflow__CWE129_connect_socket_84_goodB2G,clamp_good_CWE121_Stack_Based_Buffer_Overflow__CWE129_connect_socket_84_goodB2G_115,clamp_good_CWE121_Stack_Based_Buffer_Overflow__CWE129_connect_socket_84_goodB2G_115,sanitizer,UNKNOWN,unknown,cpp,/Users/saqif/Desktop/UCSB/ucsb_classes/w26/cs293G/joern/benchmarks/juliet/manifests/stage_c_clamp_transform_manifest.json
C,CWE121_Stack_Based_Buffer_Overflow/s01/CWE121_Stack_Based_Buffer_Overflow__CWE129_fgets_51b.c,84,CWE121_Stack_Based_Buffer_Overflow__CWE129_fgets_51b_goodB2GSink,clamp_good_CWE121_Stack_Based_Buffer_Overflow__CWE129_fgets_51b_goodB2GSink_84,clamp_good_CWE121_Stack_Based_Buffer_Overflow__CWE129_fgets_51b_goodB2GSink_84,sanitizer,CWE121,51,c,/Users/saqif/Desktop/UCSB/ucsb_classes/w26/cs293G/joern/benchmarks/juliet/manifests/stage_c_clamp_transform_manifest.json
C,CWE121_Stack_Based_Buffer_Overflow/s01/CWE121_Stack_Based_Buffer_Overflow__CWE129_fgets_52c.c,84,CWE121_Stack_Based_Buffer_Overflow__CWE129_fgets_52c_goodB2GSink,clamp_good_CWE121_Stack_Based_Buffer_Overflow__CWE129_fgets_52c_goodB2GSink_84,clamp_good_CWE121_Stack_Based_Buffer_Overflow__CWE129_fgets_52c_goodB2GSink_84,sanitizer,CWE121,52,c,/Users/saqif/Desktop/UCSB/ucsb_classes/w26/cs293G/joern/benchmarks/juliet/manifests/stage_c_clamp_transform_manifest.json
C,CWE121_Stack_Based_Buffer_Overflow/s01/CWE121_Stack_Based_Buffer_Overflow__CWE129_fgets_53d.c,84,CWE121_Stack_Based_Buffer_Overflow__CWE129_fgets_53d_goodB2GSink,clamp_good_CWE121_Stack_Based_Buffer_Overflow__CWE129_fgets_53d_goodB2GSink_84,clamp_good_CWE121_Stack_Based_Buffer_Overflow__CWE129_fgets_53d_goodB2GSink_84,sanitizer,CWE121,53,c,/Users/saqif/Desktop/UCSB/ucsb_classes/w26/cs293G/joern/benchmarks/juliet/manifests/stage_c_clamp_transform_manifest.json
C,CWE121_Stack_Based_Buffer_Overflow/s01/CWE121_Stack_Based_Buffer_Overflow__CWE129_fgets_54e.c,84,CWE121_Stack_Based_Buffer_Overflow__CWE129_fgets_54e_goodB2GSink,clamp_good_CWE121_Stack_Based_Buffer_Overflow__CWE129_fgets_54e_goodB2GSink_84,clamp_good_CWE121_Stack_Based_Buffer_Overflow__CWE129_fgets_54e_goodB2GSink_84,sanitizer,CWE121,54,c,/Users/saqif/Desktop/UCSB/ucsb_classes/w26/cs293G/joern/benchmarks/juliet/manifests/stage_c_clamp_transform_manifest.json
C,CWE121_Stack_Based_Buffer_Overflow/s01/CWE121_Stack_Based_Buffer_Overflow__CWE129_fgets_61a.c,40,CWE121_Stack_Based_Buffer_Overflow__CWE129_fgets_61_bad,clamp_bad_CWE121_Stack_Based_Buffer_Overflow__CWE129_fgets_61_bad_40,clamp_bad_CWE121_Stack_Based_Buffer_Overflow__CWE129_fgets_61_bad_40,non_sanitizer,CWE121,61,c,/Users/saqif/Desktop/UCSB/ucsb_classes/w26/cs293G/joern/benchmarks/juliet/manifests/stage_c_clamp_transform_manifest.json
C,CWE121_Stack_Based_Buffer_Overflow/s01/CWE121_Stack_Based_Buffer_Overflow__CWE129_fgets_61a.c,103,goodB2G,clamp_good_goodB2G_103,clamp_good_goodB2G_103,sanitizer,CWE121,61,c,/Users/saqif/Desktop/UCSB/ucsb_classes/w26/cs293G/joern/benchmarks/juliet/manifests/stage_c_clamp_transform_manifest.json
C,CWE121_Stack_Based_Buffer_Overflow/s01/CWE121_Stack_Based_Buffer_Overflow__CWE129_fgets_62a.cpp,41,bad,clamp_bad_bad_41,clamp_bad_bad_41,non_sanitizer,CWE121,62,cpp,/Users/saqif/Desktop/UCSB/ucsb_classes/w26/cs293G/joern/benchmarks/juliet/manifests/stage_c_clamp_transform_manifest.json
C,CWE121_Stack_Based_Buffer_Overflow/s01/CWE121_Stack_Based_Buffer_Overflow__CWE129_fgets_62a.cpp,104,goodB2G,clamp_good_goodB2G_104,clamp_good_goodB2G_104,sanitizer,CWE121,62,cpp,/Users/saqif/Desktop/UCSB/ucsb_classes/w26/cs293G/joern/benchmarks/juliet/manifests/stage_c_clamp_transform_manifest.json
C,CWE121_Stack_Based_Buffer_Overflow/s01/CWE121_Stack_Based_Buffer_Overflow__CWE129_fgets_63b.c,87,CWE121_Stack_Based_Buffer_Overflow__CWE129_fgets_63b_goodB2GSink,clamp_good_CWE121_Stack_Based_Buffer_Overflow__CWE129_fgets_63b_goodB2GSink_87,clamp_good_CWE121_Stack_Based_Buffer_Overflow__CWE129_fgets_63b_goodB2GSink_87,sanitizer,CWE121,63,c,/Users/saqif/Desktop/UCSB/ucsb_classes/w26/cs293G/joern/benchmarks/juliet/manifests/stage_c_clamp_transform_manifest.json
C,CWE121_Stack_Based_Buffer_Overflow/s01/CWE121_Stack_Based_Buffer_Overflow__CWE129_fgets_64b.c,96,CWE121_Stack_Based_Buffer_Overflow__CWE129_fgets_64b_goodB2GSink,clamp_good_CWE121_Stack_Based_Buffer_Overflow__CWE129_fgets_64b_goodB2GSink_96,clamp_good_CWE121_Stack_Based_Buffer_Overflow__CWE129_fgets_64b_goodB2GSink_96,sanitizer,CWE121,64,c,/Users/saqif/Desktop/UCSB/ucsb_classes/w26/cs293G/joern/benchmarks/juliet/manifests/stage_c_clamp_transform_manifest.json
C,CWE121_Stack_Based_Buffer_Overflow/s01/CWE121_Stack_Based_Buffer_Overflow__CWE129_fgets_65b.c,84,CWE121_Stack_Based_Buffer_Overflow__CWE129_fgets_65b_goodB2GSink,clamp_good_CWE121_Stack_Based_Buffer_Overflow__CWE129_fgets_65b_goodB2GSink_84,clamp_good_CWE121_Stack_Based_Buffer_Overflow__CWE129_fgets_65b_goodB2GSink_84,sanitizer,CWE121,65,c,/Users/saqif/Desktop/UCSB/ucsb_classes/w26/cs293G/joern/benchmarks/juliet/manifests/stage_c_clamp_transform_manifest.json
C,CWE121_Stack_Based_Buffer_Overflow/s01/CWE121_Stack_Based_Buffer_Overflow__CWE129_fgets_66b.c,88,CWE121_Stack_Based_Buffer_Overflow__CWE129_fgets_66b_goodB2GSink,clamp_good_CWE121_Stack_Based_Buffer_Overflow__CWE129_fgets_66b_goodB2GSink_88,clamp_good_CWE121_Stack_Based_Buffer_Overflow__CWE129_fgets_66b_goodB2GSink_88,sanitizer,CWE121,66,c,/Users/saqif/Desktop/UCSB/ucsb_classes/w26/cs293G/joern/benchmarks/juliet/manifests/stage_c_clamp_transform_manifest.json
C,CWE121_Stack_Based_Buffer_Overflow/s01/CWE121_Stack_Based_Buffer_Overflow__CWE129_fgets_67b.c,92,CWE121_Stack_Based_Buffer_Overflow__CWE129_fgets_67b_goodB2GSink,clamp_good_CWE121_Stack_Based_Buffer_Overflow__CWE129_fgets_67b_goodB2GSink_92,clamp_good_CWE121_Stack_Based_Buffer_Overflow__CWE129_fgets_67b_goodB2GSink_92,sanitizer,CWE121,67,c,/Users/saqif/Desktop/UCSB/ucsb_classes/w26/cs293G/joern/benchmarks/juliet/manifests/stage_c_clamp_transform_manifest.json
C,CWE121_Stack_Based_Buffer_Overflow/s01/CWE121_Stack_Based_Buffer_Overflow__CWE129_fgets_68b.c,91,CWE121_Stack_Based_Buffer_Overflow__CWE129_fgets_68b_goodB2GSink,clamp_good_CWE121_Stack_Based_Buffer_Overflow__CWE129_fgets_68b_goodB2GSink_91,clamp_good_CWE121_Stack_Based_Buffer_Overflow__CWE129_fgets_68b_goodB2GSink_91,sanitizer,CWE121,68,c,/Users/saqif/Desktop/UCSB/ucsb_classes/w26/cs293G/joern/benchmarks/juliet/manifests/stage_c_clamp_transform_manifest.json
C,CWE121_Stack_Based_Buffer_Overflow/s01/CWE121_Stack_Based_Buffer_Overflow__CWE129_fgets_72b.cpp,39,badSink,clamp_bad_badSink_39,clamp_bad_badSink_39,non_sanitizer,CWE121,72,cpp,/Users/saqif/Desktop/UCSB/ucsb_classes/w26/cs293G/joern/benchmarks/juliet/manifests/stage_c_clamp_transform_manifest.json
C,CWE121_Stack_Based_Buffer_Overflow/s01/CWE121_Stack_Based_Buffer_Overflow__CWE129_fgets_72b.cpp,92,goodB2GSink,clamp_good_goodB2GSink_92,clamp_good_goodB2GSink_92,sanitizer,CWE121,72,cpp,/Users/saqif/Desktop/UCSB/ucsb_classes/w26/cs293G/joern/benchmarks/juliet/manifests/stage_c_clamp_transform_manifest.json
C,CWE121_Stack_Based_Buffer_Overflow/s01/CWE121_Stack_Based_Buffer_Overflow__CWE129_fgets_73b.cpp,39,badSink,clamp_bad_badSink_39,clamp_bad_badSink_39,non_sanitizer,CWE121,73,cpp,/Users/saqif/Desktop/UCSB/ucsb_classes/w26/cs293G/joern/benchmarks/juliet/manifests/stage_c_clamp_transform_manifest.json
C,CWE121_Stack_Based_Buffer_Overflow/s01/CWE121_Stack_Based_Buffer_Overflow__CWE129_fgets_73b.cpp,92,goodB2GSink,clamp_good_goodB2GSink_92,clamp_good_goodB2GSink_92,sanitizer,CWE121,73,cpp,/Users/saqif/Desktop/UCSB/ucsb_classes/w26/cs293G/joern/benchmarks/juliet/manifests/stage_c_clamp_transform_manifest.json
C,CWE121_Stack_Based_Buffer_Overflow/s01/CWE121_Stack_Based_Buffer_Overflow__CWE129_fgets_74b.cpp,39,badSink,clamp_bad_badSink_39,clamp_bad_badSink_39,non_sanitizer,CWE121,74,cpp,/Users/saqif/Desktop/UCSB/ucsb_classes/w26/cs293G/joern/benchmarks/juliet/manifests/stage_c_clamp_transform_manifest.json
C,CWE121_Stack_Based_Buffer_Overflow/s01/CWE121_Stack_Based_Buffer_Overflow__CWE129_fgets_74b.cpp,92,goodB2GSink,clamp_good_goodB2GSink_92,clamp_good_goodB2GSink_92,sanitizer,CWE121,74,cpp,/Users/saqif/Desktop/UCSB/ucsb_classes/w26/cs293G/joern/benchmarks/juliet/manifests/stage_c_clamp_transform_manifest.json
C,CWE121_Stack_Based_Buffer_Overflow/s01/CWE121_Stack_Based_Buffer_Overflow__CWE129_fgets_83_bad.cpp,53,CWE121_Stack_Based_Buffer_Overflow__CWE129_fgets_83_bad,clamp_bad_CWE121_Stack_Based_Buffer_Overflow__CWE129_fgets_83_bad_53,clamp_bad_CWE121_Stack_Based_Buffer_Overflow__CWE129_fgets_83_bad_53,non_sanitizer,UNKNOWN,unknown,cpp,/Users/saqif/Desktop/UCSB/ucsb_classes/w26/cs293G/joern/benchmarks/juliet/manifests/stage_c_clamp_transform_manifest.json
C,CWE121_Stack_Based_Buffer_Overflow/s01/CWE121_Stack_Based_Buffer_Overflow__CWE129_fgets_83_goodB2G.cpp,52,CWE121_Stack_Based_Buffer_Overflow__CWE129_fgets_83_goodB2G,clamp_good_CWE121_Stack_Based_Buffer_Overflow__CWE129_fgets_83_goodB2G_52,clamp_good_CWE121_Stack_Based_Buffer_Overflow__CWE129_fgets_83_goodB2G_52,sanitizer,UNKNOWN,unknown,cpp,/Users/saqif/Desktop/UCSB/ucsb_classes/w26/cs293G/joern/benchmarks/juliet/manifests/stage_c_clamp_transform_manifest.json
C,CWE121_Stack_Based_Buffer_Overflow/s01/CWE121_Stack_Based_Buffer_Overflow__CWE129_fgets_84_bad.cpp,53,CWE121_Stack_Based_Buffer_Overflow__CWE129_fgets_84_bad,clamp_bad_CWE121_Stack_Based_Buffer_Overflow__CWE129_fgets_84_bad_53,clamp_bad_CWE121_Stack_Based_Buffer_Overflow__CWE129_fgets_84_bad_53,non_sanitizer,UNKNOWN,unknown,cpp,/Users/saqif/Desktop/UCSB/ucsb_classes/w26/cs293G/joern/benchmarks/juliet/manifests/stage_c_clamp_transform_manifest.json
C,CWE121_Stack_Based_Buffer_Overflow/s01/CWE121_Stack_Based_Buffer_Overflow__CWE129_fgets_84_goodB2G.cpp,52,CWE121_Stack_Based_Buffer_Overflow__CWE129_fgets_84_goodB2G,clamp_good_CWE121_Stack_Based_Buffer_Overflow__CWE129_fgets_84_goodB2G_52,clamp_good_CWE121_Stack_Based_Buffer_Overflow__CWE129_fgets_84_goodB2G_52,sanitizer,UNKNOWN,unknown,cpp,/Users/saqif/Desktop/UCSB/ucsb_classes/w26/cs293G/joern/benchmarks/juliet/manifests/stage_c_clamp_transform_manifest.json
C,CWE121_Stack_Based_Buffer_Overflow/s01/CWE121_Stack_Based_Buffer_Overflow__CWE129_fscanf_51b.c,82,CWE121_Stack_Based_Buffer_Overflow__CWE129_fscanf_51b_goodB2GSink,clamp_good_CWE121_Stack_Based_Buffer_Overflow__CWE129_fscanf_51b_goodB2GSink_82,clamp_good_CWE121_Stack_Based_Buffer_Overflow__CWE129_fscanf_51b_goodB2GSink_82,sanitizer,CWE121,51,c,/Users/saqif/Desktop/UCSB/ucsb_classes/w26/cs293G/joern/benchmarks/juliet/manifests/stage_c_clamp_transform_manifest.json
C,CWE121_Stack_Based_Buffer_Overflow/s01/CWE121_Stack_Based_Buffer_Overflow__CWE129_fscanf_52c.c,82,CWE121_Stack_Based_Buffer_Overflow__CWE129_fscanf_52c_goodB2GSink,clamp_good_CWE121_Stack_Based_Buffer_Overflow__CWE129_fscanf_52c_goodB2GSink_82,clamp_good_CWE121_Stack_Based_Buffer_Overflow__CWE129_fscanf_52c_goodB2GSink_82,sanitizer,CWE121,52,c,/Users/saqif/Desktop/UCSB/ucsb_classes/w26/cs293G/joern/benchmarks/juliet/manifests/stage_c_clamp_transform_manifest.json
C,CWE121_Stack_Based_Buffer_Overflow/s01/CWE121_Stack_Based_Buffer_Overflow__CWE129_fscanf_53d.c,82,CWE121_Stack_Based_Buffer_Overflow__CWE129_fscanf_53d_goodB2GSink,clamp_good_CWE121_Stack_Based_Buffer_Overflow__CWE129_fscanf_53d_goodB2GSink_82,clamp_good_CWE121_Stack_Based_Buffer_Overflow__CWE129_fscanf_53d_goodB2GSink_82,sanitizer,CWE121,53,c,/Users/saqif/Desktop/UCSB/ucsb_classes/w26/cs293G/joern/benchmarks/juliet/manifests/stage_c_clamp_transform_manifest.json
C,CWE121_Stack_Based_Buffer_Overflow/s01/CWE121_Stack_Based_Buffer_Overflow__CWE129_fscanf_54e.c,82,CWE121_Stack_Based_Buffer_Overflow__CWE129_fscanf_54e_goodB2GSink,clamp_good_CWE121_Stack_Based_Buffer_Overflow__CWE129_fscanf_54e_goodB2GSink_82,clamp_good_CWE121_Stack_Based_Buffer_Overflow__CWE129_fscanf_54e_goodB2GSink_82,sanitizer,CWE121,54,c,/Users/saqif/Desktop/UCSB/ucsb_classes/w26/cs293G/joern/benchmarks/juliet/manifests/stage_c_clamp_transform_manifest.json
C,CWE121_Stack_Based_Buffer_Overflow/s01/CWE121_Stack_Based_Buffer_Overflow__CWE129_fscanf_61a.c,38,CWE121_Stack_Based_Buffer_Overflow__CWE129_fscanf_61_bad,clamp_bad_CWE121_Stack_Based_Buffer_Overflow__CWE129_fscanf_61_bad_38,clamp_bad_CWE121_Stack_Based_Buffer_Overflow__CWE129_fscanf_61_bad_38,non_sanitizer,CWE121,61,c,/Users/saqif/Desktop/UCSB/ucsb_classes/w26/cs293G/joern/benchmarks/juliet/manifests/stage_c_clamp_transform_manifest.json
C,CWE121_Stack_Based_Buffer_Overflow/s01/CWE121_Stack_Based_Buffer_Overflow__CWE129_fscanf_61a.c,101,goodB2G,clamp_good_goodB2G_101,clamp_good_goodB2G_101,sanitizer,CWE121,61,c,/Users/saqif/Desktop/UCSB/ucsb_classes/w26/cs293G/joern/benchmarks/juliet/manifests/stage_c_clamp_transform_manifest.json
C,CWE121_Stack_Based_Buffer_Overflow/s01/CWE121_Stack_Based_Buffer_Overflow__CWE129_fscanf_62a.cpp,41,bad,clamp_bad_bad_41,clamp_bad_bad_41,non_sanitizer,CWE121,62,cpp,/Users/saqif/Desktop/UCSB/ucsb_classes/w26/cs293G/joern/benchmarks/juliet/manifests/stage_c_clamp_transform_manifest.json
C,CWE121_Stack_Based_Buffer_Overflow/s01/CWE121_Stack_Based_Buffer_Overflow__CWE129_fscanf_62a.cpp,104,goodB2G,clamp_good_goodB2G_104,clamp_good_goodB2G_104,sanitizer,CWE121,62,cpp,/Users/saqif/Desktop/UCSB/ucsb_classes/w26/cs293G/joern/benchmarks/juliet/manifests/stage_c_clamp_transform_manifest.json
C,CWE121_Stack_Based_Buffer_Overflow/s01/CWE121_Stack_Based_Buffer_Overflow__CWE129_fscanf_63b.c,85,CWE121_Stack_Based_Buffer_Overflow__CWE129_fscanf_63b_goodB2GSink,clamp_good_CWE121_Stack_Based_Buffer_Overflow__CWE129_fscanf_63b_goodB2GSink_85,clamp_good_CWE121_Stack_Based_Buffer_Overflow__CWE129_fscanf_63b_goodB2GSink_85,sanitizer,CWE121,63,c,/Users/saqif/Desktop/UCSB/ucsb_classes/w26/cs293G/joern/benchmarks/juliet/manifests/stage_c_clamp_transform_manifest.json
C,CWE121_Stack_Based_Buffer_Overflow/s01/CWE121_Stack_Based_Buffer_Overflow__CWE129_fscanf_64b.c,94,CWE121_Stack_Based_Buffer_Overflow__CWE129_fscanf_64b_goodB2GSink,clamp_good_CWE121_Stack_Based_Buffer_Overflow__CWE129_fscanf_64b_goodB2GSink_94,clamp_good_CWE121_Stack_Based_Buffer_Overflow__CWE129_fscanf_64b_goodB2GSink_94,sanitizer,CWE121,64,c,/Users/saqif/Desktop/UCSB/ucsb_classes/w26/cs293G/joern/benchmarks/juliet/manifests/stage_c_clamp_transform_manifest.json
C,CWE121_Stack_Based_Buffer_Overflow/s01/CWE121_Stack_Based_Buffer_Overflow__CWE129_fscanf_65b.c,82,CWE121_Stack_Based_Buffer_Overflow__CWE129_fscanf_65b_goodB2GSink,clamp_good_CWE121_Stack_Based_Buffer_Overflow__CWE129_fscanf_65b_goodB2GSink_82,clamp_good_CWE121_Stack_Based_Buffer_Overflow__CWE129_fscanf_65b_goodB2GSink_82,sanitizer,CWE121,65,c,/Users/saqif/Desktop/UCSB/ucsb_classes/w26/cs293G/joern/benchmarks/juliet/manifests/stage_c_clamp_transform_manifest.json
C,CWE121_Stack_Based_Buffer_Overflow/s01/CWE121_Stack_Based_Buffer_Overflow__CWE129_fscanf_66b.c,86,CWE121_Stack_Based_Buffer_Overflow__CWE129_fscanf_66b_goodB2GSink,clamp_good_CWE121_Stack_Based_Buffer_Overflow__CWE129_fscanf_66b_goodB2GSink_86,clamp_good_CWE121_Stack_Based_Buffer_Overflow__CWE129_fscanf_66b_goodB2GSink_86,sanitizer,CWE121,66,c,/Users/saqif/Desktop/UCSB/ucsb_classes/w26/cs293G/joern/benchmarks/juliet/manifests/stage_c_clamp_transform_manifest.json
C,CWE121_Stack_Based_Buffer_Overflow/s01/CWE121_Stack_Based_Buffer_Overflow__CWE129_fscanf_67b.c,90,CWE121_Stack_Based_Buffer_Overflow__CWE129_fscanf_67b_goodB2GSink,clamp_good_CWE121_Stack_Based_Buffer_Overflow__CWE129_fscanf_67b_goodB2GSink_90,clamp_good_CWE121_Stack_Based_Buffer_Overflow__CWE129_fscanf_67b_goodB2GSink_90,sanitizer,CWE121,67,c,/Users/saqif/Desktop/UCSB/ucsb_classes/w26/cs293G/joern/benchmarks/juliet/manifests/stage_c_clamp_transform_manifest.json
C,CWE121_Stack_Based_Buffer_Overflow/s01/CWE121_Stack_Based_Buffer_Overflow__CWE129_fscanf_68b.c,89,CWE121_Stack_Based_Buffer_Overflow__CWE129_fscanf_68b_goodB2GSink,clamp_good_CWE121_Stack_Based_Buffer_Overflow__CWE129_fscanf_68b_goodB2GSink_89,clamp_good_CWE121_Stack_Based_Buffer_Overflow__CWE129_fscanf_68b_goodB2GSink_89,sanitizer,CWE121,68,c,/Users/saqif/Desktop/UCSB/ucsb_classes/w26/cs293G/joern/benchmarks/juliet/manifests/stage_c_clamp_transform_manifest.json
C,CWE121_Stack_Based_Buffer_Overflow/s01/CWE121_Stack_Based_Buffer_Overflow__CWE129_fscanf_72b.cpp,39,badSink,clamp_bad_badSink_39,clamp_bad_badSink_39,non_sanitizer,CWE121,72,cpp,/Users/saqif/Desktop/UCSB/ucsb_classes/w26/cs293G/joern/benchmarks/juliet/manifests/stage_c_clamp_transform_manifest.json
C,CWE121_Stack_Based_Buffer_Overflow/s01/CWE121_Stack_Based_Buffer_Overflow__CWE129_fscanf_72b.cpp,92,goodB2GSink,clamp_good_goodB2GSink_92,clamp_good_goodB2GSink_92,sanitizer,CWE121,72,cpp,/Users/saqif/Desktop/UCSB/ucsb_classes/w26/cs293G/joern/benchmarks/juliet/manifests/stage_c_clamp_transform_manifest.json
C,CWE121_Stack_Based_Buffer_Overflow/s01/CWE121_Stack_Based_Buffer_Overflow__CWE129_fscanf_73b.cpp,39,badSink,clamp_bad_badSink_39,clamp_bad_badSink_39,non_sanitizer,CWE121,73,cpp,/Users/saqif/Desktop/UCSB/ucsb_classes/w26/cs293G/joern/benchmarks/juliet/manifests/stage_c_clamp_transform_manifest.json
C,CWE121_Stack_Based_Buffer_Overflow/s01/CWE121_Stack_Based_Buffer_Overflow__CWE129_fscanf_73b.cpp,92,goodB2GSink,clamp_good_goodB2GSink_92,clamp_good_goodB2GSink_92,sanitizer,CWE121,73,cpp,/Users/saqif/Desktop/UCSB/ucsb_classes/w26/cs293G/joern/benchmarks/juliet/manifests/stage_c_clamp_transform_manifest.json
C,CWE121_Stack_Based_Buffer_Overflow/s01/CWE121_Stack_Based_Buffer_Overflow__CWE129_fscanf_74b.cpp,39,badSink,clamp_bad_badSink_39,clamp_bad_badSink_39,non_sanitizer,CWE121,74,cpp,/Users/saqif/Desktop/UCSB/ucsb_classes/w26/cs293G/joern/benchmarks/juliet/manifests/stage_c_clamp_transform_manifest.json
C,CWE121_Stack_Based_Buffer_Overflow/s01/CWE121_Stack_Based_Buffer_Overflow__CWE129_fscanf_74b.cpp,92,goodB2GSink,clamp_good_goodB2GSink_92,clamp_good_goodB2GSink_92,sanitizer,CWE121,74,cpp,/Users/saqif/Desktop/UCSB/ucsb_classes/w26/cs293G/joern/benchmarks/juliet/manifests/stage_c_clamp_transform_manifest.json
C,CWE121_Stack_Based_Buffer_Overflow/s01/CWE121_Stack_Based_Buffer_Overflow__CWE129_fscanf_83_bad.cpp,40,CWE121_Stack_Based_Buffer_Overflow__CWE129_fscanf_83_bad,clamp_bad_CWE121_Stack_Based_Buffer_Overflow__CWE129_fscanf_83_bad_40,clamp_bad_CWE121_Stack_Based_Buffer_Overflow__CWE129_fscanf_83_bad_40,non_sanitizer,UNKNOWN,unknown,cpp,/Users/saqif/Desktop/UCSB/ucsb_classes/w26/cs293G/joern/benchmarks/juliet/manifests/stage_c_clamp_transform_manifest.json
C,CWE121_Stack_Based_Buffer_Overflow/s01/CWE121_Stack_Based_Buffer_Overflow__CWE129_fscanf_83_goodB2G.cpp,39,CWE121_Stack_Based_Buffer_Overflow__CWE129_fscanf_83_goodB2G,clamp_good_CWE121_Stack_Based_Buffer_Overflow__CWE129_fscanf_83_goodB2G_39,clamp_good_CWE121_Stack_Based_Buffer_Overflow__CWE129_fscanf_83_goodB2G_39,sanitizer,UNKNOWN,unknown,cpp,/Users/saqif/Desktop/UCSB/ucsb_classes/w26/cs293G/joern/benchmarks/juliet/manifests/stage_c_clamp_transform_manifest.json
C,CWE121_Stack_Based_Buffer_Overflow/s01/CWE121_Stack_Based_Buffer_Overflow__CWE129_fscanf_84_bad.cpp,40,CWE121_Stack_Based_Buffer_Overflow__CWE129_fscanf_84_bad,clamp_bad_CWE121_Stack_Based_Buffer_Overflow__CWE129_fscanf_84_bad_40,clamp_bad_CWE121_Stack_Based_Buffer_Overflow__CWE129_fscanf_84_bad_40,non_sanitizer,UNKNOWN,unknown,cpp,/Users/saqif/Desktop/UCSB/ucsb_classes/w26/cs293G/joern/benchmarks/juliet/manifests/stage_c_clamp_transform_manifest.json
C,CWE121_Stack_Based_Buffer_Overflow/s01/CWE121_Stack_Based_Buffer_Overflow__CWE129_fscanf_84_goodB2G.cpp,39,CWE121_Stack_Based_Buffer_Overflow__CWE129_fscanf_84_goodB2G,clamp_good_CWE121_Stack_Based_Buffer_Overflow__CWE129_fscanf_84_goodB2G_39,clamp_good_CWE121_Stack_Based_Buffer_Overflow__CWE129_fscanf_84_goodB2G_39,sanitizer,UNKNOWN,unknown,cpp,/Users/saqif/Desktop/UCSB/ucsb_classes/w26/cs293G/joern/benchmarks/juliet/manifests/stage_c_clamp_transform_manifest.json
C,CWE121_Stack_Based_Buffer_Overflow/s01/CWE121_Stack_Based_Buffer_Overflow__CWE129_large_51b.c,82,CWE121_Stack_Based_Buffer_Overflow__CWE129_large_51b_goodB2GSink,clamp_good_CWE121_Stack_Based_Buffer_Overflow__CWE129_large_51b_goodB2GSink_82,clamp_good_CWE121_Stack_Based_Buffer_Overflow__CWE129_large_51b_goodB2GSink_82,sanitizer,CWE121,51,c,/Users/saqif/Desktop/UCSB/ucsb_classes/w26/cs293G/joern/benchmarks/juliet/manifests/stage_c_clamp_transform_manifest.json
C,CWE121_Stack_Based_Buffer_Overflow/s01/CWE121_Stack_Based_Buffer_Overflow__CWE129_large_52c.c,82,CWE121_Stack_Based_Buffer_Overflow__CWE129_large_52c_goodB2GSink,clamp_good_CWE121_Stack_Based_Buffer_Overflow__CWE129_large_52c_goodB2GSink_82,clamp_good_CWE121_Stack_Based_Buffer_Overflow__CWE129_large_52c_goodB2GSink_82,sanitizer,CWE121,52,c,/Users/saqif/Desktop/UCSB/ucsb_classes/w26/cs293G/joern/benchmarks/juliet/manifests/stage_c_clamp_transform_manifest.json
C,CWE121_Stack_Based_Buffer_Overflow/s01/CWE121_Stack_Based_Buffer_Overflow__CWE129_large_53d.c,82,CWE121_Stack_Based_Buffer_Overflow__CWE129_large_53d_goodB2GSink,clamp_good_CWE121_Stack_Based_Buffer_Overflow__CWE129_large_53d_goodB2GSink_82,clamp_good_CWE121_Stack_Based_Buffer_Overflow__CWE129_large_53d_goodB2GSink_82,sanitizer,CWE121,53,c,/Users/saqif/Desktop/UCSB/ucsb_classes/w26/cs293G/joern/benchmarks/juliet/manifests/stage_c_clamp_transform_manifest.json
C,CWE121_Stack_Based_Buffer_Overflow/s01/CWE121_Stack_Based_Buffer_Overflow__CWE129_large_54e.c,82,CWE121_Stack_Based_Buffer_Overflow__CWE129_large_54e_goodB2GSink,clamp_good_CWE121_Stack_Based_Buffer_Overflow__CWE129_large_54e_goodB2GSink_82,clamp_good_CWE121_Stack_Based_Buffer_Overflow__CWE129_large_54e_goodB2GSink_82,sanitizer,CWE121,54,c,/Users/saqif/Desktop/UCSB/ucsb_classes/w26/cs293G/joern/benchmarks/juliet/manifests/stage_c_clamp_transform_manifest.json
C,CWE121_Stack_Based_Buffer_Overflow/s01/CWE121_Stack_Based_Buffer_Overflow__CWE129_large_61a.c,38,CWE121_Stack_Based_Buffer_Overflow__CWE129_large_61_bad,clamp_bad_CWE121_Stack_Based_Buffer_Overflow__CWE129_large_61_bad_38,clamp_bad_CWE121_Stack_Based_Buffer_Overflow__CWE129_large_61_bad_38,non_sanitizer,CWE121,61,c,/Users/saqif/Desktop/UCSB/ucsb_classes/w26/cs293G/joern/benchmarks/juliet/manifests/stage_c_clamp_transform_manifest.json
C,CWE121_Stack_Based_Buffer_Overflow/s01/CWE121_Stack_Based_Buffer_Overflow__CWE129_large_61a.c,101,goodB2G,clamp_good_goodB2G_101,clamp_good_goodB2G_101,sanitizer,CWE121,61,c,/Users/saqif/Desktop/UCSB/ucsb_classes/w26/cs293G/joern/benchmarks/juliet/manifests/stage_c_clamp_transform_manifest.json
C,CWE121_Stack_Based_Buffer_Overflow/s01/CWE121_Stack_Based_Buffer_Overflow__CWE129_large_62a.cpp,41,bad,clamp_bad_bad_41,clamp_bad_bad_41,non_sanitizer,CWE121,62,cpp,/Users/saqif/Desktop/UCSB/ucsb_classes/w26/cs293G/joern/benchmarks/juliet/manifests/stage_c_clamp_transform_manifest.json
C,CWE121_Stack_Based_Buffer_Overflow/s01/CWE121_Stack_Based_Buffer_Overflow__CWE129_large_62a.cpp,104,goodB2G,clamp_good_goodB2G_104,clamp_good_goodB2G_104,sanitizer,CWE121,62,cpp,/Users/saqif/Desktop/UCSB/ucsb_classes/w26/cs293G/joern/benchmarks/juliet/manifests/stage_c_clamp_transform_manifest.json
C,CWE121_Stack_Based_Buffer_Overflow/s01/CWE121_Stack_Based_Buffer_Overflow__CWE129_large_63b.c,85,CWE121_Stack_Based_Buffer_Overflow__CWE129_large_63b_goodB2GSink,clamp_good_CWE121_Stack_Based_Buffer_Overflow__CWE129_large_63b_goodB2GSink_85,clamp_good_CWE121_Stack_Based_Buffer_Overflow__CWE129_large_63b_goodB2GSink_85,sanitizer,CWE121,63,c,/Users/saqif/Desktop/UCSB/ucsb_classes/w26/cs293G/joern/benchmarks/juliet/manifests/stage_c_clamp_transform_manifest.json
C,CWE121_Stack_Based_Buffer_Overflow/s01/CWE121_Stack_Based_Buffer_Overflow__CWE129_large_64b.c,94,CWE121_Stack_Based_Buffer_Overflow__CWE129_large_64b_goodB2GSink,clamp_good_CWE121_Stack_Based_Buffer_Overflow__CWE129_large_64b_goodB2GSink_94,clamp_good_CWE121_Stack_Based_Buffer_Overflow__CWE129_large_64b_goodB2GSink_94,sanitizer,CWE121,64,c,/Users/saqif/Desktop/UCSB/ucsb_classes/w26/cs293G/joern/benchmarks/juliet/manifests/stage_c_clamp_transform_manifest.json
C,CWE121_Stack_Based_Buffer_Overflow/s01/CWE121_Stack_Based_Buffer_Overflow__CWE129_large_65b.c,82,CWE121_Stack_Based_Buffer_Overflow__CWE129_large_65b_goodB2GSink,clamp_good_CWE121_Stack_Based_Buffer_Overflow__CWE129_large_65b_goodB2GSink_82,clamp_good_CWE121_Stack_Based_Buffer_Overflow__CWE129_large_65b_goodB2GSink_82,sanitizer,CWE121,65,c,/Users/saqif/Desktop/UCSB/ucsb_classes/w26/cs293G/joern/benchmarks/juliet/manifests/stage_c_clamp_transform_manifest.json
C,CWE121_Stack_Based_Buffer_Overflow/s01/CWE121_Stack_Based_Buffer_Overflow__CWE129_large_66b.c,86,CWE121_Stack_Based_Buffer_Overflow__CWE129_large_66b_goodB2GSink,clamp_good_CWE121_Stack_Based_Buffer_Overflow__CWE129_large_66b_goodB2GSink_86,clamp_good_CWE121_Stack_Based_Buffer_Overflow__CWE129_large_66b_goodB2GSink_86,sanitizer,CWE121,66,c,/Users/saqif/Desktop/UCSB/ucsb_classes/w26/cs293G/joern/benchmarks/juliet/manifests/stage_c_clamp_transform_manifest.json
C,CWE121_Stack_Based_Buffer_Overflow/s01/CWE121_Stack_Based_Buffer_Overflow__CWE129_large_67b.c,90,CWE121_Stack_Based_Buffer_Overflow__CWE129_large_67b_goodB2GSink,clamp_good_CWE121_Stack_Based_Buffer_Overflow__CWE129_large_67b_goodB2GSink_90,clamp_good_CWE121_Stack_Based_Buffer_Overflow__CWE129_large_67b_goodB2GSink_90,sanitizer,CWE121,67,c,/Users/saqif/Desktop/UCSB/ucsb_classes/w26/cs293G/joern/benchmarks/juliet/manifests/stage_c_clamp_transform_manifest.json
C,CWE121_Stack_Based_Buffer_Overflow/s01/CWE121_Stack_Based_Buffer_Overflow__CWE129_large_68b.c,89,CWE121_Stack_Based_Buffer_Overflow__CWE129_large_68b_goodB2GSink,clamp_good_CWE121_Stack_Based_Buffer_Overflow__CWE129_large_68b_goodB2GSink_89,clamp_good_CWE121_Stack_Based_Buffer_Overflow__CWE129_large_68b_goodB2GSink_89,sanitizer,CWE121,68,c,/Users/saqif/Desktop/UCSB/ucsb_classes/w26/cs293G/joern/benchmarks/juliet/manifests/stage_c_clamp_transform_manifest.json
C,CWE121_Stack_Based_Buffer_Overflow/s01/CWE121_Stack_Based_Buffer_Overflow__CWE129_large_72b.cpp,39,badSink,clamp_bad_badSink_39,clamp_bad_badSink_39,non_sanitizer,CWE121,72,cpp,/Users/saqif/Desktop/UCSB/ucsb_classes/w26/cs293G/joern/benchmarks/juliet/manifests/stage_c_clamp_transform_manifest.json
C,CWE121_Stack_Based_Buffer_Overflow/s01/CWE121_Stack_Based_Buffer_Overflow__CWE129_large_72b.cpp,92,goodB2GSink,clamp_good_goodB2GSink_92,clamp_good_goodB2GSink_92,sanitizer,CWE121,72,cpp,/Users/saqif/Desktop/UCSB/ucsb_classes/w26/cs293G/joern/benchmarks/juliet/manifests/stage_c_clamp_transform_manifest.json
C,CWE121_Stack_Based_Buffer_Overflow/s01/CWE121_Stack_Based_Buffer_Overflow__CWE129_large_73b.cpp,39,badSink,clamp_bad_badSink_39,clamp_bad_badSink_39,non_sanitizer,CWE121,73,cpp,/Users/saqif/Desktop/UCSB/ucsb_classes/w26/cs293G/joern/benchmarks/juliet/manifests/stage_c_clamp_transform_manifest.json
C,CWE121_Stack_Based_Buffer_Overflow/s01/CWE121_Stack_Based_Buffer_Overflow__CWE129_large_73b.cpp,92,goodB2GSink,clamp_good_goodB2GSink_92,clamp_good_goodB2GSink_92,sanitizer,CWE121,73,cpp,/Users/saqif/Desktop/UCSB/ucsb_classes/w26/cs293G/joern/benchmarks/juliet/manifests/stage_c_clamp_transform_manifest.json
C,CWE121_Stack_Based_Buffer_Overflow/s01/CWE121_Stack_Based_Buffer_Overflow__CWE129_large_74b.cpp,39,badSink,clamp_bad_badSink_39,clamp_bad_badSink_39,non_sanitizer,CWE121,74,cpp,/Users/saqif/Desktop/UCSB/ucsb_classes/w26/cs293G/joern/benchmarks/juliet/manifests/stage_c_clamp_transform_manifest.json
C,CWE121_Stack_Based_Buffer_Overflow/s01/CWE121_Stack_Based_Buffer_Overflow__CWE129_large_74b.cpp,92,goodB2GSink,clamp_good_goodB2GSink_92,clamp_good_goodB2GSink_92,sanitizer,CWE121,74,cpp,/Users/saqif/Desktop/UCSB/ucsb_classes/w26/cs293G/joern/benchmarks/juliet/manifests/stage_c_clamp_transform_manifest.json
C,CWE121_Stack_Based_Buffer_Overflow/s01/CWE121_Stack_Based_Buffer_Overflow__CWE129_large_83_bad.cpp,40,CWE121_Stack_Based_Buffer_Overflow__CWE129_large_83_bad,clamp_bad_CWE121_Stack_Based_Buffer_Overflow__CWE129_large_83_bad_40,clamp_bad_CWE121_Stack_Based_Buffer_Overflow__CWE129_large_83_bad_40,non_sanitizer,UNKNOWN,unknown,cpp,/Users/saqif/Desktop/UCSB/ucsb_classes/w26/cs293G/joern/benchmarks/juliet/manifests/stage_c_clamp_transform_manifest.json
C,CWE121_Stack_Based_Buffer_Overflow/s01/CWE121_Stack_Based_Buffer_Overflow__CWE129_large_83_goodB2G.cpp,39,CWE121_Stack_Based_Buffer_Overflow__CWE129_large_83_goodB2G,clamp_good_CWE121_Stack_Based_Buffer_Overflow__CWE129_large_83_goodB2G_39,clamp_good_CWE121_Stack_Based_Buffer_Overflow__CWE129_large_83_goodB2G_39,sanitizer,UNKNOWN,unknown,cpp,/Users/saqif/Desktop/UCSB/ucsb_classes/w26/cs293G/joern/benchmarks/juliet/manifests/stage_c_clamp_transform_manifest.json
C,CWE121_Stack_Based_Buffer_Overflow/s01/CWE121_Stack_Based_Buffer_Overflow__CWE129_large_84_bad.cpp,40,CWE121_Stack_Based_Buffer_Overflow__CWE129_large_84_bad,clamp_bad_CWE121_Stack_Based_Buffer_Overflow__CWE129_large_84_bad_40,clamp_bad_CWE121_Stack_Based_Buffer_Overflow__CWE129_large_84_bad_40,non_sanitizer,UNKNOWN,unknown,cpp,/Users/saqif/Desktop/UCSB/ucsb_classes/w26/cs293G/joern/benchmarks/juliet/manifests/stage_c_clamp_transform_manifest.json
C,CWE121_Stack_Based_Buffer_Overflow/s01/CWE121_Stack_Based_Buffer_Overflow__CWE129_large_84_goodB2G.cpp,39,CWE121_Stack_Based_Buffer_Overflow__CWE129_large_84_goodB2G,clamp_good_CWE121_Stack_Based_Buffer_Overflow__CWE129_large_84_goodB2G_39,clamp_good_CWE121_Stack_Based_Buffer_Overflow__CWE129_large_84_goodB2G_39,sanitizer,UNKNOWN,unknown,cpp,/Users/saqif/Desktop/UCSB/ucsb_classes/w26/cs293G/joern/benchmarks/juliet/manifests/stage_c_clamp_transform_manifest.json
C,CWE121_Stack_Based_Buffer_Overflow/s01/CWE121_Stack_Based_Buffer_Overflow__CWE129_listen_socket_51b.c,104,CWE121_Stack_Based_Buffer_Overflow__CWE129_listen_socket_51b_goodB2GSink,clamp_good_CWE121_Stack_Based_Buffer_Overflow__CWE129_listen_socket_51b_goodB2GSink_104,clamp_good_CWE121_Stack_Based_Buffer_Overflow__CWE129_listen_socket_51b_goodB2GSink_104,sanitizer,CWE121,51,c,/Users/saqif/Desktop/UCSB/ucsb_classes/w26/cs293G/joern/benchmarks/juliet/manifests/stage_c_clamp_transform_manifest.json
C,CWE121_Stack_Based_Buffer_Overflow/s01/CWE121_Stack_Based_Buffer_Overflow__CWE129_listen_socket_52c.c,104,CWE121_Stack_Based_Buffer_Overflow__CWE129_listen_socket_52c_goodB2GSink,clamp_good_CWE121_Stack_Based_Buffer_Overflow__CWE129_listen_socket_52c_goodB2GSink_104,clamp_good_CWE121_Stack_Based_Buffer_Overflow__CWE129_listen_socket_52c_goodB2GSink_104,sanitizer,CWE121,52,c,/Users/saqif/Desktop/UCSB/ucsb_classes/w26/cs293G/joern/benchmarks/juliet/manifests/stage_c_clamp_transform_manifest.json
C,CWE121_Stack_Based_Buffer_Overflow/s01/CWE121_Stack_Based_Buffer_Overflow__CWE129_listen_socket_53d.c,104,CWE121_Stack_Based_Buffer_Overflow__CWE129_listen_socket_53d_goodB2GSink,clamp_good_CWE121_Stack_Based_Buffer_Overflow__CWE129_listen_socket_53d_goodB2GSink_104,clamp_good_CWE121_Stack_Based_Buffer_Overflow__CWE129_listen_socket_53d_goodB2GSink_104,sanitizer,CWE121,53,c,/Users/saqif/Desktop/UCSB/ucsb_classes/w26/cs293G/joern/benchmarks/juliet/manifests/stage_c_clamp_transform_manifest.json
C,CWE121_Stack_Based_Buffer_Overflow/s01/CWE121_Stack_Based_Buffer_Overflow__CWE129_listen_socket_54e.c,104,CWE121_Stack_Based_Buffer_Overflow__CWE129_listen_socket_54e_goodB2GSink,clamp_good_CWE121_Stack_Based_Buffer_Overflow__CWE129_listen_socket_54e_goodB2GSink_104,clamp_good_CWE121_Stack_Based_Buffer_Overflow__CWE129_listen_socket_54e_goodB2GSink_104,sanitizer,CWE121,54,c,/Users/saqif/Desktop/UCSB/ucsb_classes/w26/cs293G/joern/benchmarks/juliet/manifests/stage_c_clamp_transform_manifest.json
C,CWE121_Stack_Based_Buffer_Overflow/s01/CWE121_Stack_Based_Buffer_Overflow__CWE129_listen_socket_61a.c,60,CWE121_Stack_Based_Buffer_Overflow__CWE129_listen_socket_61_bad,clamp_bad_CWE121_Stack_Based_Buffer_Overflow__CWE129_listen_socket_61_bad_60,clamp_bad_CWE121_Stack_Based_Buffer_Overflow__CWE129_listen_socket_61_bad_60,non_sanitizer,CWE121,61,c,/Users/saqif/Desktop/UCSB/ucsb_classes/w26/cs293G/joern/benchmarks/juliet/manifests/stage_c_clamp_transform_manifest.json
C,CWE121_Stack_Based_Buffer_Overflow/s01/CWE121_Stack_Based_Buffer_Overflow__CWE129_listen_socket_61a.c,123,goodB2G,clamp_good_goodB2G_123,clamp_good_goodB2G_123,sanitizer,CWE121,61,c,/Users/saqif/Desktop/UCSB/ucsb_classes/w26/cs293G/joern/benchmarks/juliet/manifests/stage_c_clamp_transform_manifest.json
C,CWE121_Stack_Based_Buffer_Overflow/s01/CWE121_Stack_Based_Buffer_Overflow__CWE129_listen_socket_62a.cpp,41,bad,clamp_bad_bad_41,clamp_bad_bad_41,non_sanitizer,CWE121,62,cpp,/Users/saqif/Desktop/UCSB/ucsb_classes/w26/cs293G/joern/benchmarks/juliet/manifests/stage_c_clamp_transform_manifest.json
C,CWE121_Stack_Based_Buffer_Overflow/s01/CWE121_Stack_Based_Buffer_Overflow__CWE129_listen_socket_62a.cpp,104,goodB2G,clamp_good_goodB2G_104,clamp_good_goodB2G_104,sanitizer,CWE121,62,cpp,/Users/saqif/Desktop/UCSB/ucsb_classes/w26/cs293G/joern/benchmarks/juliet/manifests/stage_c_clamp_transform_manifest.json
C,CWE121_Stack_Based_Buffer_Overflow/s01/CWE121_Stack_Based_Buffer_Overflow__CWE129_listen_socket_63b.c,107,CWE121_Stack_Based_Buffer_Overflow__CWE129_listen_socket_63b_goodB2GSink,clamp_good_CWE121_Stack_Based_Buffer_Overflow__CWE129_listen_socket_63b_goodB2GSink_107,clamp_good_CWE121_Stack_Based_Buffer_Overflow__CWE129_listen_socket_63b_goodB2GSink_107,sanitizer,CWE121,63,c,/Users/saqif/Desktop/UCSB/ucsb_classes/w26/cs293G/joern/benchmarks/juliet/manifests/stage_c_clamp_transform_manifest.json
C,CWE121_Stack_Based_Buffer_Overflow/s01/CWE121_Stack_Based_Buffer_Overflow__CWE129_listen_socket_64b.c,116,CWE121_Stack_Based_Buffer_Overflow__CWE129_listen_socket_64b_goodB2GSink,clamp_good_CWE121_Stack_Based_Buffer_Overflow__CWE129_listen_socket_64b_goodB2GSink_116,clamp_good_CWE121_Stack_Based_Buffer_Overflow__CWE129_listen_socket_64b_goodB2GSink_116,sanitizer,CWE121,64,c,/Users/saqif/Desktop/UCSB/ucsb_classes/w26/cs293G/joern/benchmarks/juliet/manifests/stage_c_clamp_transform_manifest.json
C,CWE121_Stack_Based_Buffer_Overflow/s01/CWE121_Stack_Based_Buffer_Overflow__CWE129_listen_socket_65b.c,104,CWE121_Stack_Based_Buffer_Overflow__CWE129_listen_socket_65b_goodB2GSink,clamp_good_CWE121_Stack_Based_Buffer_Overflow__CWE129_listen_socket_65b_goodB2GSink_104,clamp_good_CWE121_Stack_Based_Buffer_Overflow__CWE129_listen_socket_65b_goodB2GSink_104,sanitizer,CWE121,65,c,/Users/saqif/Desktop/UCSB/ucsb_classes/w26/cs293G/joern/benchmarks/juliet/manifests/stage_c_clamp_transform_manifest.json
C,CWE121_Stack_Based_Buffer_Overflow/s01/CWE121_Stack_Based_Buffer_Overflow__CWE129_listen_socket_66b.c,108,CWE121_Stack_Based_Buffer_Overflow__CWE129_listen_socket_66b_goodB2GSink,clamp_good_CWE121_Stack_Based_Buffer_Overflow__CWE129_listen_socket_66b_goodB2GSink_108,clamp_good_CWE121_Stack_Based_Buffer_Overflow__CWE129_listen_socket_66b_goodB2GSink_108,sanitizer,CWE121,66,c,/Users/saqif/Desktop/UCSB/ucsb_classes/w26/cs293G/joern/benchmarks/juliet/manifests/stage_c_clamp_transform_manifest.json
C,CWE121_Stack_Based_Buffer_Overflow/s01/CWE121_Stack_Based_Buffer_Overflow__CWE129_listen_socket_67b.c,112,CWE121_Stack_Based_Buffer_Overflow__CWE129_listen_socket_67b_goodB2GSink,clamp_good_CWE121_Stack_Based_Buffer_Overflow__CWE129_listen_socket_67b_goodB2GSink_112,clamp_good_CWE121_Stack_Based_Buffer_Overflow__CWE129_listen_socket_67b_goodB2GSink_112,sanitizer,CWE121,67,c,/Users/saqif/Desktop/UCSB/ucsb_classes/w26/cs293G/joern/benchmarks/juliet/manifests/stage_c_clamp_transform_manifest.json
C,CWE121_Stack_Based_Buffer_Overflow/s01/CWE121_Stack_Based_Buffer_Overflow__CWE129_listen_socket_68b.c,111,CWE121_Stack_Based_Buffer_Overflow__CWE129_listen_socket_68b_goodB2GSink,clamp_good_CWE121_Stack_Based_Buffer_Overflow__CWE129_listen_socket_68b_goodB2GSink_111,clamp_good_CWE121_Stack_Based_Buffer_Overflow__CWE129_listen_socket_68b_goodB2GSink_111,sanitizer,CWE121,68,c,/Users/saqif/Desktop/UCSB/ucsb_classes/w26/cs293G/joern/benchmarks/juliet/manifests/stage_c_clamp_transform_manifest.json
C,CWE121_Stack_Based_Buffer_Overflow/s01/CWE121_Stack_Based_Buffer_Overflow__CWE129_listen_socket_72b.cpp,39,badSink,clamp_bad_badSink_39,clamp_bad_badSink_39,non_sanitizer,CWE121,72,cpp,/Users/saqif/Desktop/UCSB/ucsb_classes/w26/cs293G/joern/benchmarks/juliet/manifests/stage_c_clamp_transform_manifest.json
C,CWE121_Stack_Based_Buffer_Overflow/s01/CWE121_Stack_Based_Buffer_Overflow__CWE129_listen_socket_72b.cpp,92,goodB2GSink,clamp_good_goodB2GSink_92,clamp_good_goodB2GSink_92,sanitizer,CWE121,72,cpp,/Users/saqif/Desktop/UCSB/ucsb_classes/w26/cs293G/joern/benchmarks/juliet/manifests/stage_c_clamp_transform_manifest.json
C,CWE121_Stack_Based_Buffer_Overflow/s01/CWE121_Stack_Based_Buffer_Overflow__CWE129_listen_socket_73b.cpp,39,badSink,clamp_bad_badSink_39,clamp_bad_badSink_39,non_sanitizer,CWE121,73,cpp,/Users/saqif/Desktop/UCSB/ucsb_classes/w26/cs293G/joern/benchmarks/juliet/manifests/stage_c_clamp_transform_manifest.json
C,CWE121_Stack_Based_Buffer_Overflow/s01/CWE121_Stack_Based_Buffer_Overflow__CWE129_listen_socket_73b.cpp,92,goodB2GSink,clamp_good_goodB2GSink_92,clamp_good_goodB2GSink_92,sanitizer,CWE121,73,cpp,/Users/saqif/Desktop/UCSB/ucsb_classes/w26/cs293G/joern/benchmarks/juliet/manifests/stage_c_clamp_transform_manifest.json
C,CWE121_Stack_Based_Buffer_Overflow/s01/CWE121_Stack_Based_Buffer_Overflow__CWE129_listen_socket_74b.cpp,39,badSink,clamp_bad_badSink_39,clamp_bad_badSink_39,non_sanitizer,CWE121,74,cpp,/Users/saqif/Desktop/UCSB/ucsb_classes/w26/cs293G/joern/benchmarks/juliet/manifests/stage_c_clamp_transform_manifest.json
C,CWE121_Stack_Based_Buffer_Overflow/s01/CWE121_Stack_Based_Buffer_Overflow__CWE129_listen_socket_74b.cpp,92,goodB2GSink,clamp_good_goodB2GSink_92,clamp_good_goodB2GSink_92,sanitizer,CWE121,74,cpp,/Users/saqif/Desktop/UCSB/ucsb_classes/w26/cs293G/joern/benchmarks/juliet/manifests/stage_c_clamp_transform_manifest.json
C,CWE121_Stack_Based_Buffer_Overflow/s01/CWE121_Stack_Based_Buffer_Overflow__CWE129_listen_socket_83_bad.cpp,129,CWE121_Stack_Based_Buffer_Overflow__CWE129_listen_socket_83_bad,clamp_bad_CWE121_Stack_Based_Buffer_Overflow__CWE129_listen_socket_83_bad_129,clamp_bad_CWE121_Stack_Based_Buffer_Overflow__CWE129_listen_socket_83_bad_129,non_sanitizer,UNKNOWN,unknown,cpp,/Users/saqif/Desktop/UCSB/ucsb_classes/w26/cs293G/joern/benchmarks/juliet/manifests/stage_c_clamp_transform_manifest.json
C,CWE121_Stack_Based_Buffer_Overflow/s01/CWE121_Stack_Based_Buffer_Overflow__CWE129_listen_socket_83_goodB2G.cpp,128,CWE121_Stack_Based_Buffer_Overflow__CWE129_listen_socket_83_goodB2G,clamp_good_CWE121_Stack_Based_Buffer_Overflow__CWE129_listen_socket_83_goodB2G_128,clamp_good_CWE121_Stack_Based_Buffer_Overflow__CWE129_listen_socket_83_goodB2G_128,sanitizer,UNKNOWN,unknown,cpp,/Users/saqif/Desktop/UCSB/ucsb_classes/w26/cs293G/joern/benchmarks/juliet/manifests/stage_c_clamp_transform_manifest.json
C,CWE121_Stack_Based_Buffer_Overflow/s01/CWE121_Stack_Based_Buffer_Overflow__CWE129_listen_socket_84_bad.cpp,129,CWE121_Stack_Based_Buffer_Overflow__CWE129_listen_socket_84_bad,clamp_bad_CWE121_Stack_Based_Buffer_Overflow__CWE129_listen_socket_84_bad_129,clamp_bad_CWE121_Stack_Based_Buffer_Overflow__CWE129_listen_socket_84_bad_129,non_sanitizer,UNKNOWN,unknown,cpp,/Users/saqif/Desktop/UCSB/ucsb_classes/w26/cs293G/joern/benchmarks/juliet/manifests/stage_c_clamp_transform_manifest.json
C,CWE121_Stack_Based_Buffer_Overflow/s01/CWE121_Stack_Based_Buffer_Overflow__CWE129_listen_socket_84_goodB2G.cpp,128,CWE121_Stack_Based_Buffer_Overflow__CWE129_listen_socket_84_goodB2G,clamp_good_CWE121_Stack_Based_Buffer_Overflow__CWE129_listen_socket_84_goodB2G_128,clamp_good_CWE121_Stack_Based_Buffer_Overflow__CWE129_listen_socket_84_goodB2G_128,sanitizer,UNKNOWN,unknown,cpp,/Users/saqif/Desktop/UCSB/ucsb_classes/w26/cs293G/joern/benchmarks/juliet/manifests/stage_c_clamp_transform_manifest.json
C,CWE121_Stack_Based_Buffer_Overflow/s01/CWE121_Stack_Based_Buffer_Overflow__CWE129_rand_51b.c,82,CWE121_Stack_Based_Buffer_Overflow__CWE129_rand_51b_goodB2GSink,clamp_good_CWE121_Stack_Based_Buffer_Overflow__CWE129_rand_51b_goodB2GSink_82,clamp_good_CWE121_Stack_Based_Buffer_Overflow__CWE129_rand_51b_goodB2GSink_82,sanitizer,CWE121,51,c,/Users/saqif/Desktop/UCSB/ucsb_classes/w26/cs293G/joern/benchmarks/juliet/manifests/stage_c_clamp_transform_manifest.json
C,CWE121_Stack_Based_Buffer_Overflow/s01/CWE121_Stack_Based_Buffer_Overflow__CWE129_rand_52c.c,82,CWE121_Stack_Based_Buffer_Overflow__CWE129_rand_52c_goodB2GSink,clamp_good_CWE121_Stack_Based_Buffer_Overflow__CWE129_rand_52c_goodB2GSink_82,clamp_good_CWE121_Stack_Based_Buffer_Overflow__CWE129_rand_52c_goodB2GSink_82,sanitizer,CWE121,52,c,/Users/saqif/Desktop/UCSB/ucsb_classes/w26/cs293G/joern/benchmarks/juliet/manifests/stage_c_clamp_transform_manifest.json
C,CWE121_Stack_Based_Buffer_Overflow/s01/CWE121_Stack_Based_Buffer_Overflow__CWE129_rand_53d.c,82,CWE121_Stack_Based_Buffer_Overflow__CWE129_rand_53d_goodB2GSink,clamp_good_CWE121_Stack_Based_Buffer_Overflow__CWE129_rand_53d_goodB2GSink_82,clamp_good_CWE121_Stack_Based_Buffer_Overflow__CWE129_rand_53d_goodB2GSink_82,sanitizer,CWE121,53,c,/Users/saqif/Desktop/UCSB/ucsb_classes/w26/cs293G/joern/benchmarks/juliet/manifests/stage_c_clamp_transform_manifest.json
C,CWE121_Stack_Based_Buffer_Overflow/s01/CWE121_Stack_Based_Buffer_Overflow__CWE129_rand_54e.c,82,CWE121_Stack_Based_Buffer_Overflow__CWE129_rand_54e_goodB2GSink,clamp_good_CWE121_Stack_Based_Buffer_Overflow__CWE129_rand_54e_goodB2GSink_82,clamp_good_CWE121_Stack_Based_Buffer_Overflow__CWE129_rand_54e_goodB2GSink_82,sanitizer,CWE121,54,c,/Users/saqif/Desktop/UCSB/ucsb_classes/w26/cs293G/joern/benchmarks/juliet/manifests/stage_c_clamp_transform_manifest.json
C,CWE121_Stack_Based_Buffer_Overflow/s01/CWE121_Stack_Based_Buffer_Overflow__CWE129_rand_61a.c,38,CWE121_Stack_Based_Buffer_Overflow__CWE129_rand_61_bad,clamp_bad_CWE121_Stack_Based_Buffer_Overflow__CWE129_rand_61_bad_38,clamp_bad_CWE121_Stack_Based_Buffer_Overflow__CWE129_rand_61_bad_38,non_sanitizer,CWE121,61,c,/Users/saqif/Desktop/UCSB/ucsb_classes/w26/cs293G/joern/benchmarks/juliet/manifests/stage_c_clamp_transform_manifest.json
C,CWE121_Stack_Based_Buffer_Overflow/s01/CWE121_Stack_Based_Buffer_Overflow__CWE129_rand_61a.c,101,goodB2G,clamp_good_goodB2G_101,clamp_good_goodB2G_101,sanitizer,CWE121,61,c,/Users/saqif/Desktop/UCSB/ucsb_classes/w26/cs293G/joern/benchmarks/juliet/manifests/stage_c_clamp_transform_manifest.json
C,CWE121_Stack_Based_Buffer_Overflow/s01/CWE121_Stack_Based_Buffer_Overflow__CWE129_rand_62a.cpp,41,bad,clamp_bad_bad_41,clamp_bad_bad_41,non_sanitizer,CWE121,62,cpp,/Users/saqif/Desktop/UCSB/ucsb_classes/w26/cs293G/joern/benchmarks/juliet/manifests/stage_c_clamp_transform_manifest.json
C,CWE121_Stack_Based_Buffer_Overflow/s01/CWE121_Stack_Based_Buffer_Overflow__CWE129_rand_62a.cpp,104,goodB2G,clamp_good_goodB2G_104,clamp_good_goodB2G_104,sanitizer,CWE121,62,cpp,/Users/saqif/Desktop/UCSB/ucsb_classes/w26/cs293G/joern/benchmarks/juliet/manifests/stage_c_clamp_transform_manifest.json
C,CWE121_Stack_Based_Buffer_Overflow/s01/CWE121_Stack_Based_Buffer_Overflow__CWE129_rand_63b.c,85,CWE121_Stack_Based_Buffer_Overflow__CWE129_rand_63b_goodB2GSink,clamp_good_CWE121_Stack_Based_Buffer_Overflow__CWE129_rand_63b_goodB2GSink_85,clamp_good_CWE121_Stack_Based_Buffer_Overflow__CWE129_rand_63b_goodB2GSink_85,sanitizer,CWE121,63,c,/Users/saqif/Desktop/UCSB/ucsb_classes/w26/cs293G/joern/benchmarks/juliet/manifests/stage_c_clamp_transform_manifest.json
C,CWE121_Stack_Based_Buffer_Overflow/s01/CWE121_Stack_Based_Buffer_Overflow__CWE129_rand_64b.c,94,CWE121_Stack_Based_Buffer_Overflow__CWE129_rand_64b_goodB2GSink,clamp_good_CWE121_Stack_Based_Buffer_Overflow__CWE129_rand_64b_goodB2GSink_94,clamp_good_CWE121_Stack_Based_Buffer_Overflow__CWE129_rand_64b_goodB2GSink_94,sanitizer,CWE121,64,c,/Users/saqif/Desktop/UCSB/ucsb_classes/w26/cs293G/joern/benchmarks/juliet/manifests/stage_c_clamp_transform_manifest.json
C,CWE121_Stack_Based_Buffer_Overflow/s01/CWE121_Stack_Based_Buffer_Overflow__CWE129_rand_65b.c,82,CWE121_Stack_Based_Buffer_Overflow__CWE129_rand_65b_goodB2GSink,clamp_good_CWE121_Stack_Based_Buffer_Overflow__CWE129_rand_65b_goodB2GSink_82,clamp_good_CWE121_Stack_Based_Buffer_Overflow__CWE129_rand_65b_goodB2GSink_82,sanitizer,CWE121,65,c,/Users/saqif/Desktop/UCSB/ucsb_classes/w26/cs293G/joern/benchmarks/juliet/manifests/stage_c_clamp_transform_manifest.json
C,CWE121_Stack_Based_Buffer_Overflow/s01/CWE121_Stack_Based_Buffer_Overflow__CWE129_rand_66b.c,86,CWE121_Stack_Based_Buffer_Overflow__CWE129_rand_66b_goodB2GSink,clamp_good_CWE121_Stack_Based_Buffer_Overflow__CWE129_rand_66b_goodB2GSink_86,clamp_good_CWE121_Stack_Based_Buffer_Overflow__CWE129_rand_66b_goodB2GSink_86,sanitizer,CWE121,66,c,/Users/saqif/Desktop/UCSB/ucsb_classes/w26/cs293G/joern/benchmarks/juliet/manifests/stage_c_clamp_transform_manifest.json
C,CWE121_Stack_Based_Buffer_Overflow/s01/CWE121_Stack_Based_Buffer_Overflow__CWE129_rand_67b.c,90,CWE121_Stack_Based_Buffer_Overflow__CWE129_rand_67b_goodB2GSink,clamp_good_CWE121_Stack_Based_Buffer_Overflow__CWE129_rand_67b_goodB2GSink_90,clamp_good_CWE121_Stack_Based_Buffer_Overflow__CWE129_rand_67b_goodB2GSink_90,sanitizer,CWE121,67,c,/Users/saqif/Desktop/UCSB/ucsb_classes/w26/cs293G/joern/benchmarks/juliet/manifests/stage_c_clamp_transform_manifest.json
C,CWE121_Stack_Based_Buffer_Overflow/s01/CWE121_Stack_Based_Buffer_Overflow__CWE129_rand_68b.c,89,CWE121_Stack_Based_Buffer_Overflow__CWE129_rand_68b_goodB2GSink,clamp_good_CWE121_Stack_Based_Buffer_Overflow__CWE129_rand_68b_goodB2GSink_89,clamp_good_CWE121_Stack_Based_Buffer_Overflow__CWE129_rand_68b_goodB2GSink_89,sanitizer,CWE121,68,c,/Users/saqif/Desktop/UCSB/ucsb_classes/w26/cs293G/joern/benchmarks/juliet/manifests/stage_c_clamp_transform_manifest.json
C,CWE121_Stack_Based_Buffer_Overflow/s01/CWE121_Stack_Based_Buffer_Overflow__CWE129_rand_72b.cpp,39,badSink,clamp_bad_badSink_39,clamp_bad_badSink_39,non_sanitizer,CWE121,72,cpp,/Users/saqif/Desktop/UCSB/ucsb_classes/w26/cs293G/joern/benchmarks/juliet/manifests/stage_c_clamp_transform_manifest.json
C,CWE121_Stack_Based_Buffer_Overflow/s01/CWE121_Stack_Based_Buffer_Overflow__CWE129_rand_72b.cpp,92,goodB2GSink,clamp_good_goodB2GSink_92,clamp_good_goodB2GSink_92,sanitizer,CWE121,72,cpp,/Users/saqif/Desktop/UCSB/ucsb_classes/w26/cs293G/joern/benchmarks/juliet/manifests/stage_c_clamp_transform_manifest.json
C,CWE121_Stack_Based_Buffer_Overflow/s01/CWE121_Stack_Based_Buffer_Overflow__CWE129_rand_73b.cpp,39,badSink,clamp_bad_badSink_39,clamp_bad_badSink_39,non_sanitizer,CWE121,73,cpp,/Users/saqif/Desktop/UCSB/ucsb_classes/w26/cs293G/joern/benchmarks/juliet/manifests/stage_c_clamp_transform_manifest.json
C,CWE121_Stack_Based_Buffer_Overflow/s01/CWE121_Stack_Based_Buffer_Overflow__CWE129_rand_73b.cpp,92,goodB2GSink,clamp_good_goodB2GSink_92,clamp_good_goodB2GSink_92,sanitizer,CWE121,73,cpp,/Users/saqif/Desktop/UCSB/ucsb_classes/w26/cs293G/joern/benchmarks/juliet/manifests/stage_c_clamp_transform_manifest.json
C,CWE121_Stack_Based_Buffer_Overflow/s01/CWE121_Stack_Based_Buffer_Overflow__CWE129_rand_74b.cpp,39,badSink,clamp_bad_badSink_39,clamp_bad_badSink_39,non_sanitizer,CWE121,74,cpp,/Users/saqif/Desktop/UCSB/ucsb_classes/w26/cs293G/joern/benchmarks/juliet/manifests/stage_c_clamp_transform_manifest.json
C,CWE121_Stack_Based_Buffer_Overflow/s01/CWE121_Stack_Based_Buffer_Overflow__CWE129_rand_74b.cpp,92,goodB2GSink,clamp_good_goodB2GSink_92,clamp_good_goodB2GSink_92,sanitizer,CWE121,74,cpp,/Users/saqif/Desktop/UCSB/ucsb_classes/w26/cs293G/joern/benchmarks/juliet/manifests/stage_c_clamp_transform_manifest.json
C,CWE121_Stack_Based_Buffer_Overflow/s01/CWE121_Stack_Based_Buffer_Overflow__CWE129_rand_83_bad.cpp,40,CWE121_Stack_Based_Buffer_Overflow__CWE129_rand_83_bad,clamp_bad_CWE121_Stack_Based_Buffer_Overflow__CWE129_rand_83_bad_40,clamp_bad_CWE121_Stack_Based_Buffer_Overflow__CWE129_rand_83_bad_40,non_sanitizer,UNKNOWN,unknown,cpp,/Users/saqif/Desktop/UCSB/ucsb_classes/w26/cs293G/joern/benchmarks/juliet/manifests/stage_c_clamp_transform_manifest.json
C,CWE121_Stack_Based_Buffer_Overflow/s01/CWE121_Stack_Based_Buffer_Overflow__CWE129_rand_83_goodB2G.cpp,39,CWE121_Stack_Based_Buffer_Overflow__CWE129_rand_83_goodB2G,clamp_good_CWE121_Stack_Based_Buffer_Overflow__CWE129_rand_83_goodB2G_39,clamp_good_CWE121_Stack_Based_Buffer_Overflow__CWE129_rand_83_goodB2G_39,sanitizer,UNKNOWN,unknown,cpp,/Users/saqif/Desktop/UCSB/ucsb_classes/w26/cs293G/joern/benchmarks/juliet/manifests/stage_c_clamp_transform_manifest.json
C,CWE121_Stack_Based_Buffer_Overflow/s01/CWE121_Stack_Based_Buffer_Overflow__CWE129_rand_84_bad.cpp,40,CWE121_Stack_Based_Buffer_Overflow__CWE129_rand_84_bad,clamp_bad_CWE121_Stack_Based_Buffer_Overflow__CWE129_rand_84_bad_40,clamp_bad_CWE121_Stack_Based_Buffer_Overflow__CWE129_rand_84_bad_40,non_sanitizer,UNKNOWN,unknown,cpp,/Users/saqif/Desktop/UCSB/ucsb_classes/w26/cs293G/joern/benchmarks/juliet/manifests/stage_c_clamp_transform_manifest.json
C,CWE121_Stack_Based_Buffer_Overflow/s01/CWE121_Stack_Based_Buffer_Overflow__CWE129_rand_84_goodB2G.cpp,39,CWE121_Stack_Based_Buffer_Overflow__CWE129_rand_84_goodB2G,clamp_good_CWE121_Stack_Based_Buffer_Overflow__CWE129_rand_84_goodB2G_39,clamp_good_CWE121_Stack_Based_Buffer_Overflow__CWE129_rand_84_goodB2G_39,sanitizer,UNKNOWN,unknown,cpp,/Users/saqif/Desktop/UCSB/ucsb_classes/w26/cs293G/joern/benchmarks/juliet/manifests/stage_c_clamp_transform_manifest.json
C,CWE122_Heap_Based_Buffer_Overflow/s09/CWE122_Heap_Based_Buffer_Overflow__c_CWE806_char_loop_61a.c,39,CWE122_Heap_Based_Buffer_Overflow__c_CWE806_char_loop_61_bad,clamp_bad_CWE122_Heap_Based_Buffer_Overflow__c_CWE806_char_loop_61_bad_39,clamp_bad_CWE122_Heap_Based_Buffer_Overflow__c_CWE806_char_loop_61_bad_39,non_sanitizer,CWE122,61,c,/Users/saqif/Desktop/UCSB/ucsb_classes/w26/cs293G/joern/benchmarks/juliet/manifests/stage_c_clamp_transform_manifest.json
C,CWE122_Heap_Based_Buffer_Overflow/s09/CWE122_Heap_Based_Buffer_Overflow__c_CWE806_char_loop_62a.cpp,42,bad,clamp_bad_bad_42,clamp_bad_bad_42,non_sanitizer,CWE122,62,cpp,/Users/saqif/Desktop/UCSB/ucsb_classes/w26/cs293G/joern/benchmarks/juliet/manifests/stage_c_clamp_transform_manifest.json
C,CWE122_Heap_Based_Buffer_Overflow/s09/CWE122_Heap_Based_Buffer_Overflow__c_CWE806_wchar_t_loop_61a.c,39,CWE122_Heap_Based_Buffer_Overflow__c_CWE806_wchar_t_loop_61_bad,clamp_bad_CWE122_Heap_Based_Buffer_Overflow__c_CWE806_wchar_t_loop_61_bad_39,clamp_bad_CWE122_Heap_Based_Buffer_Overflow__c_CWE806_wchar_t_loop_61_bad_39,non_sanitizer,CWE122,61,c,/Users/saqif/Desktop/UCSB/ucsb_classes/w26/cs293G/joern/benchmarks/juliet/manifests/stage_c_clamp_transform_manifest.json
C,CWE122_Heap_Based_Buffer_Overflow/s09/CWE122_Heap_Based_Buffer_Overflow__c_CWE806_wchar_t_loop_62a.cpp,42,bad,clamp_bad_bad_42,clamp_bad_bad_42,non_sanitizer,CWE122,62,cpp,/Users/saqif/Desktop/UCSB/ucsb_classes/w26/cs293G/joern/benchmarks/juliet/manifests/stage_c_clamp_transform_manifest.json
