stage,file,sink_line,sink_line_manifest,sink_line_source,function,callee_helper_full_name,callee_helper_base_name,expected_label,cwe,variant,language,transform_manifest
A,CWE121_Stack_Based_Buffer_Overflow/s01/CWE121_Stack_Based_Buffer_Overflow__CWE129_fscanf_01.c,20,36,rewritten,CWE121_Stack_Based_Buffer_Overflow__CWE129_fscanf_01_bad,clamp_bad_CWE121_Stack_Based_Buffer_Overflow__CWE129_fscanf_01_bad_36,clamp_bad_CWE121_Stack_Based_Buffer_Overflow__CWE129_fscanf_01_bad_36,non_sanitizer,CWE121,01,c,/Users/saqif/Desktop/UCSB/ucsb_classes/w26/cs293G/joern/benchmarks/juliet/manifests/stage_a_clamp_transform_manifest.json
A,CWE121_Stack_Based_Buffer_Overflow/s01/CWE121_Stack_Based_Buffer_Overflow__CWE129_fscanf_01.c,119,98,rewritten,goodB2G,clamp_good_goodB2G_98,clamp_good_goodB2G_98,sanitizer,CWE121,01,c,/Users/saqif/Desktop/UCSB/ucsb_classes/w26/cs293G/joern/benchmarks/juliet/manifests/stage_a_clamp_transform_manifest.json
A,CWE121_Stack_Based_Buffer_Overflow/s01/CWE121_Stack_Based_Buffer_Overflow__CWE129_large_01.c,20,36,rewritten,CWE121_Stack_Based_Buffer_Overflow__CWE129_large_01_bad,clamp_bad_CWE121_Stack_Based_Buffer_Overflow__CWE129_large_01_bad_36,clamp_bad_CWE121_Stack_Based_Buffer_Overflow__CWE129_large_01_bad_36,non_sanitizer,CWE121,01,c,/Users/saqif/Desktop/UCSB/ucsb_classes/w26/cs293G/joern/benchmarks/juliet/manifests/stage_a_clamp_transform_manifest.json
A,CWE121_Stack_Based_Buffer_Overflow/s01/CWE121_Stack_Based_Buffer_Overflow__CWE129_large_01.c,119,98,rewritten,goodB2G,clamp_good_goodB2G_98,clamp_good_goodB2G_98,sanitizer,CWE121,01,c,/Users/saqif/Desktop/UCSB/ucsb_classes/w26/cs293G/joern/benchmarks/juliet/manifests/stage_a_clamp_transform_manifest.json
A,CWE121_Stack_Based_Buffer_Overflow/s01/CWE121_Stack_Based_Buffer_Overflow__CWE129_rand_01.c,20,36,rewritten,CWE121_Stack_Based_Buffer_Overflow__CWE129_rand_01_bad,clamp_bad_CWE121_Stack_Based_Buffer_Overflow__CWE129_rand_01_bad_36,clamp_bad_CWE121_Stack_Based_Buffer_Overflow__CWE129_rand_01_bad_36,non_sanitizer,CWE121,01,c,/Users/saqif/Desktop/UCSB/ucsb_classes/w26/cs293G/joern/benchmarks/juliet/manifests/stage_a_clamp_transform_manifest.json
A,CWE121_Stack_Based_Buffer_Overflow/s01/CWE121_Stack_Based_Buffer_Overflow__CWE129_rand_01.c,119,98,rewritten,goodB2G,clamp_good_goodB2G_98,clamp_good_goodB2G_98,sanitizer,CWE121,01,c,/Users/saqif/Desktop/UCSB/ucsb_classes/w26/cs293G/joern/benchmarks/juliet/manifests/stage_a_clamp_transform_manifest.json
A,CWE122_Heap_Based_Buffer_Overflow/s09/CWE122_Heap_Based_Buffer_Overflow__c_CWE806_char_loop_01.c,48,38,rewritten,CWE122_Heap_Based_Buffer_Overflow__c_CWE806_char_loop_01_bad,clamp_bad_CWE122_Heap_Based_Buffer_Overflow__c_CWE806_char_loop_01_bad_38,clamp_bad_CWE122_Heap_Based_Buffer_Overflow__c_CWE806_char_loop_01_bad_38,non_sanitizer,CWE122,01,c,/Users/saqif/Desktop/UCSB/ucsb_classes/w26/cs293G/joern/benchmarks/juliet/manifests/stage_a_clamp_transform_manifest.json
A,CWE122_Heap_Based_Buffer_Overflow/s09/CWE122_Heap_Based_Buffer_Overflow__c_CWE806_wchar_t_loop_01.c,48,38,rewritten,CWE122_Heap_Based_Buffer_Overflow__c_CWE806_wchar_t_loop_01_bad,clamp_bad_CWE122_Heap_Based_Buffer_Overflow__c_CWE806_wchar_t_loop_01_bad_38,clamp_bad_CWE122_Heap_Based_Buffer_Overflow__c_CWE806_wchar_t_loop_01_bad_38,non_sanitizer,CWE122,01,c,/Users/saqif/Desktop/UCSB/ucsb_classes/w26/cs293G/joern/benchmarks/juliet/manifests/stage_a_clamp_transform_manifest.json
B,CWE121_Stack_Based_Buffer_Overflow/s01/CWE121_Stack_Based_Buffer_Overflow__CWE129_connect_socket_21.c,33,58,rewritten,badSink,clamp_bad_badSink_58,clamp_bad_badSink_58,non_sanitizer,CWE121,21,c,/Users/saqif/Desktop/UCSB/ucsb_classes/w26/cs293G/joern/benchmarks/juliet/manifests/stage_b_clamp_transform_manifest.json
B,CWE121_Stack_Based_Buffer_Overflow/s01/CWE121_Stack_Based_Buffer_Overflow__CWE129_connect_socket_21.c,194,163,rewritten,goodB2G1Sink,clamp_good_goodB2G1Sink_163,clamp_good_goodB2G1Sink_163,sanitizer,CWE121,21,c,/Users/saqif/Desktop/UCSB/ucsb_classes/w26/cs293G/joern/benchmarks/juliet/manifests/stage_b_clamp_transform_manifest.json
B,CWE121_Stack_Based_Buffer_Overflow/s01/CWE121_Stack_Based_Buffer_Overflow__CWE129_connect_socket_21.c,285,254,rewritten,goodB2G2Sink,clamp_good_goodB2G2Sink_254,clamp_good_goodB2G2Sink_254,sanitizer,CWE121,21,c,/Users/saqif/Desktop/UCSB/ucsb_classes/w26/cs293G/joern/benchmarks/juliet/manifests/stage_b_clamp_transform_manifest.json
B,CWE121_Stack_Based_Buffer_Overflow/s01/CWE121_Stack_Based_Buffer_Overflow__CWE129_connect_socket_22b.c,98,76,rewritten,CWE121_Stack_Based_Buffer_Overflow__CWE129_connect_socket_22_goodB2G1Sink,clamp_good_CWE121_Stack_Based_Buffer_Overflow__CWE129_connect_socket_22_goodB2G1Sink_76,clamp_good_CWE121_Stack_Based_Buffer_Overflow__CWE129_connect_socket_22_goodB2G1Sink_76,sanitizer,CWE121,22,c,/Users/saqif/Desktop/UCSB/ucsb_classes/w26/cs293G/joern/benchmarks/juliet/manifests/stage_b_clamp_transform_manifest.json
B,CWE121_Stack_Based_Buffer_Overflow/s01/CWE121_Stack_Based_Buffer_Overflow__CWE129_connect_socket_22b.c,124,102,rewritten,CWE121_Stack_Based_Buffer_Overflow__CWE129_connect_socket_22_goodB2G2Sink,clamp_good_CWE121_Stack_Based_Buffer_Overflow__CWE129_connect_socket_22_goodB2G2Sink_102,clamp_good_CWE121_Stack_Based_Buffer_Overflow__CWE129_connect_socket_22_goodB2G2Sink_102,sanitizer,CWE121,22,c,/Users/saqif/Desktop/UCSB/ucsb_classes/w26/cs293G/joern/benchmarks/juliet/manifests/stage_b_clamp_transform_manifest.json
B,CWE121_Stack_Based_Buffer_Overflow/s01/CWE121_Stack_Based_Buffer_Overflow__CWE129_connect_socket_41.c,33,53,rewritten,badSink,clamp_bad_badSink_53,clamp_bad_badSink_53,non_sanitizer,CWE121,41,c,/Users/saqif/Desktop/UCSB/ucsb_classes/w26/cs293G/joern/benchmarks/juliet/manifests/stage_b_clamp_transform_manifest.json
B,CWE121_Stack_Based_Buffer_Overflow/s01/CWE121_Stack_Based_Buffer_Overflow__CWE129_connect_socket_41.c,200,179,rewritten,goodB2GSink,clamp_good_goodB2GSink_179,clamp_good_goodB2GSink_179,sanitizer,CWE121,41,c,/Users/saqif/Desktop/UCSB/ucsb_classes/w26/cs293G/joern/benchmarks/juliet/manifests/stage_b_clamp_transform_manifest.json
B,CWE121_Stack_Based_Buffer_Overflow/s01/CWE121_Stack_Based_Buffer_Overflow__CWE129_connect_socket_42.c,139,118,rewritten,CWE121_Stack_Based_Buffer_Overflow__CWE129_connect_socket_42_bad,clamp_bad_CWE121_Stack_Based_Buffer_Overflow__CWE129_connect_socket_42_bad_118,clamp_bad_CWE121_Stack_Based_Buffer_Overflow__CWE129_connect_socket_42_bad_118,non_sanitizer,CWE121,42,c,/Users/saqif/Desktop/UCSB/ucsb_classes/w26/cs293G/joern/benchmarks/juliet/manifests/stage_b_clamp_transform_manifest.json
B,CWE121_Stack_Based_Buffer_Overflow/s01/CWE121_Stack_Based_Buffer_Overflow__CWE129_connect_socket_42.c,267,246,rewritten,goodB2G,clamp_good_goodB2G_246,clamp_good_goodB2G_246,sanitizer,CWE121,42,c,/Users/saqif/Desktop/UCSB/ucsb_classes/w26/cs293G/joern/benchmarks/juliet/manifests/stage_b_clamp_transform_manifest.json
B,CWE121_Stack_Based_Buffer_Overflow/s01/CWE121_Stack_Based_Buffer_Overflow__CWE129_connect_socket_43.cpp,141,120,rewritten,bad,clamp_bad_bad_120,clamp_bad_bad_120,non_sanitizer,CWE121,43,cpp,/Users/saqif/Desktop/UCSB/ucsb_classes/w26/cs293G/joern/benchmarks/juliet/manifests/stage_b_clamp_transform_manifest.json
B,CWE121_Stack_Based_Buffer_Overflow/s01/CWE121_Stack_Based_Buffer_Overflow__CWE129_connect_socket_43.cpp,267,246,rewritten,goodB2G,clamp_good_goodB2G_246,clamp_good_goodB2G_246,sanitizer,CWE121,43,cpp,/Users/saqif/Desktop/UCSB/ucsb_classes/w26/cs293G/joern/benchmarks/juliet/manifests/stage_b_clamp_transform_manifest.json
B,CWE121_Stack_Based_Buffer_Overflow/s01/CWE121_Stack_Based_Buffer_Overflow__CWE129_connect_socket_44.c,33,53,rewritten,badSink,clamp_bad_badSink_53,clamp_bad_badSink_53,non_sanitizer,CWE121,44,c,/Users/saqif/Desktop/UCSB/ucsb_classes/w26/cs293G/joern/benchmarks/juliet/manifests/stage_b_clamp_transform_manifest.json
B,CWE121_Stack_Based_Buffer_Overflow/s01/CWE121_Stack_Based_Buffer_Overflow__CWE129_connect_socket_44.c,204,183,rewritten,goodB2GSink,clamp_good_goodB2GSink_183,clamp_good_goodB2GSink_183,sanitizer,CWE121,44,c,/Users/saqif/Desktop/UCSB/ucsb_classes/w26/cs293G/joern/benchmarks/juliet/manifests/stage_b_clamp_transform_manifest.json
B,CWE121_Stack_Based_Buffer_Overflow/s01/CWE121_Stack_Based_Buffer_Overflow__CWE129_connect_socket_45.c,79,58,rewritten,badSink,clamp_bad_badSink_58,clamp_bad_badSink_58,non_sanitizer,CWE121,45,c,/Users/saqif/Desktop/UCSB/ucsb_classes/w26/cs293G/joern/benchmarks/juliet/manifests/stage_b_clamp_transform_manifest.json
B,CWE121_Stack_Based_Buffer_Overflow/s01/CWE121_Stack_Based_Buffer_Overflow__CWE129_connect_socket_45.c,209,188,rewritten,goodB2GSink,clamp_good_goodB2GSink_188,clamp_good_goodB2GSink_188,sanitizer,CWE121,45,c,/Users/saqif/Desktop/UCSB/ucsb_classes/w26/cs293G/joern/benchmarks/juliet/manifests/stage_b_clamp_transform_manifest.json
B,CWE121_Stack_Based_Buffer_Overflow/s01/CWE121_Stack_Based_Buffer_Overflow__CWE129_fgets_21.c,20,38,rewritten,badSink,clamp_bad_badSink_38,clamp_bad_badSink_38,non_sanitizer,CWE121,21,c,/Users/saqif/Desktop/UCSB/ucsb_classes/w26/cs293G/joern/benchmarks/juliet/manifests/stage_b_clamp_transform_manifest.json
B,CWE121_Stack_Based_Buffer_Overflow/s01/CWE121_Stack_Based_Buffer_Overflow__CWE129_fgets_21.c,131,100,rewritten,goodB2G1Sink,clamp_good_goodB2G1Sink_100,clamp_good_goodB2G1Sink_100,sanitizer,CWE121,21,c,/Users/saqif/Desktop/UCSB/ucsb_classes/w26/cs293G/joern/benchmarks/juliet/manifests/stage_b_clamp_transform_manifest.json
B,CWE121_Stack_Based_Buffer_Overflow/s01/CWE121_Stack_Based_Buffer_Overflow__CWE129_fgets_21.c,179,148,rewritten,goodB2G2Sink,clamp_good_goodB2G2Sink_148,clamp_good_goodB2G2Sink_148,sanitizer,CWE121,21,c,/Users/saqif/Desktop/UCSB/ucsb_classes/w26/cs293G/joern/benchmarks/juliet/manifests/stage_b_clamp_transform_manifest.json
B,CWE121_Stack_Based_Buffer_Overflow/s01/CWE121_Stack_Based_Buffer_Overflow__CWE129_fgets_22b.c,98,76,rewritten,CWE121_Stack_Based_Buffer_Overflow__CWE129_fgets_22_goodB2G1Sink,clamp_good_CWE121_Stack_Based_Buffer_Overflow__CWE129_fgets_22_goodB2G1Sink_76,clamp_good_CWE121_Stack_Based_Buffer_Overflow__CWE129_fgets_22_goodB2G1Sink_76,sanitizer,CWE121,22,c,/Users/saqif/Desktop/UCSB/ucsb_classes/w26/cs293G/joern/benchmarks/juliet/manifests/stage_b_clamp_transform_manifest.json
B,CWE121_Stack_Based_Buffer_Overflow/s01/CWE121_Stack_Based_Buffer_Overflow__CWE129_fgets_22b.c,124,102,rewritten,CWE121_Stack_Based_Buffer_Overflow__CWE129_fgets_22_goodB2G2Sink,clamp_good_CWE121_Stack_Based_Buffer_Overflow__CWE129_fgets_22_goodB2G2Sink_102,clamp_good_CWE121_Stack_Based_Buffer_Overflow__CWE129_fgets_22_goodB2G2Sink_102,sanitizer,CWE121,22,c,/Users/saqif/Desktop/UCSB/ucsb_classes/w26/cs293G/joern/benchmarks/juliet/manifests/stage_b_clamp_transform_manifest.json
B,CWE121_Stack_Based_Buffer_Overflow/s01/CWE121_Stack_Based_Buffer_Overflow__CWE129_fgets_41.c,20,33,rewritten,badSink,clamp_bad_badSink_33,clamp_bad_badSink_33,non_sanitizer,CWE121,41,c,/Users/saqif/Desktop/UCSB/ucsb_classes/w26/cs293G/joern/benchmarks/juliet/manifests/stage_b_clamp_transform_manifest.json
B,CWE121_Stack_Based_Buffer_Overflow/s01/CWE121_Stack_Based_Buffer_Overflow__CWE129_fgets_41.c,137,116,rewritten,goodB2GSink,clamp_good_goodB2GSink_116,clamp_good_goodB2GSink_116,sanitizer,CWE121,41,c,/Users/saqif/Desktop/UCSB/ucsb_classes/w26/cs293G/joern/benchmarks/juliet/manifests/stage_b_clamp_transform_manifest.json
B,CWE121_Stack_Based_Buffer_Overflow/s01/CWE121_Stack_Based_Buffer_Overflow__CWE129_fgets_42.c,76,55,rewritten,CWE121_Stack_Based_Buffer_Overflow__CWE129_fgets_42_bad,clamp_bad_CWE121_Stack_Based_Buffer_Overflow__CWE129_fgets_42_bad_55,clamp_bad_CWE121_Stack_Based_Buffer_Overflow__CWE129_fgets_42_bad_55,non_sanitizer,CWE121,42,c,/Users/saqif/Desktop/UCSB/ucsb_classes/w26/cs293G/joern/benchmarks/juliet/manifests/stage_b_clamp_transform_manifest.json
B,CWE121_Stack_Based_Buffer_Overflow/s01/CWE121_Stack_Based_Buffer_Overflow__CWE129_fgets_42.c,161,140,rewritten,goodB2G,clamp_good_goodB2G_140,clamp_good_goodB2G_140,sanitizer,CWE121,42,c,/Users/saqif/Desktop/UCSB/ucsb_classes/w26/cs293G/joern/benchmarks/juliet/manifests/stage_b_clamp_transform_manifest.json
B,CWE121_Stack_Based_Buffer_Overflow/s01/CWE121_Stack_Based_Buffer_Overflow__CWE129_fgets_43.cpp,78,57,rewritten,bad,clamp_bad_bad_57,clamp_bad_bad_57,non_sanitizer,CWE121,43,cpp,/Users/saqif/Desktop/UCSB/ucsb_classes/w26/cs293G/joern/benchmarks/juliet/manifests/stage_b_clamp_transform_manifest.json
B,CWE121_Stack_Based_Buffer_Overflow/s01/CWE121_Stack_Based_Buffer_Overflow__CWE129_fgets_43.cpp,161,140,rewritten,goodB2G,clamp_good_goodB2G_140,clamp_good_goodB2G_140,sanitizer,CWE121,43,cpp,/Users/saqif/Desktop/UCSB/ucsb_classes/w26/cs293G/joern/benchmarks/juliet/manifests/stage_b_clamp_transform_manifest.json
B,CWE121_Stack_Based_Buffer_Overflow/s01/CWE121_Stack_Based_Buffer_Overflow__CWE129_fgets_44.c,20,33,rewritten,badSink,clamp_bad_badSink_33,clamp_bad_badSink_33,non_sanitizer,CWE121,44,c,/Users/saqif/Desktop/UCSB/ucsb_classes/w26/cs293G/joern/benchmarks/juliet/manifests/stage_b_clamp_transform_manifest.json
B,CWE121_Stack_Based_Buffer_Overflow/s01/CWE121_Stack_Based_Buffer_Overflow__CWE129_fgets_44.c,141,120,rewritten,goodB2GSink,clamp_good_goodB2GSink_120,clamp_good_goodB2GSink_120,sanitizer,CWE121,44,c,/Users/saqif/Desktop/UCSB/ucsb_classes/w26/cs293G/joern/benchmarks/juliet/manifests/stage_b_clamp_transform_manifest.json
B,CWE121_Stack_Based_Buffer_Overflow/s01/CWE121_Stack_Based_Buffer_Overflow__CWE129_fgets_45.c,20,38,rewritten,badSink,clamp_bad_badSink_38,clamp_bad_badSink_38,non_sanitizer,CWE121,45,c,/Users/saqif/Desktop/UCSB/ucsb_classes/w26/cs293G/joern/benchmarks/juliet/manifests/stage_b_clamp_transform_manifest.json
B,CWE121_Stack_Based_Buffer_Overflow/s01/CWE121_Stack_Based_Buffer_Overflow__CWE129_fgets_45.c,146,125,rewritten,goodB2GSink,clamp_good_goodB2GSink_125,clamp_good_goodB2GSink_125,sanitizer,CWE121,45,c,/Users/saqif/Desktop/UCSB/ucsb_classes/w26/cs293G/joern/benchmarks/juliet/manifests/stage_b_clamp_transform_manifest.json
B,CWE121_Stack_Based_Buffer_Overflow/s01/CWE121_Stack_Based_Buffer_Overflow__CWE129_fscanf_02.c,20,41,rewritten,CWE121_Stack_Based_Buffer_Overflow__CWE129_fscanf_02_bad,clamp_bad_CWE121_Stack_Based_Buffer_Overflow__CWE129_fscanf_02_bad_41,clamp_bad_CWE121_Stack_Based_Buffer_Overflow__CWE129_fscanf_02_bad_41,non_sanitizer,CWE121,02,c,/Users/saqif/Desktop/UCSB/ucsb_classes/w26/cs293G/joern/benchmarks/juliet/manifests/stage_b_clamp_transform_manifest.json
B,CWE121_Stack_Based_Buffer_Overflow/s01/CWE121_Stack_Based_Buffer_Overflow__CWE129_fscanf_02.c,115,84,rewritten,goodB2G1,clamp_good_goodB2G1_84,clamp_good_goodB2G1_84,sanitizer,CWE121,02,c,/Users/saqif/Desktop/UCSB/ucsb_classes/w26/cs293G/joern/benchmarks/juliet/manifests/stage_b_clamp_transform_manifest.json
B,CWE121_Stack_Based_Buffer_Overflow/s01/CWE121_Stack_Based_Buffer_Overflow__CWE129_fscanf_02.c,149,118,rewritten,goodB2G2,clamp_good_goodB2G2_118,clamp_good_goodB2G2_118,sanitizer,CWE121,02,c,/Users/saqif/Desktop/UCSB/ucsb_classes/w26/cs293G/joern/benchmarks/juliet/manifests/stage_b_clamp_transform_manifest.json
B,CWE121_Stack_Based_Buffer_Overflow/s01/CWE121_Stack_Based_Buffer_Overflow__CWE129_fscanf_03.c,20,41,rewritten,CWE121_Stack_Based_Buffer_Overflow__CWE129_fscanf_03_bad,clamp_bad_CWE121_Stack_Based_Buffer_Overflow__CWE129_fscanf_03_bad_41,clamp_bad_CWE121_Stack_Based_Buffer_Overflow__CWE129_fscanf_03_bad_41,non_sanitizer,CWE121,03,c,/Users/saqif/Desktop/UCSB/ucsb_classes/w26/cs293G/joern/benchmarks/juliet/manifests/stage_b_clamp_transform_manifest.json
B,CWE121_Stack_Based_Buffer_Overflow/s01/CWE121_Stack_Based_Buffer_Overflow__CWE129_fscanf_03.c,115,84,rewritten,goodB2G1,clamp_good_goodB2G1_84,clamp_good_goodB2G1_84,sanitizer,CWE121,03,c,/Users/saqif/Desktop/UCSB/ucsb_classes/w26/cs293G/joern/benchmarks/juliet/manifests/stage_b_clamp_transform_manifest.json
B,CWE121_Stack_Based_Buffer_Overflow/s01/CWE121_Stack_Based_Buffer_Overflow__CWE129_fscanf_03.c,149,118,rewritten,goodB2G2,clamp_good_goodB2G2_118,clamp_good_goodB2G2_118,sanitizer,CWE121,03,c,/Users/saqif/Desktop/UCSB/ucsb_classes/w26/cs293G/joern/benchmarks/juliet/manifests/stage_b_clamp_transform_manifest.json
B,CWE121_Stack_Based_Buffer_Overflow/s01/CWE121_Stack_Based_Buffer_Overflow__CWE129_fscanf_04.c,20,47,rewritten,CWE121_Stack_Based_Buffer_Overflow__CWE129_fscanf_04_bad,clamp_bad_CWE121_Stack_Based_Buffer_Overflow__CWE129_fscanf_04_bad_47,clamp_bad_CWE121_Stack_Based_Buffer_Overflow__CWE129_fscanf_04_bad_47,non_sanitizer,CWE121,04,c,/Users/saqif/Desktop/UCSB/ucsb_classes/w26/cs293G/joern/benchmarks/juliet/manifests/stage_b_clamp_transform_manifest.json
B,CWE121_Stack_Based_Buffer_Overflow/s01/CWE121_Stack_Based_Buffer_Overflow__CWE129_fscanf_04.c,121,90,rewritten,goodB2G1,clamp_good_goodB2G1_90,clamp_good_goodB2G1_90,sanitizer,CWE121,04,c,/Users/saqif/Desktop/UCSB/ucsb_classes/w26/cs293G/joern/benchmarks/juliet/manifests/stage_b_clamp_transform_manifest.json
B,CWE121_Stack_Based_Buffer_Overflow/s01/CWE121_Stack_Based_Buffer_Overflow__CWE129_fscanf_04.c,155,124,rewritten,goodB2G2,clamp_good_goodB2G2_124,clamp_good_goodB2G2_124,sanitizer,CWE121,04,c,/Users/saqif/Desktop/UCSB/ucsb_classes/w26/cs293G/joern/benchmarks/juliet/manifests/stage_b_clamp_transform_manifest.json
B,CWE121_Stack_Based_Buffer_Overflow/s01/CWE121_Stack_Based_Buffer_Overflow__CWE129_fscanf_05.c,20,47,rewritten,CWE121_Stack_Based_Buffer_Overflow__CWE129_fscanf_05_bad,clamp_bad_CWE121_Stack_Based_Buffer_Overflow__CWE129_fscanf_05_bad_47,clamp_bad_CWE121_Stack_Based_Buffer_Overflow__CWE129_fscanf_05_bad_47,non_sanitizer,CWE121,05,c,/Users/saqif/Desktop/UCSB/ucsb_classes/w26/cs293G/joern/benchmarks/juliet/manifests/stage_b_clamp_transform_manifest.json
B,CWE121_Stack_Based_Buffer_Overflow/s01/CWE121_Stack_Based_Buffer_Overflow__CWE129_fscanf_05.c,121,90,rewritten,goodB2G1,clamp_good_goodB2G1_90,clamp_good_goodB2G1_90,sanitizer,CWE121,05,c,/Users/saqif/Desktop/UCSB/ucsb_classes/w26/cs293G/joern/benchmarks/juliet/manifests/stage_b_clamp_transform_manifest.json
B,CWE121_Stack_Based_Buffer_Overflow/s01/CWE121_Stack_Based_Buffer_Overflow__CWE129_fscanf_05.c,155,124,rewritten,goodB2G2,clamp_good_goodB2G2_124,clamp_good_goodB2G2_124,sanitizer,CWE121,05,c,/Users/saqif/Desktop/UCSB/ucsb_classes/w26/cs293G/joern/benchmarks/juliet/manifests/stage_b_clamp_transform_manifest.json
B,CWE121_Stack_Based_Buffer_Overflow/s01/CWE121_Stack_Based_Buffer_Overflow__CWE129_fscanf_06.c,20,46,rewritten,CWE121_Stack_Based_Buffer_Overflow__CWE129_fscanf_06_bad,clamp_bad_CWE121_Stack_Based_Buffer_Overflow__CWE129_fscanf_06_bad_46,clamp_bad_CWE121_Stack_Based_Buffer_Overflow__CWE129_fscanf_06_bad_46,non_sanitizer,CWE121,06,c,/Users/saqif/Desktop/UCSB/ucsb_classes/w26/cs293G/joern/benchmarks/juliet/manifests/stage_b_clamp_transform_manifest.json
B,CWE121_Stack_Based_Buffer_Overflow/s01/CWE121_Stack_Based_Buffer_Overflow__CWE129_fscanf_06.c,120,89,rewritten,goodB2G1,clamp_good_goodB2G1_89,clamp_good_goodB2G1_89,sanitizer,CWE121,06,c,/Users/saqif/Desktop/UCSB/ucsb_classes/w26/cs293G/joern/benchmarks/juliet/manifests/stage_b_clamp_transform_manifest.json
B,CWE121_Stack_Based_Buffer_Overflow/s01/CWE121_Stack_Based_Buffer_Overflow__CWE129_fscanf_06.c,154,123,rewritten,goodB2G2,clamp_good_goodB2G2_123,clamp_good_goodB2G2_123,sanitizer,CWE121,06,c,/Users/saqif/Desktop/UCSB/ucsb_classes/w26/cs293G/joern/benchmarks/juliet/manifests/stage_b_clamp_transform_manifest.json
B,CWE121_Stack_Based_Buffer_Overflow/s01/CWE121_Stack_Based_Buffer_Overflow__CWE129_fscanf_07.c,20,46,rewritten,CWE121_Stack_Based_Buffer_Overflow__CWE129_fscanf_07_bad,clamp_bad_CWE121_Stack_Based_Buffer_Overflow__CWE129_fscanf_07_bad_46,clamp_bad_CWE121_Stack_Based_Buffer_Overflow__CWE129_fscanf_07_bad_46,non_sanitizer,CWE121,07,c,/Users/saqif/Desktop/UCSB/ucsb_classes/w26/cs293G/joern/benchmarks/juliet/manifests/stage_b_clamp_transform_manifest.json
B,CWE121_Stack_Based_Buffer_Overflow/s01/CWE121_Stack_Based_Buffer_Overflow__CWE129_fscanf_07.c,120,89,rewritten,goodB2G1,clamp_good_goodB2G1_89,clamp_good_goodB2G1_89,sanitizer,CWE121,07,c,/Users/saqif/Desktop/UCSB/ucsb_classes/w26/cs293G/joern/benchmarks/juliet/manifests/stage_b_clamp_transform_manifest.json
B,CWE121_Stack_Based_Buffer_Overflow/s01/CWE121_Stack_Based_Buffer_Overflow__CWE129_fscanf_07.c,154,123,rewritten,goodB2G2,clamp_good_goodB2G2_123,clamp_good_goodB2G2_123,sanitizer,CWE121,07,c,/Users/saqif/Desktop/UCSB/ucsb_classes/w26/cs293G/joern/benchmarks/juliet/manifests/stage_b_clamp_transform_manifest.json
B,CWE121_Stack_Based_Buffer_Overflow/s01/CWE121_Stack_Based_Buffer_Overflow__CWE129_fscanf_08.c,85,54,rewritten,CWE121_Stack_Based_Buffer_Overflow__CWE129_fscanf_08_bad,clamp_bad_CWE121_Stack_Based_Buffer_Overflow__CWE129_fscanf_08_bad_54,clamp_bad_CWE121_Stack_Based_Buffer_Overflow__CWE129_fscanf_08_bad_54,non_sanitizer,CWE121,08,c,/Users/saqif/Desktop/UCSB/ucsb_classes/w26/cs293G/joern/benchmarks/juliet/manifests/stage_b_clamp_transform_manifest.json
B,CWE121_Stack_Based_Buffer_Overflow/s01/CWE121_Stack_Based_Buffer_Overflow__CWE129_fscanf_08.c,128,97,rewritten,goodB2G1,clamp_good_goodB2G1_97,clamp_good_goodB2G1_97,sanitizer,CWE121,08,c,/Users/saqif/Desktop/UCSB/ucsb_classes/w26/cs293G/joern/benchmarks/juliet/manifests/stage_b_clamp_transform_manifest.json
B,CWE121_Stack_Based_Buffer_Overflow/s01/CWE121_Stack_Based_Buffer_Overflow__CWE129_fscanf_08.c,162,131,rewritten,goodB2G2,clamp_good_goodB2G2_131,clamp_good_goodB2G2_131,sanitizer,CWE121,08,c,/Users/saqif/Desktop/UCSB/ucsb_classes/w26/cs293G/joern/benchmarks/juliet/manifests/stage_b_clamp_transform_manifest.json
B,CWE121_Stack_Based_Buffer_Overflow/s01/CWE121_Stack_Based_Buffer_Overflow__CWE129_fscanf_09.c,20,41,rewritten,CWE121_Stack_Based_Buffer_Overflow__CWE129_fscanf_09_bad,clamp_bad_CWE121_Stack_Based_Buffer_Overflow__CWE129_fscanf_09_bad_41,clamp_bad_CWE121_Stack_Based_Buffer_Overflow__CWE129_fscanf_09_bad_41,non_sanitizer,CWE121,09,c,/Users/saqif/Desktop/UCSB/ucsb_classes/w26/cs293G/joern/benchmarks/juliet/manifests/stage_b_clamp_transform_manifest.json
B,CWE121_Stack_Based_Buffer_Overflow/s01/CWE121_Stack_Based_Buffer_Overflow__CWE129_fscanf_09.c,115,84,rewritten,goodB2G1,clamp_good_goodB2G1_84,clamp_good_goodB2G1_84,sanitizer,CWE121,09,c,/Users/saqif/Desktop/UCSB/ucsb_classes/w26/cs293G/joern/benchmarks/juliet/manifests/stage_b_clamp_transform_manifest.json
B,CWE121_Stack_Based_Buffer_Overflow/s01/CWE121_Stack_Based_Buffer_Overflow__CWE129_fscanf_09.c,149,118,rewritten,goodB2G2,clamp_good_goodB2G2_118,clamp_good_goodB2G2_118,sanitizer,CWE121,09,c,/Users/saqif/Desktop/UCSB/ucsb_classes/w26/cs293G/joern/benchmarks/juliet/manifests/stage_b_clamp_transform_manifest.json
B,CWE121_Stack_Based_Buffer_Overflow/s01/CWE121_Stack_Based_Buffer_Overflow__CWE129_fscanf_10.c,20,41,rewritten,CWE121_Stack_Based_Buffer_Overflow__CWE129_fscanf_10_bad,clamp_bad_CWE121_Stack_Based_Buffer_Overflow__CWE129_fscanf_10_bad_41,clamp_bad_CWE121_Stack_Based_Buffer_Overflow__CWE129_fscanf_10_bad_41,non_sanitizer,CWE121,10,c,/Users/saqif/Desktop/UCSB/ucsb_classes/w26/cs293G/joern/benchmarks/juliet/manifests/stage_b_clamp_transform_manifest.json
B,CWE121_Stack_Based_Buffer_Overflow/s01/CWE121_Stack_Based_Buffer_Overflow__CWE129_fscanf_10.c,115,84,rewritten,goodB2G1,clamp_good_goodB2G1_84,clamp_good_goodB2G1_84,sanitizer,CWE121,10,c,/Users/saqif/Desktop/UCSB/ucsb_classes/w26/cs293G/joern/benchmarks/juliet/manifests/stage_b_clamp_transform_manifest.json
B,CWE121_Stack_Based_Buffer_Overflow/s01/CWE121_Stack_Based_Buffer_Overflow__CWE129_fscanf_10.c,149,118,rewritten,goodB2G2,clamp_good_goodB2G2_118,clamp_good_goodB2G2_118,sanitizer,CWE121,10,c,/Users/saqif/Desktop/UCSB/ucsb_classes/w26/cs293G/joern/benchmarks/juliet/manifests/stage_b_clamp_transform_manifest.json
B,CWE121_Stack_Based_Buffer_Overflow/s01/CWE121_Stack_Based_Buffer_Overflow__CWE129_fscanf_11.c,20,41,rewritten,CWE121_Stack_Based_Buffer_Overflow__CWE129_fscanf_11_bad,clamp_bad_CWE121_Stack_Based_Buffer_Overflow__CWE129_fscanf_11_bad_41,clamp_bad_CWE121_Stack_Based_Buffer_Overflow__CWE129_fscanf_11_bad_41,non_sanitizer,CWE121,11,c,/Users/saqif/Desktop/UCSB/ucsb_classes/w26/cs293G/joern/benchmarks/juliet/manifests/stage_b_clamp_transform_manifest.json
B,CWE121_Stack_Based_Buffer_Overflow/s01/CWE121_Stack_Based_Buffer_Overflow__CWE129_fscanf_11.c,115,84,rewritten,goodB2G1,clamp_good_goodB2G1_84,clamp_good_goodB2G1_84,sanitizer,CWE121,11,c,/Users/saqif/Desktop/UCSB/ucsb_classes/w26/cs293G/joern/benchmarks/juliet/manifests/stage_b_clamp_transform_manifest.json
B,CWE121_Stack_Based_Buffer_Overflow/s01/CWE121_Stack_Based_Buffer_Overflow__CWE129_fscanf_11.c,149,118,rewritten,goodB2G2,clamp_good_goodB2G2_118,clamp_good_goodB2G2_118,sanitizer,CWE121,11,c,/Users/saqif/Desktop/UCSB/ucsb_classes/w26/cs293G/joern/benchmarks/juliet/manifests/stage_b_clamp_transform_manifest.json
B,CWE121_Stack_Based_Buffer_Overflow/s01/CWE121_Stack_Based_Buffer_Overflow__CWE129_fscanf_12.c,68,47,rewritten,CWE121_Stack_Based_Buffer_Overflow__CWE129_fscanf_12_bad,clamp_bad_CWE121_Stack_Based_Buffer_Overflow__CWE129_fscanf_12_bad_47,clamp_bad_CWE121_Stack_Based_Buffer_Overflow__CWE129_fscanf_12_bad_47,non_sanitizer,CWE121,12,c,/Users/saqif/Desktop/UCSB/ucsb_classes/w26/cs293G/joern/benchmarks/juliet/manifests/stage_b_clamp_transform_manifest.json
B,CWE121_Stack_Based_Buffer_Overflow/s01/CWE121_Stack_Based_Buffer_Overflow__CWE129_fscanf_12.c,134,113,rewritten,goodB2G,clamp_good_goodB2G_113,clamp_good_goodB2G_113,sanitizer,CWE121,12,c,/Users/saqif/Desktop/UCSB/ucsb_classes/w26/cs293G/joern/benchmarks/juliet/manifests/stage_b_clamp_transform_manifest.json
B,CWE121_Stack_Based_Buffer_Overflow/s01/CWE121_Stack_Based_Buffer_Overflow__CWE129_fscanf_13.c,20,41,rewritten,CWE121_Stack_Based_Buffer_Overflow__CWE129_fscanf_13_bad,clamp_bad_CWE121_Stack_Based_Buffer_Overflow__CWE129_fscanf_13_bad_41,clamp_bad_CWE121_Stack_Based_Buffer_Overflow__CWE129_fscanf_13_bad_41,non_sanitizer,CWE121,13,c,/Users/saqif/Desktop/UCSB/ucsb_classes/w26/cs293G/joern/benchmarks/juliet/manifests/stage_b_clamp_transform_manifest.json
B,CWE121_Stack_Based_Buffer_Overflow/s01/CWE121_Stack_Based_Buffer_Overflow__CWE129_fscanf_13.c,115,84,rewritten,goodB2G1,clamp_good_goodB2G1_84,clamp_good_goodB2G1_84,sanitizer,CWE121,13,c,/Users/saqif/Desktop/UCSB/ucsb_classes/w26/cs293G/joern/benchmarks/juliet/manifests/stage_b_clamp_transform_manifest.json
B,CWE121_Stack_Based_Buffer_Overflow/s01/CWE121_Stack_Based_Buffer_Overflow__CWE129_fscanf_13.c,149,118,rewritten,goodB2G2,clamp_good_goodB2G2_118,clamp_good_goodB2G2_118,sanitizer,CWE121,13,c,/Users/saqif/Desktop/UCSB/ucsb_classes/w26/cs293G/joern/benchmarks/juliet/manifests/stage_b_clamp_transform_manifest.json
B,CWE121_Stack_Based_Buffer_Overflow/s01/CWE121_Stack_Based_Buffer_Overflow__CWE129_fscanf_14.c,20,41,rewritten,CWE121_Stack_Based_Buffer_Overflow__CWE129_fscanf_14_bad,clamp_bad_CWE121_Stack_Based_Buffer_Overflow__CWE129_fscanf_14_bad_41,clamp_bad_CWE121_Stack_Based_Buffer_Overflow__CWE129_fscanf_14_bad_41,non_sanitizer,CWE121,14,c,/Users/saqif/Desktop/UCSB/ucsb_classes/w26/cs293G/joern/benchmarks/juliet/manifests/stage_b_clamp_transform_manifest.json
B,CWE121_Stack_Based_Buffer_Overflow/s01/CWE121_Stack_Based_Buffer_Overflow__CWE129_fscanf_14.c,115,84,rewritten,goodB2G1,clamp_good_goodB2G1_84,clamp_good_goodB2G1_84,sanitizer,CWE121,14,c,/Users/saqif/Desktop/UCSB/ucsb_classes/w26/cs293G/joern/benchmarks/juliet/manifests/stage_b_clamp_transform_manifest.json
B,CWE121_Stack_Based_Buffer_Overflow/s01/CWE121_Stack_Based_Buffer_Overflow__CWE129_fscanf_14.c,149,118,rewritten,goodB2G2,clamp_good_goodB2G2_118,clamp_good_goodB2G2_118,sanitizer,CWE121,14,c,/Users/saqif/Desktop/UCSB/ucsb_classes/w26/cs293G/joern/benchmarks/juliet/manifests/stage_b_clamp_transform_manifest.json
B,CWE121_Stack_Based_Buffer_Overflow/s01/CWE121_Stack_Based_Buffer_Overflow__CWE129_fscanf_15.c,20,48,rewritten,CWE121_Stack_Based_Buffer_Overflow__CWE129_fscanf_15_bad,clamp_bad_CWE121_Stack_Based_Buffer_Overflow__CWE129_fscanf_15_bad_48,clamp_bad_CWE121_Stack_Based_Buffer_Overflow__CWE129_fscanf_15_bad_48,non_sanitizer,CWE121,15,c,/Users/saqif/Desktop/UCSB/ucsb_classes/w26/cs293G/joern/benchmarks/juliet/manifests/stage_b_clamp_transform_manifest.json
B,CWE121_Stack_Based_Buffer_Overflow/s01/CWE121_Stack_Based_Buffer_Overflow__CWE129_fscanf_15.c,133,102,rewritten,goodB2G1,clamp_good_goodB2G1_102,clamp_good_goodB2G1_102,sanitizer,CWE121,15,c,/Users/saqif/Desktop/UCSB/ucsb_classes/w26/cs293G/joern/benchmarks/juliet/manifests/stage_b_clamp_transform_manifest.json
B,CWE121_Stack_Based_Buffer_Overflow/s01/CWE121_Stack_Based_Buffer_Overflow__CWE129_fscanf_15.c,175,144,rewritten,goodB2G2,clamp_good_goodB2G2_144,clamp_good_goodB2G2_144,sanitizer,CWE121,15,c,/Users/saqif/Desktop/UCSB/ucsb_classes/w26/cs293G/joern/benchmarks/juliet/manifests/stage_b_clamp_transform_manifest.json
B,CWE121_Stack_Based_Buffer_Overflow/s01/CWE121_Stack_Based_Buffer_Overflow__CWE129_fscanf_16.c,63,42,rewritten,CWE121_Stack_Based_Buffer_Overflow__CWE129_fscanf_16_bad,clamp_bad_CWE121_Stack_Based_Buffer_Overflow__CWE129_fscanf_16_bad_42,clamp_bad_CWE121_Stack_Based_Buffer_Overflow__CWE129_fscanf_16_bad_42,non_sanitizer,CWE121,16,c,/Users/saqif/Desktop/UCSB/ucsb_classes/w26/cs293G/joern/benchmarks/juliet/manifests/stage_b_clamp_transform_manifest.json
B,CWE121_Stack_Based_Buffer_Overflow/s01/CWE121_Stack_Based_Buffer_Overflow__CWE129_fscanf_16.c,103,82,rewritten,goodB2G,clamp_good_goodB2G_82,clamp_good_goodB2G_82,sanitizer,CWE121,16,c,/Users/saqif/Desktop/UCSB/ucsb_classes/w26/cs293G/joern/benchmarks/juliet/manifests/stage_b_clamp_transform_manifest.json
B,CWE121_Stack_Based_Buffer_Overflow/s01/CWE121_Stack_Based_Buffer_Overflow__CWE129_fscanf_17.c,63,42,rewritten,CWE121_Stack_Based_Buffer_Overflow__CWE129_fscanf_17_bad,clamp_bad_CWE121_Stack_Based_Buffer_Overflow__CWE129_fscanf_17_bad_42,clamp_bad_CWE121_Stack_Based_Buffer_Overflow__CWE129_fscanf_17_bad_42,non_sanitizer,CWE121,17,c,/Users/saqif/Desktop/UCSB/ucsb_classes/w26/cs293G/joern/benchmarks/juliet/manifests/stage_b_clamp_transform_manifest.json
B,CWE121_Stack_Based_Buffer_Overflow/s01/CWE121_Stack_Based_Buffer_Overflow__CWE129_fscanf_17.c,102,81,rewritten,goodB2G,clamp_good_goodB2G_81,clamp_good_goodB2G_81,sanitizer,CWE121,17,c,/Users/saqif/Desktop/UCSB/ucsb_classes/w26/cs293G/joern/benchmarks/juliet/manifests/stage_b_clamp_transform_manifest.json
B,CWE121_Stack_Based_Buffer_Overflow/s01/CWE121_Stack_Based_Buffer_Overflow__CWE129_fscanf_18.c,20,40,rewritten,CWE121_Stack_Based_Buffer_Overflow__CWE129_fscanf_18_bad,clamp_bad_CWE121_Stack_Based_Buffer_Overflow__CWE129_fscanf_18_bad_40,clamp_bad_CWE121_Stack_Based_Buffer_Overflow__CWE129_fscanf_18_bad_40,non_sanitizer,CWE121,18,c,/Users/saqif/Desktop/UCSB/ucsb_classes/w26/cs293G/joern/benchmarks/juliet/manifests/stage_b_clamp_transform_manifest.json
B,CWE121_Stack_Based_Buffer_Overflow/s01/CWE121_Stack_Based_Buffer_Overflow__CWE129_fscanf_18.c,97,76,rewritten,goodB2G,clamp_good_goodB2G_76,clamp_good_goodB2G_76,sanitizer,CWE121,18,c,/Users/saqif/Desktop/UCSB/ucsb_classes/w26/cs293G/joern/benchmarks/juliet/manifests/stage_b_clamp_transform_manifest.json
B,CWE121_Stack_Based_Buffer_Overflow/s01/CWE121_Stack_Based_Buffer_Overflow__CWE129_fscanf_21.c,20,36,rewritten,badSink,clamp_bad_badSink_36,clamp_bad_badSink_36,non_sanitizer,CWE121,21,c,/Users/saqif/Desktop/UCSB/ucsb_classes/w26/cs293G/joern/benchmarks/juliet/manifests/stage_b_clamp_transform_manifest.json
B,CWE121_Stack_Based_Buffer_Overflow/s01/CWE121_Stack_Based_Buffer_Overflow__CWE129_fscanf_21.c,118,87,rewritten,goodB2G1Sink,clamp_good_goodB2G1Sink_87,clamp_good_goodB2G1Sink_87,sanitizer,CWE121,21,c,/Users/saqif/Desktop/UCSB/ucsb_classes/w26/cs293G/joern/benchmarks/juliet/manifests/stage_b_clamp_transform_manifest.json
B,CWE121_Stack_Based_Buffer_Overflow/s01/CWE121_Stack_Based_Buffer_Overflow__CWE129_fscanf_21.c,155,124,rewritten,goodB2G2Sink,clamp_good_goodB2G2Sink_124,clamp_good_goodB2G2Sink_124,sanitizer,CWE121,21,c,/Users/saqif/Desktop/UCSB/ucsb_classes/w26/cs293G/joern/benchmarks/juliet/manifests/stage_b_clamp_transform_manifest.json
B,CWE121_Stack_Based_Buffer_Overflow/s01/CWE121_Stack_Based_Buffer_Overflow__CWE129_fscanf_22b.c,98,76,rewritten,CWE121_Stack_Based_Buffer_Overflow__CWE129_fscanf_22_goodB2G1Sink,clamp_good_CWE121_Stack_Based_Buffer_Overflow__CWE129_fscanf_22_goodB2G1Sink_76,clamp_good_CWE121_Stack_Based_Buffer_Overflow__CWE129_fscanf_22_goodB2G1Sink_76,sanitizer,CWE121,22,c,/Users/saqif/Desktop/UCSB/ucsb_classes/w26/cs293G/joern/benchmarks/juliet/manifests/stage_b_clamp_transform_manifest.json
B,CWE121_Stack_Based_Buffer_Overflow/s01/CWE121_Stack_Based_Buffer_Overflow__CWE129_fscanf_22b.c,124,102,rewritten,CWE121_Stack_Based_Buffer_Overflow__CWE129_fscanf_22_goodB2G2Sink,clamp_good_CWE121_Stack_Based_Buffer_Overflow__CWE129_fscanf_22_goodB2G2Sink_102,clamp_good_CWE121_Stack_Based_Buffer_Overflow__CWE129_fscanf_22_goodB2G2Sink_102,sanitizer,CWE121,22,c,/Users/saqif/Desktop/UCSB/ucsb_classes/w26/cs293G/joern/benchmarks/juliet/manifests/stage_b_clamp_transform_manifest.json
B,CWE121_Stack_Based_Buffer_Overflow/s01/CWE121_Stack_Based_Buffer_Overflow__CWE129_fscanf_31.c,20,39,rewritten,CWE121_Stack_Based_Buffer_Overflow__CWE129_fscanf_31_bad,clamp_bad_CWE121_Stack_Based_Buffer_Overflow__CWE129_fscanf_31_bad_39,clamp_bad_CWE121_Stack_Based_Buffer_Overflow__CWE129_fscanf_31_bad_39,non_sanitizer,CWE121,31,c,/Users/saqif/Desktop/UCSB/ucsb_classes/w26/cs293G/joern/benchmarks/juliet/manifests/stage_b_clamp_transform_manifest.json
B,CWE121_Stack_Based_Buffer_Overflow/s01/CWE121_Stack_Based_Buffer_Overflow__CWE129_fscanf_31.c,130,109,rewritten,goodB2G,clamp_good_goodB2G_109,clamp_good_goodB2G_109,sanitizer,CWE121,31,c,/Users/saqif/Desktop/UCSB/ucsb_classes/w26/cs293G/joern/benchmarks/juliet/manifests/stage_b_clamp_transform_manifest.json
B,CWE121_Stack_Based_Buffer_Overflow/s01/CWE121_Stack_Based_Buffer_Overflow__CWE129_fscanf_32.c,65,44,rewritten,CWE121_Stack_Based_Buffer_Overflow__CWE129_fscanf_32_bad,clamp_bad_CWE121_Stack_Based_Buffer_Overflow__CWE129_fscanf_32_bad_44,clamp_bad_CWE121_Stack_Based_Buffer_Overflow__CWE129_fscanf_32_bad_44,non_sanitizer,CWE121,32,c,/Users/saqif/Desktop/UCSB/ucsb_classes/w26/cs293G/joern/benchmarks/juliet/manifests/stage_b_clamp_transform_manifest.json
B,CWE121_Stack_Based_Buffer_Overflow/s01/CWE121_Stack_Based_Buffer_Overflow__CWE129_fscanf_32.c,145,124,rewritten,goodB2G,clamp_good_goodB2G_124,clamp_good_goodB2G_124,sanitizer,CWE121,32,c,/Users/saqif/Desktop/UCSB/ucsb_classes/w26/cs293G/joern/benchmarks/juliet/manifests/stage_b_clamp_transform_manifest.json
B,CWE121_Stack_Based_Buffer_Overflow/s01/CWE121_Stack_Based_Buffer_Overflow__CWE129_fscanf_33.cpp,63,42,rewritten,bad,clamp_bad_bad_42,clamp_bad_bad_42,non_sanitizer,CWE121,33,cpp,/Users/saqif/Desktop/UCSB/ucsb_classes/w26/cs293G/joern/benchmarks/juliet/manifests/stage_b_clamp_transform_manifest.json
B,CWE121_Stack_Based_Buffer_Overflow/s01/CWE121_Stack_Based_Buffer_Overflow__CWE129_fscanf_33.cpp,133,112,rewritten,goodB2G,clamp_good_goodB2G_112,clamp_good_goodB2G_112,sanitizer,CWE121,33,cpp,/Users/saqif/Desktop/UCSB/ucsb_classes/w26/cs293G/joern/benchmarks/juliet/manifests/stage_b_clamp_transform_manifest.json
B,CWE121_Stack_Based_Buffer_Overflow/s01/CWE121_Stack_Based_Buffer_Overflow__CWE129_fscanf_34.c,67,46,rewritten,CWE121_Stack_Based_Buffer_Overflow__CWE129_fscanf_34_bad,clamp_bad_CWE121_Stack_Based_Buffer_Overflow__CWE129_fscanf_34_bad_46,clamp_bad_CWE121_Stack_Based_Buffer_Overflow__CWE129_fscanf_34_bad_46,non_sanitizer,CWE121,34,c,/Users/saqif/Desktop/UCSB/ucsb_classes/w26/cs293G/joern/benchmarks/juliet/manifests/stage_b_clamp_transform_manifest.json
B,CWE121_Stack_Based_Buffer_Overflow/s01/CWE121_Stack_Based_Buffer_Overflow__CWE129_fscanf_34.c,139,118,rewritten,goodB2G,clamp_good_goodB2G_118,clamp_good_goodB2G_118,sanitizer,CWE121,34,c,/Users/saqif/Desktop/UCSB/ucsb_classes/w26/cs293G/joern/benchmarks/juliet/manifests/stage_b_clamp_transform_manifest.json
B,CWE121_Stack_Based_Buffer_Overflow/s01/CWE121_Stack_Based_Buffer_Overflow__CWE129_fscanf_41.c,20,31,rewritten,badSink,clamp_bad_badSink_31,clamp_bad_badSink_31,non_sanitizer,CWE121,41,c,/Users/saqif/Desktop/UCSB/ucsb_classes/w26/cs293G/joern/benchmarks/juliet/manifests/stage_b_clamp_transform_manifest.json
B,CWE121_Stack_Based_Buffer_Overflow/s01/CWE121_Stack_Based_Buffer_Overflow__CWE129_fscanf_41.c,124,103,rewritten,goodB2GSink,clamp_good_goodB2GSink_103,clamp_good_goodB2GSink_103,sanitizer,CWE121,41,c,/Users/saqif/Desktop/UCSB/ucsb_classes/w26/cs293G/joern/benchmarks/juliet/manifests/stage_b_clamp_transform_manifest.json
B,CWE121_Stack_Based_Buffer_Overflow/s01/CWE121_Stack_Based_Buffer_Overflow__CWE129_fscanf_42.c,63,42,rewritten,CWE121_Stack_Based_Buffer_Overflow__CWE129_fscanf_42_bad,clamp_bad_CWE121_Stack_Based_Buffer_Overflow__CWE129_fscanf_42_bad_42,clamp_bad_CWE121_Stack_Based_Buffer_Overflow__CWE129_fscanf_42_bad_42,non_sanitizer,CWE121,42,c,/Users/saqif/Desktop/UCSB/ucsb_classes/w26/cs293G/joern/benchmarks/juliet/manifests/stage_b_clamp_transform_manifest.json
B,CWE121_Stack_Based_Buffer_Overflow/s01/CWE121_Stack_Based_Buffer_Overflow__CWE129_fscanf_42.c,137,116,rewritten,goodB2G,clamp_good_goodB2G_116,clamp_good_goodB2G_116,sanitizer,CWE121,42,c,/Users/saqif/Desktop/UCSB/ucsb_classes/w26/cs293G/joern/benchmarks/juliet/manifests/stage_b_clamp_transform_manifest.json
B,CWE121_Stack_Based_Buffer_Overflow/s01/CWE121_Stack_Based_Buffer_Overflow__CWE129_fscanf_43.cpp,65,44,rewritten,bad,clamp_bad_bad_44,clamp_bad_bad_44,non_sanitizer,CWE121,43,cpp,/Users/saqif/Desktop/UCSB/ucsb_classes/w26/cs293G/joern/benchmarks/juliet/manifests/stage_b_clamp_transform_manifest.json
B,CWE121_Stack_Based_Buffer_Overflow/s01/CWE121_Stack_Based_Buffer_Overflow__CWE129_fscanf_43.cpp,137,116,rewritten,goodB2G,clamp_good_goodB2G_116,clamp_good_goodB2G_116,sanitizer,CWE121,43,cpp,/Users/saqif/Desktop/UCSB/ucsb_classes/w26/cs293G/joern/benchmarks/juliet/manifests/stage_b_clamp_transform_manifest.json
B,CWE121_Stack_Based_Buffer_Overflow/s01/CWE121_Stack_Based_Buffer_Overflow__CWE129_fscanf_44.c,20,31,rewritten,badSink,clamp_bad_badSink_31,clamp_bad_badSink_31,non_sanitizer,CWE121,44,c,/Users/saqif/Desktop/UCSB/ucsb_classes/w26/cs293G/joern/benchmarks/juliet/manifests/stage_b_clamp_transform_manifest.json
B,CWE121_Stack_Based_Buffer_Overflow/s01/CWE121_Stack_Based_Buffer_Overflow__CWE129_fscanf_44.c,128,107,rewritten,goodB2GSink,clamp_good_goodB2GSink_107,clamp_good_goodB2GSink_107,sanitizer,CWE121,44,c,/Users/saqif/Desktop/UCSB/ucsb_classes/w26/cs293G/joern/benchmarks/juliet/manifests/stage_b_clamp_transform_manifest.json
B,CWE121_Stack_Based_Buffer_Overflow/s01/CWE121_Stack_Based_Buffer_Overflow__CWE129_fscanf_45.c,20,36,rewritten,badSink,clamp_bad_badSink_36,clamp_bad_badSink_36,non_sanitizer,CWE121,45,c,/Users/saqif/Desktop/UCSB/ucsb_classes/w26/cs293G/joern/benchmarks/juliet/manifests/stage_b_clamp_transform_manifest.json
B,CWE121_Stack_Based_Buffer_Overflow/s01/CWE121_Stack_Based_Buffer_Overflow__CWE129_fscanf_45.c,133,112,rewritten,goodB2GSink,clamp_good_goodB2GSink_112,clamp_good_goodB2GSink_112,sanitizer,CWE121,45,c,/Users/saqif/Desktop/UCSB/ucsb_classes/w26/cs293G/joern/benchmarks/juliet/manifests/stage_b_clamp_transform_manifest.json
B,CWE121_Stack_Based_Buffer_Overflow/s01/CWE121_Stack_Based_Buffer_Overflow__CWE129_large_02.c,20,41,rewritten,CWE121_Stack_Based_Buffer_Overflow__CWE129_large_02_bad,clamp_bad_CWE121_Stack_Based_Buffer_Overflow__CWE129_large_02_bad_41,clamp_bad_CWE121_Stack_Based_Buffer_Overflow__CWE129_large_02_bad_41,non_sanitizer,CWE121,02,c,/Users/saqif/Desktop/UCSB/ucsb_classes/w26/cs293G/joern/benchmarks/juliet/manifests/stage_b_clamp_transform_manifest.json
B,CWE121_Stack_Based_Buffer_Overflow/s01/CWE121_Stack_Based_Buffer_Overflow__CWE129_large_02.c,115,84,rewritten,goodB2G1,clamp_good_goodB2G1_84,clamp_good_goodB2G1_84,sanitizer,CWE121,02,c,/Users/saqif/Desktop/UCSB/ucsb_classes/w26/cs293G/joern/benchmarks/juliet/manifests/stage_b_clamp_transform_manifest.json
B,CWE121_Stack_Based_Buffer_Overflow/s01/CWE121_Stack_Based_Buffer_Overflow__CWE129_large_02.c,149,118,rewritten,goodB2G2,clamp_good_goodB2G2_118,clamp_good_goodB2G2_118,sanitizer,CWE121,02,c,/Users/saqif/Desktop/UCSB/ucsb_classes/w26/cs293G/joern/benchmarks/juliet/manifests/stage_b_clamp_transform_manifest.json
B,CWE121_Stack_Based_Buffer_Overflow/s01/CWE121_Stack_Based_Buffer_Overflow__CWE129_large_03.c,20,41,rewritten,CWE121_Stack_Based_Buffer_Overflow__CWE129_large_03_bad,clamp_bad_CWE121_Stack_Based_Buffer_Overflow__CWE129_large_03_bad_41,clamp_bad_CWE121_Stack_Based_Buffer_Overflow__CWE129_large_03_bad_41,non_sanitizer,CWE121,03,c,/Users/saqif/Desktop/UCSB/ucsb_classes/w26/cs293G/joern/benchmarks/juliet/manifests/stage_b_clamp_transform_manifest.json
B,CWE121_Stack_Based_Buffer_Overflow/s01/CWE121_Stack_Based_Buffer_Overflow__CWE129_large_03.c,115,84,rewritten,goodB2G1,clamp_good_goodB2G1_84,clamp_good_goodB2G1_84,sanitizer,CWE121,03,c,/Users/saqif/Desktop/UCSB/ucsb_classes/w26/cs293G/joern/benchmarks/juliet/manifests/stage_b_clamp_transform_manifest.json
B,CWE121_Stack_Based_Buffer_Overflow/s01/CWE121_Stack_Based_Buffer_Overflow__CWE129_large_03.c,149,118,rewritten,goodB2G2,clamp_good_goodB2G2_118,clamp_good_goodB2G2_118,sanitizer,CWE121,03,c,/Users/saqif/Desktop/UCSB/ucsb_classes/w26/cs293G/joern/benchmarks/juliet/manifests/stage_b_clamp_transform_manifest.json
B,CWE121_Stack_Based_Buffer_Overflow/s01/CWE121_Stack_Based_Buffer_Overflow__CWE129_large_04.c,20,47,rewritten,CWE121_Stack_Based_Buffer_Overflow__CWE129_large_04_bad,clamp_bad_CWE121_Stack_Based_Buffer_Overflow__CWE129_large_04_bad_47,clamp_bad_CWE121_Stack_Based_Buffer_Overflow__CWE129_large_04_bad_47,non_sanitizer,CWE121,04,c,/Users/saqif/Desktop/UCSB/ucsb_classes/w26/cs293G/joern/benchmarks/juliet/manifests/stage_b_clamp_transform_manifest.json
B,CWE121_Stack_Based_Buffer_Overflow/s01/CWE121_Stack_Based_Buffer_Overflow__CWE129_large_04.c,121,90,rewritten,goodB2G1,clamp_good_goodB2G1_90,clamp_good_goodB2G1_90,sanitizer,CWE121,04,c,/Users/saqif/Desktop/UCSB/ucsb_classes/w26/cs293G/joern/benchmarks/juliet/manifests/stage_b_clamp_transform_manifest.json
B,CWE121_Stack_Based_Buffer_Overflow/s01/CWE121_Stack_Based_Buffer_Overflow__CWE129_large_04.c,155,124,rewritten,goodB2G2,clamp_good_goodB2G2_124,clamp_good_goodB2G2_124,sanitizer,CWE121,04,c,/Users/saqif/Desktop/UCSB/ucsb_classes/w26/cs293G/joern/benchmarks/juliet/manifests/stage_b_clamp_transform_manifest.json
B,CWE121_Stack_Based_Buffer_Overflow/s01/CWE121_Stack_Based_Buffer_Overflow__CWE129_large_05.c,20,47,rewritten,CWE121_Stack_Based_Buffer_Overflow__CWE129_large_05_bad,clamp_bad_CWE121_Stack_Based_Buffer_Overflow__CWE129_large_05_bad_47,clamp_bad_CWE121_Stack_Based_Buffer_Overflow__CWE129_large_05_bad_47,non_sanitizer,CWE121,05,c,/Users/saqif/Desktop/UCSB/ucsb_classes/w26/cs293G/joern/benchmarks/juliet/manifests/stage_b_clamp_transform_manifest.json
B,CWE121_Stack_Based_Buffer_Overflow/s01/CWE121_Stack_Based_Buffer_Overflow__CWE129_large_05.c,121,90,rewritten,goodB2G1,clamp_good_goodB2G1_90,clamp_good_goodB2G1_90,sanitizer,CWE121,05,c,/Users/saqif/Desktop/UCSB/ucsb_classes/w26/cs293G/joern/benchmarks/juliet/manifests/stage_b_clamp_transform_manifest.json
B,CWE121_Stack_Based_Buffer_Overflow/s01/CWE121_Stack_Based_Buffer_Overflow__CWE129_large_05.c,155,124,rewritten,goodB2G2,clamp_good_goodB2G2_124,clamp_good_goodB2G2_124,sanitizer,CWE121,05,c,/Users/saqif/Desktop/UCSB/ucsb_classes/w26/cs293G/joern/benchmarks/juliet/manifests/stage_b_clamp_transform_manifest.json
B,CWE121_Stack_Based_Buffer_Overflow/s01/CWE121_Stack_Based_Buffer_Overflow__CWE129_large_06.c,20,46,rewritten,CWE121_Stack_Based_Buffer_Overflow__CWE129_large_06_bad,clamp_bad_CWE121_Stack_Based_Buffer_Overflow__CWE129_large_06_bad_46,clamp_bad_CWE121_Stack_Based_Buffer_Overflow__CWE129_large_06_bad_46,non_sanitizer,CWE121,06,c,/Users/saqif/Desktop/UCSB/ucsb_classes/w26/cs293G/joern/benchmarks/juliet/manifests/stage_b_clamp_transform_manifest.json
B,CWE121_Stack_Based_Buffer_Overflow/s01/CWE121_Stack_Based_Buffer_Overflow__CWE129_large_06.c,120,89,rewritten,goodB2G1,clamp_good_goodB2G1_89,clamp_good_goodB2G1_89,sanitizer,CWE121,06,c,/Users/saqif/Desktop/UCSB/ucsb_classes/w26/cs293G/joern/benchmarks/juliet/manifests/stage_b_clamp_transform_manifest.json
B,CWE121_Stack_Based_Buffer_Overflow/s01/CWE121_Stack_Based_Buffer_Overflow__CWE129_large_06.c,154,123,rewritten,goodB2G2,clamp_good_goodB2G2_123,clamp_good_goodB2G2_123,sanitizer,CWE121,06,c,/Users/saqif/Desktop/UCSB/ucsb_classes/w26/cs293G/joern/benchmarks/juliet/manifests/stage_b_clamp_transform_manifest.json
B,CWE121_Stack_Based_Buffer_Overflow/s01/CWE121_Stack_Based_Buffer_Overflow__CWE129_large_07.c,20,46,rewritten,CWE121_Stack_Based_Buffer_Overflow__CWE129_large_07_bad,clamp_bad_CWE121_Stack_Based_Buffer_Overflow__CWE129_large_07_bad_46,clamp_bad_CWE121_Stack_Based_Buffer_Overflow__CWE129_large_07_bad_46,non_sanitizer,CWE121,07,c,/Users/saqif/Desktop/UCSB/ucsb_classes/w26/cs293G/joern/benchmarks/juliet/manifests/stage_b_clamp_transform_manifest.json
B,CWE121_Stack_Based_Buffer_Overflow/s01/CWE121_Stack_Based_Buffer_Overflow__CWE129_large_07.c,120,89,rewritten,goodB2G1,clamp_good_goodB2G1_89,clamp_good_goodB2G1_89,sanitizer,CWE121,07,c,/Users/saqif/Desktop/UCSB/ucsb_classes/w26/cs293G/joern/benchmarks/juliet/manifests/stage_b_clamp_transform_manifest.json
B,CWE121_Stack_Based_Buffer_Overflow/s01/CWE121_Stack_Based_Buffer_Overflow__CWE129_large_07.c,154,123,rewritten,goodB2G2,clamp_good_goodB2G2_123,clamp_good_goodB2G2_123,sanitizer,CWE121,07,c,/Users/saqif/Desktop/UCSB/ucsb_classes/w26/cs293G/joern/benchmarks/juliet/manifests/stage_b_clamp_transform_manifest.json
B,CWE121_Stack_Based_Buffer_Overflow/s01/CWE121_Stack_Based_Buffer_Overflow__CWE129_large_08.c,85,54,rewritten,CWE121_Stack_Based_Buffer_Overflow__CWE129_large_08_bad,clamp_bad_CWE121_Stack_Based_Buffer_Overflow__CWE129_large_08_bad_54,clamp_bad_CWE121_Stack_Based_Buffer_Overflow__CWE129_large_08_bad_54,non_sanitizer,CWE121,08,c,/Users/saqif/Desktop/UCSB/ucsb_classes/w26/cs293G/joern/benchmarks/juliet/manifests/stage_b_clamp_transform_manifest.json
B,CWE121_Stack_Based_Buffer_Overflow/s01/CWE121_Stack_Based_Buffer_Overflow__CWE129_large_08.c,128,97,rewritten,goodB2G1,clamp_good_goodB2G1_97,clamp_good_goodB2G1_97,sanitizer,CWE121,08,c,/Users/saqif/Desktop/UCSB/ucsb_classes/w26/cs293G/joern/benchmarks/juliet/manifests/stage_b_clamp_transform_manifest.json
B,CWE121_Stack_Based_Buffer_Overflow/s01/CWE121_Stack_Based_Buffer_Overflow__CWE129_large_08.c,162,131,rewritten,goodB2G2,clamp_good_goodB2G2_131,clamp_good_goodB2G2_131,sanitizer,CWE121,08,c,/Users/saqif/Desktop/UCSB/ucsb_classes/w26/cs293G/joern/benchmarks/juliet/manifests/stage_b_clamp_transform_manifest.json
B,CWE121_Stack_Based_Buffer_Overflow/s01/CWE121_Stack_Based_Buffer_Overflow__CWE129_large_09.c,20,41,rewritten,CWE121_Stack_Based_Buffer_Overflow__CWE129_large_09_bad,clamp_bad_CWE121_Stack_Based_Buffer_Overflow__CWE129_large_09_bad_41,clamp_bad_CWE121_Stack_Based_Buffer_Overflow__CWE129_large_09_bad_41,non_sanitizer,CWE121,09,c,/Users/saqif/Desktop/UCSB/ucsb_classes/w26/cs293G/joern/benchmarks/juliet/manifests/stage_b_clamp_transform_manifest.json
B,CWE121_Stack_Based_Buffer_Overflow/s01/CWE121_Stack_Based_Buffer_Overflow__CWE129_large_09.c,115,84,rewritten,goodB2G1,clamp_good_goodB2G1_84,clamp_good_goodB2G1_84,sanitizer,CWE121,09,c,/Users/saqif/Desktop/UCSB/ucsb_classes/w26/cs293G/joern/benchmarks/juliet/manifests/stage_b_clamp_transform_manifest.json
B,CWE121_Stack_Based_Buffer_Overflow/s01/CWE121_Stack_Based_Buffer_Overflow__CWE129_large_09.c,149,118,rewritten,goodB2G2,clamp_good_goodB2G2_118,clamp_good_goodB2G2_118,sanitizer,CWE121,09,c,/Users/saqif/Desktop/UCSB/ucsb_classes/w26/cs293G/joern/benchmarks/juliet/manifests/stage_b_clamp_transform_manifest.json
B,CWE121_Stack_Based_Buffer_Overflow/s01/CWE121_Stack_Based_Buffer_Overflow__CWE129_large_10.c,20,41,rewritten,CWE121_Stack_Based_Buffer_Overflow__CWE129_large_10_bad,clamp_bad_CWE121_Stack_Based_Buffer_Overflow__CWE129_large_10_bad_41,clamp_bad_CWE121_Stack_Based_Buffer_Overflow__CWE129_large_10_bad_41,non_sanitizer,CWE121,10,c,/Users/saqif/Desktop/UCSB/ucsb_classes/w26/cs293G/joern/benchmarks/juliet/manifests/stage_b_clamp_transform_manifest.json
B,CWE121_Stack_Based_Buffer_Overflow/s01/CWE121_Stack_Based_Buffer_Overflow__CWE129_large_10.c,115,84,rewritten,goodB2G1,clamp_good_goodB2G1_84,clamp_good_goodB2G1_84,sanitizer,CWE121,10,c,/Users/saqif/Desktop/UCSB/ucsb_classes/w26/cs293G/joern/benchmarks/juliet/manifests/stage_b_clamp_transform_manifest.json
B,CWE121_Stack_Based_Buffer_Overflow/s01/CWE121_Stack_Based_Buffer_Overflow__CWE129_large_10.c,149,118,rewritten,goodB2G2,clamp_good_goodB2G2_118,clamp_good_goodB2G2_118,sanitizer,CWE121,10,c,/Users/saqif/Desktop/UCSB/ucsb_classes/w26/cs293G/joern/benchmarks/juliet/manifests/stage_b_clamp_transform_manifest.json
B,CWE121_Stack_Based_Buffer_Overflow/s01/CWE121_Stack_Based_Buffer_Overflow__CWE129_large_11.c,20,41,rewritten,CWE121_Stack_Based_Buffer_Overflow__CWE129_large_11_bad,clamp_bad_CWE121_Stack_Based_Buffer_Overflow__CWE129_large_11_bad_41,clamp_bad_CWE121_Stack_Based_Buffer_Overflow__CWE129_large_11_bad_41,non_sanitizer,CWE121,11,c,/Users/saqif/Desktop/UCSB/ucsb_classes/w26/cs293G/joern/benchmarks/juliet/manifests/stage_b_clamp_transform_manifest.json
B,CWE121_Stack_Based_Buffer_Overflow/s01/CWE121_Stack_Based_Buffer_Overflow__CWE129_large_11.c,115,84,rewritten,goodB2G1,clamp_good_goodB2G1_84,clamp_good_goodB2G1_84,sanitizer,CWE121,11,c,/Users/saqif/Desktop/UCSB/ucsb_classes/w26/cs293G/joern/benchmarks/juliet/manifests/stage_b_clamp_transform_manifest.json
B,CWE121_Stack_Based_Buffer_Overflow/s01/CWE121_Stack_Based_Buffer_Overflow__CWE129_large_11.c,149,118,rewritten,goodB2G2,clamp_good_goodB2G2_118,clamp_good_goodB2G2_118,sanitizer,CWE121,11,c,/Users/saqif/Desktop/UCSB/ucsb_classes/w26/cs293G/joern/benchmarks/juliet/manifests/stage_b_clamp_transform_manifest.json
B,CWE121_Stack_Based_Buffer_Overflow/s01/CWE121_Stack_Based_Buffer_Overflow__CWE129_large_12.c,68,47,rewritten,CWE121_Stack_Based_Buffer_Overflow__CWE129_large_12_bad,clamp_bad_CWE121_Stack_Based_Buffer_Overflow__CWE129_large_12_bad_47,clamp_bad_CWE121_Stack_Based_Buffer_Overflow__CWE129_large_12_bad_47,non_sanitizer,CWE121,12,c,/Users/saqif/Desktop/UCSB/ucsb_classes/w26/cs293G/joern/benchmarks/juliet/manifests/stage_b_clamp_transform_manifest.json
B,CWE121_Stack_Based_Buffer_Overflow/s01/CWE121_Stack_Based_Buffer_Overflow__CWE129_large_12.c,134,113,rewritten,goodB2G,clamp_good_goodB2G_113,clamp_good_goodB2G_113,sanitizer,CWE121,12,c,/Users/saqif/Desktop/UCSB/ucsb_classes/w26/cs293G/joern/benchmarks/juliet/manifests/stage_b_clamp_transform_manifest.json
B,CWE121_Stack_Based_Buffer_Overflow/s01/CWE121_Stack_Based_Buffer_Overflow__CWE129_large_13.c,20,41,rewritten,CWE121_Stack_Based_Buffer_Overflow__CWE129_large_13_bad,clamp_bad_CWE121_Stack_Based_Buffer_Overflow__CWE129_large_13_bad_41,clamp_bad_CWE121_Stack_Based_Buffer_Overflow__CWE129_large_13_bad_41,non_sanitizer,CWE121,13,c,/Users/saqif/Desktop/UCSB/ucsb_classes/w26/cs293G/joern/benchmarks/juliet/manifests/stage_b_clamp_transform_manifest.json
B,CWE121_Stack_Based_Buffer_Overflow/s01/CWE121_Stack_Based_Buffer_Overflow__CWE129_large_13.c,115,84,rewritten,goodB2G1,clamp_good_goodB2G1_84,clamp_good_goodB2G1_84,sanitizer,CWE121,13,c,/Users/saqif/Desktop/UCSB/ucsb_classes/w26/cs293G/joern/benchmarks/juliet/manifests/stage_b_clamp_transform_manifest.json
B,CWE121_Stack_Based_Buffer_Overflow/s01/CWE121_Stack_Based_Buffer_Overflow__CWE129_large_13.c,149,118,rewritten,goodB2G2,clamp_good_goodB2G2_118,clamp_good_goodB2G2_118,sanitizer,CWE121,13,c,/Users/saqif/Desktop/UCSB/ucsb_classes/w26/cs293G/joern/benchmarks/juliet/manifests/stage_b_clamp_transform_manifest.json
B,CWE121_Stack_Based_Buffer_Overflow/s01/CWE121_Stack_Based_Buffer_Overflow__CWE129_large_14.c,20,41,rewritten,CWE121_Stack_Based_Buffer_Overflow__CWE129_large_14_bad,clamp_bad_CWE121_Stack_Based_Buffer_Overflow__CWE129_large_14_bad_41,clamp_bad_CWE121_Stack_Based_Buffer_Overflow__CWE129_large_14_bad_41,non_sanitizer,CWE121,14,c,/Users/saqif/Desktop/UCSB/ucsb_classes/w26/cs293G/joern/benchmarks/juliet/manifests/stage_b_clamp_transform_manifest.json
B,CWE121_Stack_Based_Buffer_Overflow/s01/CWE121_Stack_Based_Buffer_Overflow__CWE129_large_14.c,115,84,rewritten,goodB2G1,clamp_good_goodB2G1_84,clamp_good_goodB2G1_84,sanitizer,CWE121,14,c,/Users/saqif/Desktop/UCSB/ucsb_classes/w26/cs293G/joern/benchmarks/juliet/manifests/stage_b_clamp_transform_manifest.json
B,CWE121_Stack_Based_Buffer_Overflow/s01/CWE121_Stack_Based_Buffer_Overflow__CWE129_large_14.c,149,118,rewritten,goodB2G2,clamp_good_goodB2G2_118,clamp_good_goodB2G2_118,sanitizer,CWE121,14,c,/Users/saqif/Desktop/UCSB/ucsb_classes/w26/cs293G/joern/benchmarks/juliet/manifests/stage_b_clamp_transform_manifest.json
B,CWE121_Stack_Based_Buffer_Overflow/s01/CWE121_Stack_Based_Buffer_Overflow__CWE129_large_15.c,20,48,rewritten,CWE121_Stack_Based_Buffer_Overflow__CWE129_large_15_bad,clamp_bad_CWE121_Stack_Based_Buffer_Overflow__CWE129_large_15_bad_48,clamp_bad_CWE121_Stack_Based_Buffer_Overflow__CWE129_large_15_bad_48,non_sanitizer,CWE121,15,c,/Users/saqif/Desktop/UCSB/ucsb_classes/w26/cs293G/joern/benchmarks/juliet/manifests/stage_b_clamp_transform_manifest.json
B,CWE121_Stack_Based_Buffer_Overflow/s01/CWE121_Stack_Based_Buffer_Overflow__CWE129_large_15.c,133,102,rewritten,goodB2G1,clamp_good_goodB2G1_102,clamp_good_goodB2G1_102,sanitizer,CWE121,15,c,/Users/saqif/Desktop/UCSB/ucsb_classes/w26/cs293G/joern/benchmarks/juliet/manifests/stage_b_clamp_transform_manifest.json
B,CWE121_Stack_Based_Buffer_Overflow/s01/CWE121_Stack_Based_Buffer_Overflow__CWE129_large_15.c,175,144,rewritten,goodB2G2,clamp_good_goodB2G2_144,clamp_good_goodB2G2_144,sanitizer,CWE121,15,c,/Users/saqif/Desktop/UCSB/ucsb_classes/w26/cs293G/joern/benchmarks/juliet/manifests/stage_b_clamp_transform_manifest.json
B,CWE121_Stack_Based_Buffer_Overflow/s01/CWE121_Stack_Based_Buffer_Overflow__CWE129_large_16.c,63,42,rewritten,CWE121_Stack_Based_Buffer_Overflow__CWE129_large_16_bad,clamp_bad_CWE121_Stack_Based_Buffer_Overflow__CWE129_large_16_bad_42,clamp_bad_CWE121_Stack_Based_Buffer_Overflow__CWE129_large_16_bad_42,non_sanitizer,CWE121,16,c,/Users/saqif/Desktop/UCSB/ucsb_classes/w26/cs293G/joern/benchmarks/juliet/manifests/stage_b_clamp_transform_manifest.json
B,CWE121_Stack_Based_Buffer_Overflow/s01/CWE121_Stack_Based_Buffer_Overflow__CWE129_large_16.c,103,82,rewritten,goodB2G,clamp_good_goodB2G_82,clamp_good_goodB2G_82,sanitizer,CWE121,16,c,/Users/saqif/Desktop/UCSB/ucsb_classes/w26/cs293G/joern/benchmarks/juliet/manifests/stage_b_clamp_transform_manifest.json
B,CWE121_Stack_Based_Buffer_Overflow/s01/CWE121_Stack_Based_Buffer_Overflow__CWE129_large_17.c,63,42,rewritten,CWE121_Stack_Based_Buffer_Overflow__CWE129_large_17_bad,clamp_bad_CWE121_Stack_Based_Buffer_Overflow__CWE129_large_17_bad_42,clamp_bad_CWE121_Stack_Based_Buffer_Overflow__CWE129_large_17_bad_42,non_sanitizer,CWE121,17,c,/Users/saqif/Desktop/UCSB/ucsb_classes/w26/cs293G/joern/benchmarks/juliet/manifests/stage_b_clamp_transform_manifest.json
B,CWE121_Stack_Based_Buffer_Overflow/s01/CWE121_Stack_Based_Buffer_Overflow__CWE129_large_17.c,102,81,rewritten,goodB2G,clamp_good_goodB2G_81,clamp_good_goodB2G_81,sanitizer,CWE121,17,c,/Users/saqif/Desktop/UCSB/ucsb_classes/w26/cs293G/joern/benchmarks/juliet/manifests/stage_b_clamp_transform_manifest.json
B,CWE121_Stack_Based_Buffer_Overflow/s01/CWE121_Stack_Based_Buffer_Overflow__CWE129_large_18.c,20,40,rewritten,CWE121_Stack_Based_Buffer_Overflow__CWE129_large_18_bad,clamp_bad_CWE121_Stack_Based_Buffer_Overflow__CWE129_large_18_bad_40,clamp_bad_CWE121_Stack_Based_Buffer_Overflow__CWE129_large_18_bad_40,non_sanitizer,CWE121,18,c,/Users/saqif/Desktop/UCSB/ucsb_classes/w26/cs293G/joern/benchmarks/juliet/manifests/stage_b_clamp_transform_manifest.json
B,CWE121_Stack_Based_Buffer_Overflow/s01/CWE121_Stack_Based_Buffer_Overflow__CWE129_large_18.c,97,76,rewritten,goodB2G,clamp_good_goodB2G_76,clamp_good_goodB2G_76,sanitizer,CWE121,18,c,/Users/saqif/Desktop/UCSB/ucsb_classes/w26/cs293G/joern/benchmarks/juliet/manifests/stage_b_clamp_transform_manifest.json
B,CWE121_Stack_Based_Buffer_Overflow/s01/CWE121_Stack_Based_Buffer_Overflow__CWE129_large_21.c,20,36,rewritten,badSink,clamp_bad_badSink_36,clamp_bad_badSink_36,non_sanitizer,CWE121,21,c,/Users/saqif/Desktop/UCSB/ucsb_classes/w26/cs293G/joern/benchmarks/juliet/manifests/stage_b_clamp_transform_manifest.json
B,CWE121_Stack_Based_Buffer_Overflow/s01/CWE121_Stack_Based_Buffer_Overflow__CWE129_large_21.c,118,87,rewritten,goodB2G1Sink,clamp_good_goodB2G1Sink_87,clamp_good_goodB2G1Sink_87,sanitizer,CWE121,21,c,/Users/saqif/Desktop/UCSB/ucsb_classes/w26/cs293G/joern/benchmarks/juliet/manifests/stage_b_clamp_transform_manifest.json
B,CWE121_Stack_Based_Buffer_Overflow/s01/CWE121_Stack_Based_Buffer_Overflow__CWE129_large_21.c,155,124,rewritten,goodB2G2Sink,clamp_good_goodB2G2Sink_124,clamp_good_goodB2G2Sink_124,sanitizer,CWE121,21,c,/Users/saqif/Desktop/UCSB/ucsb_classes/w26/cs293G/joern/benchmarks/juliet/manifests/stage_b_clamp_transform_manifest.json
B,CWE121_Stack_Based_Buffer_Overflow/s01/CWE121_Stack_Based_Buffer_Overflow__CWE129_large_22b.c,98,76,rewritten,CWE121_Stack_Based_Buffer_Overflow__CWE129_large_22_goodB2G1Sink,clamp_good_CWE121_Stack_Based_Buffer_Overflow__CWE129_large_22_goodB2G1Sink_76,clamp_good_CWE121_Stack_Based_Buffer_Overflow__CWE129_large_22_goodB2G1Sink_76,sanitizer,CWE121,22,c,/Users/saqif/Desktop/UCSB/ucsb_classes/w26/cs293G/joern/benchmarks/juliet/manifests/stage_b_clamp_transform_manifest.json
B,CWE121_Stack_Based_Buffer_Overflow/s01/CWE121_Stack_Based_Buffer_Overflow__CWE129_large_22b.c,124,102,rewritten,CWE121_Stack_Based_Buffer_Overflow__CWE129_large_22_goodB2G2Sink,clamp_good_CWE121_Stack_Based_Buffer_Overflow__CWE129_large_22_goodB2G2Sink_102,clamp_good_CWE121_Stack_Based_Buffer_Overflow__CWE129_large_22_goodB2G2Sink_102,sanitizer,CWE121,22,c,/Users/saqif/Desktop/UCSB/ucsb_classes/w26/cs293G/joern/benchmarks/juliet/manifests/stage_b_clamp_transform_manifest.json
B,CWE121_Stack_Based_Buffer_Overflow/s01/CWE121_Stack_Based_Buffer_Overflow__CWE129_large_31.c,20,39,rewritten,CWE121_Stack_Based_Buffer_Overflow__CWE129_large_31_bad,clamp_bad_CWE121_Stack_Based_Buffer_Overflow__CWE129_large_31_bad_39,clamp_bad_CWE121_Stack_Based_Buffer_Overflow__CWE129_large_31_bad_39,non_sanitizer,CWE121,31,c,/Users/saqif/Desktop/UCSB/ucsb_classes/w26/cs293G/joern/benchmarks/juliet/manifests/stage_b_clamp_transform_manifest.json
B,CWE121_Stack_Based_Buffer_Overflow/s01/CWE121_Stack_Based_Buffer_Overflow__CWE129_large_31.c,130,109,rewritten,goodB2G,clamp_good_goodB2G_109,clamp_good_goodB2G_109,sanitizer,CWE121,31,c,/Users/saqif/Desktop/UCSB/ucsb_classes/w26/cs293G/joern/benchmarks/juliet/manifests/stage_b_clamp_transform_manifest.json
B,CWE121_Stack_Based_Buffer_Overflow/s01/CWE121_Stack_Based_Buffer_Overflow__CWE129_large_32.c,65,44,rewritten,CWE121_Stack_Based_Buffer_Overflow__CWE129_large_32_bad,clamp_bad_CWE121_Stack_Based_Buffer_Overflow__CWE129_large_32_bad_44,clamp_bad_CWE121_Stack_Based_Buffer_Overflow__CWE129_large_32_bad_44,non_sanitizer,CWE121,32,c,/Users/saqif/Desktop/UCSB/ucsb_classes/w26/cs293G/joern/benchmarks/juliet/manifests/stage_b_clamp_transform_manifest.json
B,CWE121_Stack_Based_Buffer_Overflow/s01/CWE121_Stack_Based_Buffer_Overflow__CWE129_large_32.c,145,124,rewritten,goodB2G,clamp_good_goodB2G_124,clamp_good_goodB2G_124,sanitizer,CWE121,32,c,/Users/saqif/Desktop/UCSB/ucsb_classes/w26/cs293G/joern/benchmarks/juliet/manifests/stage_b_clamp_transform_manifest.json
B,CWE121_Stack_Based_Buffer_Overflow/s01/CWE121_Stack_Based_Buffer_Overflow__CWE129_large_33.cpp,63,42,rewritten,bad,clamp_bad_bad_42,clamp_bad_bad_42,non_sanitizer,CWE121,33,cpp,/Users/saqif/Desktop/UCSB/ucsb_classes/w26/cs293G/joern/benchmarks/juliet/manifests/stage_b_clamp_transform_manifest.json
B,CWE121_Stack_Based_Buffer_Overflow/s01/CWE121_Stack_Based_Buffer_Overflow__CWE129_large_33.cpp,133,112,rewritten,goodB2G,clamp_good_goodB2G_112,clamp_good_goodB2G_112,sanitizer,CWE121,33,cpp,/Users/saqif/Desktop/UCSB/ucsb_classes/w26/cs293G/joern/benchmarks/juliet/manifests/stage_b_clamp_transform_manifest.json
B,CWE121_Stack_Based_Buffer_Overflow/s01/CWE121_Stack_Based_Buffer_Overflow__CWE129_large_34.c,67,46,rewritten,CWE121_Stack_Based_Buffer_Overflow__CWE129_large_34_bad,clamp_bad_CWE121_Stack_Based_Buffer_Overflow__CWE129_large_34_bad_46,clamp_bad_CWE121_Stack_Based_Buffer_Overflow__CWE129_large_34_bad_46,non_sanitizer,CWE121,34,c,/Users/saqif/Desktop/UCSB/ucsb_classes/w26/cs293G/joern/benchmarks/juliet/manifests/stage_b_clamp_transform_manifest.json
B,CWE121_Stack_Based_Buffer_Overflow/s01/CWE121_Stack_Based_Buffer_Overflow__CWE129_large_34.c,139,118,rewritten,goodB2G,clamp_good_goodB2G_118,clamp_good_goodB2G_118,sanitizer,CWE121,34,c,/Users/saqif/Desktop/UCSB/ucsb_classes/w26/cs293G/joern/benchmarks/juliet/manifests/stage_b_clamp_transform_manifest.json
B,CWE121_Stack_Based_Buffer_Overflow/s01/CWE121_Stack_Based_Buffer_Overflow__CWE129_large_41.c,20,31,rewritten,badSink,clamp_bad_badSink_31,clamp_bad_badSink_31,non_sanitizer,CWE121,41,c,/Users/saqif/Desktop/UCSB/ucsb_classes/w26/cs293G/joern/benchmarks/juliet/manifests/stage_b_clamp_transform_manifest.json
B,CWE121_Stack_Based_Buffer_Overflow/s01/CWE121_Stack_Based_Buffer_Overflow__CWE129_large_41.c,124,103,rewritten,goodB2GSink,clamp_good_goodB2GSink_103,clamp_good_goodB2GSink_103,sanitizer,CWE121,41,c,/Users/saqif/Desktop/UCSB/ucsb_classes/w26/cs293G/joern/benchmarks/juliet/manifests/stage_b_clamp_transform_manifest.json
B,CWE121_Stack_Based_Buffer_Overflow/s01/CWE121_Stack_Based_Buffer_Overflow__CWE129_large_42.c,63,42,rewritten,CWE121_Stack_Based_Buffer_Overflow__CWE129_large_42_bad,clamp_bad_CWE121_Stack_Based_Buffer_Overflow__CWE129_large_42_bad_42,clamp_bad_CWE121_Stack_Based_Buffer_Overflow__CWE129_large_42_bad_42,non_sanitizer,CWE121,42,c,/Users/saqif/Desktop/UCSB/ucsb_classes/w26/cs293G/joern/benchmarks/juliet/manifests/stage_b_clamp_transform_manifest.json
B,CWE121_Stack_Based_Buffer_Overflow/s01/CWE121_Stack_Based_Buffer_Overflow__CWE129_large_42.c,137,116,rewritten,goodB2G,clamp_good_goodB2G_116,clamp_good_goodB2G_116,sanitizer,CWE121,42,c,/Users/saqif/Desktop/UCSB/ucsb_classes/w26/cs293G/joern/benchmarks/juliet/manifests/stage_b_clamp_transform_manifest.json
B,CWE121_Stack_Based_Buffer_Overflow/s01/CWE121_Stack_Based_Buffer_Overflow__CWE129_large_43.cpp,65,44,rewritten,bad,clamp_bad_bad_44,clamp_bad_bad_44,non_sanitizer,CWE121,43,cpp,/Users/saqif/Desktop/UCSB/ucsb_classes/w26/cs293G/joern/benchmarks/juliet/manifests/stage_b_clamp_transform_manifest.json
B,CWE121_Stack_Based_Buffer_Overflow/s01/CWE121_Stack_Based_Buffer_Overflow__CWE129_large_43.cpp,137,116,rewritten,goodB2G,clamp_good_goodB2G_116,clamp_good_goodB2G_116,sanitizer,CWE121,43,cpp,/Users/saqif/Desktop/UCSB/ucsb_classes/w26/cs293G/joern/benchmarks/juliet/manifests/stage_b_clamp_transform_manifest.json
B,CWE121_Stack_Based_Buffer_Overflow/s01/CWE121_Stack_Based_Buffer_Overflow__CWE129_large_44.c,20,31,rewritten,badSink,clamp_bad_badSink_31,clamp_bad_badSink_31,non_sanitizer,CWE121,44,c,/Users/saqif/Desktop/UCSB/ucsb_classes/w26/cs293G/joern/benchmarks/juliet/manifests/stage_b_clamp_transform_manifest.json
B,CWE121_Stack_Based_Buffer_Overflow/s01/CWE121_Stack_Based_Buffer_Overflow__CWE129_large_44.c,128,107,rewritten,goodB2GSink,clamp_good_goodB2GSink_107,clamp_good_goodB2GSink_107,sanitizer,CWE121,44,c,/Users/saqif/Desktop/UCSB/ucsb_classes/w26/cs293G/joern/benchmarks/juliet/manifests/stage_b_clamp_transform_manifest.json
B,CWE121_Stack_Based_Buffer_Overflow/s01/CWE121_Stack_Based_Buffer_Overflow__CWE129_large_45.c,20,36,rewritten,badSink,clamp_bad_badSink_36,clamp_bad_badSink_36,non_sanitizer,CWE121,45,c,/Users/saqif/Desktop/UCSB/ucsb_classes/w26/cs293G/joern/benchmarks/juliet/manifests/stage_b_clamp_transform_manifest.json
B,CWE121_Stack_Based_Buffer_Overflow/s01/CWE121_Stack_Based_Buffer_Overflow__CWE129_large_45.c,133,112,rewritten,goodB2GSink,clamp_good_goodB2GSink_112,clamp_good_goodB2GSink_112,sanitizer,CWE121,45,c,/Users/saqif/Desktop/UCSB/ucsb_classes/w26/cs293G/joern/benchmarks/juliet/manifests/stage_b_clamp_transform_manifest.json
B,CWE121_Stack_Based_Buffer_Overflow/s01/CWE121_Stack_Based_Buffer_Overflow__CWE129_listen_socket_21.c,33,58,rewritten,badSink,clamp_bad_badSink_58,clamp_bad_badSink_58,non_sanitizer,CWE121,21,c,/Users/saqif/Desktop/UCSB/ucsb_classes/w26/cs293G/joern/benchmarks/juliet/manifests/stage_b_clamp_transform_manifest.json
B,CWE121_Stack_Based_Buffer_Overflow/s01/CWE121_Stack_Based_Buffer_Overflow__CWE129_listen_socket_21.c,207,176,rewritten,goodB2G1Sink,clamp_good_goodB2G1Sink_176,clamp_good_goodB2G1Sink_176,sanitizer,CWE121,21,c,/Users/saqif/Desktop/UCSB/ucsb_classes/w26/cs293G/joern/benchmarks/juliet/manifests/stage_b_clamp_transform_manifest.json
B,CWE121_Stack_Based_Buffer_Overflow/s01/CWE121_Stack_Based_Buffer_Overflow__CWE129_listen_socket_21.c,311,280,rewritten,goodB2G2Sink,clamp_good_goodB2G2Sink_280,clamp_good_goodB2G2Sink_280,sanitizer,CWE121,21,c,/Users/saqif/Desktop/UCSB/ucsb_classes/w26/cs293G/joern/benchmarks/juliet/manifests/stage_b_clamp_transform_manifest.json
B,CWE121_Stack_Based_Buffer_Overflow/s01/CWE121_Stack_Based_Buffer_Overflow__CWE129_listen_socket_22b.c,98,76,rewritten,CWE121_Stack_Based_Buffer_Overflow__CWE129_listen_socket_22_goodB2G1Sink,clamp_good_CWE121_Stack_Based_Buffer_Overflow__CWE129_listen_socket_22_goodB2G1Sink_76,clamp_good_CWE121_Stack_Based_Buffer_Overflow__CWE129_listen_socket_22_goodB2G1Sink_76,sanitizer,CWE121,22,c,/Users/saqif/Desktop/UCSB/ucsb_classes/w26/cs293G/joern/benchmarks/juliet/manifests/stage_b_clamp_transform_manifest.json
B,CWE121_Stack_Based_Buffer_Overflow/s01/CWE121_Stack_Based_Buffer_Overflow__CWE129_listen_socket_22b.c,124,102,rewritten,CWE121_Stack_Based_Buffer_Overflow__CWE129_listen_socket_22_goodB2G2Sink,clamp_good_CWE121_Stack_Based_Buffer_Overflow__CWE129_listen_socket_22_goodB2G2Sink_102,clamp_good_CWE121_Stack_Based_Buffer_Overflow__CWE129_listen_socket_22_goodB2G2Sink_102,sanitizer,CWE121,22,c,/Users/saqif/Desktop/UCSB/ucsb_classes/w26/cs293G/joern/benchmarks/juliet/manifests/stage_b_clamp_transform_manifest.json
B,CWE121_Stack_Based_Buffer_Overflow/s01/CWE121_Stack_Based_Buffer_Overflow__CWE129_listen_socket_41.c,33,53,rewritten,badSink,clamp_bad_badSink_53,clamp_bad_badSink_53,non_sanitizer,CWE121,41,c,/Users/saqif/Desktop/UCSB/ucsb_classes/w26/cs293G/joern/benchmarks/juliet/manifests/stage_b_clamp_transform_manifest.json
B,CWE121_Stack_Based_Buffer_Overflow/s01/CWE121_Stack_Based_Buffer_Overflow__CWE129_listen_socket_41.c,213,192,rewritten,goodB2GSink,clamp_good_goodB2GSink_192,clamp_good_goodB2GSink_192,sanitizer,CWE121,41,c,/Users/saqif/Desktop/UCSB/ucsb_classes/w26/cs293G/joern/benchmarks/juliet/manifests/stage_b_clamp_transform_manifest.json
B,CWE121_Stack_Based_Buffer_Overflow/s01/CWE121_Stack_Based_Buffer_Overflow__CWE129_listen_socket_42.c,152,131,rewritten,CWE121_Stack_Based_Buffer_Overflow__CWE129_listen_socket_42_bad,clamp_bad_CWE121_Stack_Based_Buffer_Overflow__CWE129_listen_socket_42_bad_131,clamp_bad_CWE121_Stack_Based_Buffer_Overflow__CWE129_listen_socket_42_bad_131,non_sanitizer,CWE121,42,c,/Users/saqif/Desktop/UCSB/ucsb_classes/w26/cs293G/joern/benchmarks/juliet/manifests/stage_b_clamp_transform_manifest.json
B,CWE121_Stack_Based_Buffer_Overflow/s01/CWE121_Stack_Based_Buffer_Overflow__CWE129_listen_socket_42.c,293,272,rewritten,goodB2G,clamp_good_goodB2G_272,clamp_good_goodB2G_272,sanitizer,CWE121,42,c,/Users/saqif/Desktop/UCSB/ucsb_classes/w26/cs293G/joern/benchmarks/juliet/manifests/stage_b_clamp_transform_manifest.json
B,CWE121_Stack_Based_Buffer_Overflow/s01/CWE121_Stack_Based_Buffer_Overflow__CWE129_listen_socket_43.cpp,154,133,rewritten,bad,clamp_bad_bad_133,clamp_bad_bad_133,non_sanitizer,CWE121,43,cpp,/Users/saqif/Desktop/UCSB/ucsb_classes/w26/cs293G/joern/benchmarks/juliet/manifests/stage_b_clamp_transform_manifest.json
B,CWE121_Stack_Based_Buffer_Overflow/s01/CWE121_Stack_Based_Buffer_Overflow__CWE129_listen_socket_43.cpp,293,272,rewritten,goodB2G,clamp_good_goodB2G_272,clamp_good_goodB2G_272,sanitizer,CWE121,43,cpp,/Users/saqif/Desktop/UCSB/ucsb_classes/w26/cs293G/joern/benchmarks/juliet/manifests/stage_b_clamp_transform_manifest.json
B,CWE121_Stack_Based_Buffer_Overflow/s01/CWE121_Stack_Based_Buffer_Overflow__CWE129_listen_socket_44.c,33,53,rewritten,badSink,clamp_bad_badSink_53,clamp_bad_badSink_53,non_sanitizer,CWE121,44,c,/Users/saqif/Desktop/UCSB/ucsb_classes/w26/cs293G/joern/benchmarks/juliet/manifests/stage_b_clamp_transform_manifest.json
B,CWE121_Stack_Based_Buffer_Overflow/s01/CWE121_Stack_Based_Buffer_Overflow__CWE129_listen_socket_44.c,217,196,rewritten,goodB2GSink,clamp_good_goodB2GSink_196,clamp_good_goodB2GSink_196,sanitizer,CWE121,44,c,/Users/saqif/Desktop/UCSB/ucsb_classes/w26/cs293G/joern/benchmarks/juliet/manifests/stage_b_clamp_transform_manifest.json
B,CWE121_Stack_Based_Buffer_Overflow/s01/CWE121_Stack_Based_Buffer_Overflow__CWE129_listen_socket_45.c,79,58,rewritten,badSink,clamp_bad_badSink_58,clamp_bad_badSink_58,non_sanitizer,CWE121,45,c,/Users/saqif/Desktop/UCSB/ucsb_classes/w26/cs293G/joern/benchmarks/juliet/manifests/stage_b_clamp_transform_manifest.json
B,CWE121_Stack_Based_Buffer_Overflow/s01/CWE121_Stack_Based_Buffer_Overflow__CWE129_listen_socket_45.c,222,201,rewritten,goodB2GSink,clamp_good_goodB2GSink_201,clamp_good_goodB2GSink_201,sanitizer,CWE121,45,c,/Users/saqif/Desktop/UCSB/ucsb_classes/w26/cs293G/joern/benchmarks/juliet/manifests/stage_b_clamp_transform_manifest.json
B,CWE121_Stack_Based_Buffer_Overflow/s01/CWE121_Stack_Based_Buffer_Overflow__CWE129_rand_02.c,20,41,rewritten,CWE121_Stack_Based_Buffer_Overflow__CWE129_rand_02_bad,clamp_bad_CWE121_Stack_Based_Buffer_Overflow__CWE129_rand_02_bad_41,clamp_bad_CWE121_Stack_Based_Buffer_Overflow__CWE129_rand_02_bad_41,non_sanitizer,CWE121,02,c,/Users/saqif/Desktop/UCSB/ucsb_classes/w26/cs293G/joern/benchmarks/juliet/manifests/stage_b_clamp_transform_manifest.json
B,CWE121_Stack_Based_Buffer_Overflow/s01/CWE121_Stack_Based_Buffer_Overflow__CWE129_rand_02.c,115,84,rewritten,goodB2G1,clamp_good_goodB2G1_84,clamp_good_goodB2G1_84,sanitizer,CWE121,02,c,/Users/saqif/Desktop/UCSB/ucsb_classes/w26/cs293G/joern/benchmarks/juliet/manifests/stage_b_clamp_transform_manifest.json
B,CWE121_Stack_Based_Buffer_Overflow/s01/CWE121_Stack_Based_Buffer_Overflow__CWE129_rand_02.c,149,118,rewritten,goodB2G2,clamp_good_goodB2G2_118,clamp_good_goodB2G2_118,sanitizer,CWE121,02,c,/Users/saqif/Desktop/UCSB/ucsb_classes/w26/cs293G/joern/benchmarks/juliet/manifests/stage_b_clamp_transform_manifest.json
B,CWE121_Stack_Based_Buffer_Overflow/s01/CWE121_Stack_Based_Buffer_Overflow__CWE129_rand_03.c,20,41,rewritten,CWE121_Stack_Based_Buffer_Overflow__CWE129_rand_03_bad,clamp_bad_CWE121_Stack_Based_Buffer_Overflow__CWE129_rand_03_bad_41,clamp_bad_CWE121_Stack_Based_Buffer_Overflow__CWE129_rand_03_bad_41,non_sanitizer,CWE121,03,c,/Users/saqif/Desktop/UCSB/ucsb_classes/w26/cs293G/joern/benchmarks/juliet/manifests/stage_b_clamp_transform_manifest.json
B,CWE121_Stack_Based_Buffer_Overflow/s01/CWE121_Stack_Based_Buffer_Overflow__CWE129_rand_03.c,115,84,rewritten,goodB2G1,clamp_good_goodB2G1_84,clamp_good_goodB2G1_84,sanitizer,CWE121,03,c,/Users/saqif/Desktop/UCSB/ucsb_classes/w26/cs293G/joern/benchmarks/juliet/manifests/stage_b_clamp_transform_manifest.json
B,CWE121_Stack_Based_Buffer_Overflow/s01/CWE121_Stack_Based_Buffer_Overflow__CWE129_rand_03.c,149,118,rewritten,goodB2G2,clamp_good_goodB2G2_118,clamp_good_goodB2G2_118,sanitizer,CWE121,03,c,/Users/saqif/Desktop/UCSB/ucsb_classes/w26/cs293G/joern/benchmarks/juliet/manifests/stage_b_clamp_transform_manifest.json
B,CWE121_Stack_Based_Buffer_Overflow/s01/CWE121_Stack_Based_Buffer_Overflow__CWE129_rand_04.c,20,47,rewritten,CWE121_Stack_Based_Buffer_Overflow__CWE129_rand_04_bad,clamp_bad_CWE121_Stack_Based_Buffer_Overflow__CWE129_rand_04_bad_47,clamp_bad_CWE121_Stack_Based_Buffer_Overflow__CWE129_rand_04_bad_47,non_sanitizer,CWE121,04,c,/Users/saqif/Desktop/UCSB/ucsb_classes/w26/cs293G/joern/benchmarks/juliet/manifests/stage_b_clamp_transform_manifest.json
B,CWE121_Stack_Based_Buffer_Overflow/s01/CWE121_Stack_Based_Buffer_Overflow__CWE129_rand_04.c,121,90,rewritten,goodB2G1,clamp_good_goodB2G1_90,clamp_good_goodB2G1_90,sanitizer,CWE121,04,c,/Users/saqif/Desktop/UCSB/ucsb_classes/w26/cs293G/joern/benchmarks/juliet/manifests/stage_b_clamp_transform_manifest.json
B,CWE121_Stack_Based_Buffer_Overflow/s01/CWE121_Stack_Based_Buffer_Overflow__CWE129_rand_04.c,155,124,rewritten,goodB2G2,clamp_good_goodB2G2_124,clamp_good_goodB2G2_124,sanitizer,CWE121,04,c,/Users/saqif/Desktop/UCSB/ucsb_classes/w26/cs293G/joern/benchmarks/juliet/manifests/stage_b_clamp_transform_manifest.json
B,CWE121_Stack_Based_Buffer_Overflow/s01/CWE121_Stack_Based_Buffer_Overflow__CWE129_rand_05.c,20,47,rewritten,CWE121_Stack_Based_Buffer_Overflow__CWE129_rand_05_bad,clamp_bad_CWE121_Stack_Based_Buffer_Overflow__CWE129_rand_05_bad_47,clamp_bad_CWE121_Stack_Based_Buffer_Overflow__CWE129_rand_05_bad_47,non_sanitizer,CWE121,05,c,/Users/saqif/Desktop/UCSB/ucsb_classes/w26/cs293G/joern/benchmarks/juliet/manifests/stage_b_clamp_transform_manifest.json
B,CWE121_Stack_Based_Buffer_Overflow/s01/CWE121_Stack_Based_Buffer_Overflow__CWE129_rand_05.c,121,90,rewritten,goodB2G1,clamp_good_goodB2G1_90,clamp_good_goodB2G1_90,sanitizer,CWE121,05,c,/Users/saqif/Desktop/UCSB/ucsb_classes/w26/cs293G/joern/benchmarks/juliet/manifests/stage_b_clamp_transform_manifest.json
B,CWE121_Stack_Based_Buffer_Overflow/s01/CWE121_Stack_Based_Buffer_Overflow__CWE129_rand_05.c,155,124,rewritten,goodB2G2,clamp_good_goodB2G2_124,clamp_good_goodB2G2_124,sanitizer,CWE121,05,c,/Users/saqif/Desktop/UCSB/ucsb_classes/w26/cs293G/joern/benchmarks/juliet/manifests/stage_b_clamp_transform_manifest.json
B,CWE121_Stack_Based_Buffer_Overflow/s01/CWE121_Stack_Based_Buffer_Overflow__CWE129_rand_06.c,20,46,rewritten,CWE121_Stack_Based_Buffer_Overflow__CWE129_rand_06_bad,clamp_bad_CWE121_Stack_Based_Buffer_Overflow__CWE129_rand_06_bad_46,clamp_bad_CWE121_Stack_Based_Buffer_Overflow__CWE129_rand_06_bad_46,non_sanitizer,CWE121,06,c,/Users/saqif/Desktop/UCSB/ucsb_classes/w26/cs293G/joern/benchmarks/juliet/manifests/stage_b_clamp_transform_manifest.json
B,CWE121_Stack_Based_Buffer_Overflow/s01/CWE121_Stack_Based_Buffer_Overflow__CWE129_rand_06.c,120,89,rewritten,goodB2G1,clamp_good_goodB2G1_89,clamp_good_goodB2G1_89,sanitizer,CWE121,06,c,/Users/saqif/Desktop/UCSB/ucsb_classes/w26/cs293G/joern/benchmarks/juliet/manifests/stage_b_clamp_transform_manifest.json
B,CWE121_Stack_Based_Buffer_Overflow/s01/CWE121_Stack_Based_Buffer_Overflow__CWE129_rand_06.c,154,123,rewritten,goodB2G2,clamp_good_goodB2G2_123,clamp_good_goodB2G2_123,sanitizer,CWE121,06,c,/Users/saqif/Desktop/UCSB/ucsb_classes/w26/cs293G/joern/benchmarks/juliet/manifests/stage_b_clamp_transform_manifest.json
B,CWE121_Stack_Based_Buffer_Overflow/s01/CWE121_Stack_Based_Buffer_Overflow__CWE129_rand_07.c,20,46,rewritten,CWE121_Stack_Based_Buffer_Overflow__CWE129_rand_07_bad,clamp_bad_CWE121_Stack_Based_Buffer_Overflow__CWE129_rand_07_bad_46,clamp_bad_CWE121_Stack_Based_Buffer_Overflow__CWE129_rand_07_bad_46,non_sanitizer,CWE121,07,c,/Users/saqif/Desktop/UCSB/ucsb_classes/w26/cs293G/joern/benchmarks/juliet/manifests/stage_b_clamp_transform_manifest.json
B,CWE121_Stack_Based_Buffer_Overflow/s01/CWE121_Stack_Based_Buffer_Overflow__CWE129_rand_07.c,120,89,rewritten,goodB2G1,clamp_good_goodB2G1_89,clamp_good_goodB2G1_89,sanitizer,CWE121,07,c,/Users/saqif/Desktop/UCSB/ucsb_classes/w26/cs293G/joern/benchmarks/juliet/manifests/stage_b_clamp_transform_manifest.json
B,CWE121_Stack_Based_Buffer_Overflow/s01/CWE121_Stack_Based_Buffer_Overflow__CWE129_rand_07.c,154,123,rewritten,goodB2G2,clamp_good_goodB2G2_123,clamp_good_goodB2G2_123,sanitizer,CWE121,07,c,/Users/saqif/Desktop/UCSB/ucsb_classes/w26/cs293G/joern/benchmarks/juliet/manifests/stage_b_clamp_transform_manifest.json
B,CWE121_Stack_Based_Buffer_Overflow/s01/CWE121_Stack_Based_Buffer_Overflow__CWE129_rand_08.c,85,54,rewritten,CWE121_Stack_Based_Buffer_Overflow__CWE129_rand_08_bad,clamp_bad_CWE121_Stack_Based_Buffer_Overflow__CWE129_rand_08_bad_54,clamp_bad_CWE121_Stack_Based_Buffer_Overflow__CWE129_rand_08_bad_54,non_sanitizer,CWE121,08,c,/Users/saqif/Desktop/UCSB/ucsb_classes/w26/cs293G/joern/benchmarks/juliet/manifests/stage_b_clamp_transform_manifest.json
B,CWE121_Stack_Based_Buffer_Overflow/s01/CWE121_Stack_Based_Buffer_Overflow__CWE129_rand_08.c,128,97,rewritten,goodB2G1,clamp_good_goodB2G1_97,clamp_good_goodB2G1_97,sanitizer,CWE121,08,c,/Users/saqif/Desktop/UCSB/ucsb_classes/w26/cs293G/joern/benchmarks/juliet/manifests/stage_b_clamp_transform_manifest.json
B,CWE121_Stack_Based_Buffer_Overflow/s01/CWE121_Stack_Based_Buffer_Overflow__CWE129_rand_08.c,162,131,rewritten,goodB2G2,clamp_good_goodB2G2_131,clamp_good_goodB2G2_131,sanitizer,CWE121,08,c,/Users/saqif/Desktop/UCSB/ucsb_classes/w26/cs293G/joern/benchmarks/juliet/manifests/stage_b_clamp_transform_manifest.json
B,CWE121_Stack_Based_Buffer_Overflow/s01/CWE121_Stack_Based_Buffer_Overflow__CWE129_rand_09.c,20,41,rewritten,CWE121_Stack_Based_Buffer_Overflow__CWE129_rand_09_bad,clamp_bad_CWE121_Stack_Based_Buffer_Overflow__CWE129_rand_09_bad_41,clamp_bad_CWE121_Stack_Based_Buffer_Overflow__CWE129_rand_09_bad_41,non_sanitizer,CWE121,09,c,/Users/saqif/Desktop/UCSB/ucsb_classes/w26/cs293G/joern/benchmarks/juliet/manifests/stage_b_clamp_transform_manifest.json
B,CWE121_Stack_Based_Buffer_Overflow/s01/CWE121_Stack_Based_Buffer_Overflow__CWE129_rand_09.c,115,84,rewritten,goodB2G1,clamp_good_goodB2G1_84,clamp_good_goodB2G1_84,sanitizer,CWE121,09,c,/Users/saqif/Desktop/UCSB/ucsb_classes/w26/cs293G/joern/benchmarks/juliet/manifests/stage_b_clamp_transform_manifest.json
B,CWE121_Stack_Based_Buffer_Overflow/s01/CWE121_Stack_Based_Buffer_Overflow__CWE129_rand_09.c,149,118,rewritten,goodB2G2,clamp_good_goodB2G2_118,clamp_good_goodB2G2_118,sanitizer,CWE121,09,c,/Users/saqif/Desktop/UCSB/ucsb_classes/w26/cs293G/joern/benchmarks/juliet/manifests/stage_b_clamp_transform_manifest.json
B,CWE121_Stack_Based_Buffer_Overflow/s01/CWE121_Stack_Based_Buffer_Overflow__CWE129_rand_10.c,20,41,rewritten,CWE121_Stack_Based_Buffer_Overflow__CWE129_rand_10_bad,clamp_bad_CWE121_Stack_Based_Buffer_Overflow__CWE129_rand_10_bad_41,clamp_bad_CWE121_Stack_Based_Buffer_Overflow__CWE129_rand_10_bad_41,non_sanitizer,CWE121,10,c,/Users/saqif/Desktop/UCSB/ucsb_classes/w26/cs293G/joern/benchmarks/juliet/manifests/stage_b_clamp_transform_manifest.json
B,CWE121_Stack_Based_Buffer_Overflow/s01/CWE121_Stack_Based_Buffer_Overflow__CWE129_rand_10.c,115,84,rewritten,goodB2G1,clamp_good_goodB2G1_84,clamp_good_goodB2G1_84,sanitizer,CWE121,10,c,/Users/saqif/Desktop/UCSB/ucsb_classes/w26/cs293G/joern/benchmarks/juliet/manifests/stage_b_clamp_transform_manifest.json
B,CWE121_Stack_Based_Buffer_Overflow/s01/CWE121_Stack_Based_Buffer_Overflow__CWE129_rand_10.c,149,118,rewritten,goodB2G2,clamp_good_goodB2G2_118,clamp_good_goodB2G2_118,sanitizer,CWE121,10,c,/Users/saqif/Desktop/UCSB/ucsb_classes/w26/cs293G/joern/benchmarks/juliet/manifests/stage_b_clamp_transform_manifest.json
B,CWE121_Stack_Based_Buffer_Overflow/s01/CWE121_Stack_Based_Buffer_Overflow__CWE129_rand_11.c,20,41,rewritten,CWE121_Stack_Based_Buffer_Overflow__CWE129_rand_11_bad,clamp_bad_CWE121_Stack_Based_Buffer_Overflow__CWE129_rand_11_bad_41,clamp_bad_CWE121_Stack_Based_Buffer_Overflow__CWE129_rand_11_bad_41,non_sanitizer,CWE121,11,c,/Users/saqif/Desktop/UCSB/ucsb_classes/w26/cs293G/joern/benchmarks/juliet/manifests/stage_b_clamp_transform_manifest.json
B,CWE121_Stack_Based_Buffer_Overflow/s01/CWE121_Stack_Based_Buffer_Overflow__CWE129_rand_11.c,115,84,rewritten,goodB2G1,clamp_good_goodB2G1_84,clamp_good_goodB2G1_84,sanitizer,CWE121,11,c,/Users/saqif/Desktop/UCSB/ucsb_classes/w26/cs293G/joern/benchmarks/juliet/manifests/stage_b_clamp_transform_manifest.json
B,CWE121_Stack_Based_Buffer_Overflow/s01/CWE121_Stack_Based_Buffer_Overflow__CWE129_rand_11.c,149,118,rewritten,goodB2G2,clamp_good_goodB2G2_118,clamp_good_goodB2G2_118,sanitizer,CWE121,11,c,/Users/saqif/Desktop/UCSB/ucsb_classes/w26/cs293G/joern/benchmarks/juliet/manifests/stage_b_clamp_transform_manifest.json
B,CWE121_Stack_Based_Buffer_Overflow/s01/CWE121_Stack_Based_Buffer_Overflow__CWE129_rand_12.c,68,47,rewritten,CWE121_Stack_Based_Buffer_Overflow__CWE129_rand_12_bad,clamp_bad_CWE121_Stack_Based_Buffer_Overflow__CWE129_rand_12_bad_47,clamp_bad_CWE121_Stack_Based_Buffer_Overflow__CWE129_rand_12_bad_47,non_sanitizer,CWE121,12,c,/Users/saqif/Desktop/UCSB/ucsb_classes/w26/cs293G/joern/benchmarks/juliet/manifests/stage_b_clamp_transform_manifest.json
B,CWE121_Stack_Based_Buffer_Overflow/s01/CWE121_Stack_Based_Buffer_Overflow__CWE129_rand_12.c,134,113,rewritten,goodB2G,clamp_good_goodB2G_113,clamp_good_goodB2G_113,sanitizer,CWE121,12,c,/Users/saqif/Desktop/UCSB/ucsb_classes/w26/cs293G/joern/benchmarks/juliet/manifests/stage_b_clamp_transform_manifest.json
B,CWE121_Stack_Based_Buffer_Overflow/s01/CWE121_Stack_Based_Buffer_Overflow__CWE129_rand_13.c,20,41,rewritten,CWE121_Stack_Based_Buffer_Overflow__CWE129_rand_13_bad,clamp_bad_CWE121_Stack_Based_Buffer_Overflow__CWE129_rand_13_bad_41,clamp_bad_CWE121_Stack_Based_Buffer_Overflow__CWE129_rand_13_bad_41,non_sanitizer,CWE121,13,c,/Users/saqif/Desktop/UCSB/ucsb_classes/w26/cs293G/joern/benchmarks/juliet/manifests/stage_b_clamp_transform_manifest.json
B,CWE121_Stack_Based_Buffer_Overflow/s01/CWE121_Stack_Based_Buffer_Overflow__CWE129_rand_13.c,115,84,rewritten,goodB2G1,clamp_good_goodB2G1_84,clamp_good_goodB2G1_84,sanitizer,CWE121,13,c,/Users/saqif/Desktop/UCSB/ucsb_classes/w26/cs293G/joern/benchmarks/juliet/manifests/stage_b_clamp_transform_manifest.json
B,CWE121_Stack_Based_Buffer_Overflow/s01/CWE121_Stack_Based_Buffer_Overflow__CWE129_rand_13.c,149,118,rewritten,goodB2G2,clamp_good_goodB2G2_118,clamp_good_goodB2G2_118,sanitizer,CWE121,13,c,/Users/saqif/Desktop/UCSB/ucsb_classes/w26/cs293G/joern/benchmarks/juliet/manifests/stage_b_clamp_transform_manifest.json
B,CWE121_Stack_Based_Buffer_Overflow/s01/CWE121_Stack_Based_Buffer_Overflow__CWE129_rand_14.c,20,41,rewritten,CWE121_Stack_Based_Buffer_Overflow__CWE129_rand_14_bad,clamp_bad_CWE121_Stack_Based_Buffer_Overflow__CWE129_rand_14_bad_41,clamp_bad_CWE121_Stack_Based_Buffer_Overflow__CWE129_rand_14_bad_41,non_sanitizer,CWE121,14,c,/Users/saqif/Desktop/UCSB/ucsb_classes/w26/cs293G/joern/benchmarks/juliet/manifests/stage_b_clamp_transform_manifest.json
B,CWE121_Stack_Based_Buffer_Overflow/s01/CWE121_Stack_Based_Buffer_Overflow__CWE129_rand_14.c,115,84,rewritten,goodB2G1,clamp_good_goodB2G1_84,clamp_good_goodB2G1_84,sanitizer,CWE121,14,c,/Users/saqif/Desktop/UCSB/ucsb_classes/w26/cs293G/joern/benchmarks/juliet/manifests/stage_b_clamp_transform_manifest.json
B,CWE121_Stack_Based_Buffer_Overflow/s01/CWE121_Stack_Based_Buffer_Overflow__CWE129_rand_14.c,149,118,rewritten,goodB2G2,clamp_good_goodB2G2_118,clamp_good_goodB2G2_118,sanitizer,CWE121,14,c,/Users/saqif/Desktop/UCSB/ucsb_classes/w26/cs293G/joern/benchmarks/juliet/manifests/stage_b_clamp_transform_manifest.json
B,CWE121_Stack_Based_Buffer_Overflow/s01/CWE121_Stack_Based_Buffer_Overflow__CWE129_rand_15.c,20,48,rewritten,CWE121_Stack_Based_Buffer_Overflow__CWE129_rand_15_bad,clamp_bad_CWE121_Stack_Based_Buffer_Overflow__CWE129_rand_15_bad_48,clamp_bad_CWE121_Stack_Based_Buffer_Overflow__CWE129_rand_15_bad_48,non_sanitizer,CWE121,15,c,/Users/saqif/Desktop/UCSB/ucsb_classes/w26/cs293G/joern/benchmarks/juliet/manifests/stage_b_clamp_transform_manifest.json
B,CWE121_Stack_Based_Buffer_Overflow/s01/CWE121_Stack_Based_Buffer_Overflow__CWE129_rand_15.c,133,102,rewritten,goodB2G1,clamp_good_goodB2G1_102,clamp_good_goodB2G1_102,sanitizer,CWE121,15,c,/Users/saqif/Desktop/UCSB/ucsb_classes/w26/cs293G/joern/benchmarks/juliet/manifests/stage_b_clamp_transform_manifest.json
B,CWE121_Stack_Based_Buffer_Overflow/s01/CWE121_Stack_Based_Buffer_Overflow__CWE129_rand_15.c,175,144,rewritten,goodB2G2,clamp_good_goodB2G2_144,clamp_good_goodB2G2_144,sanitizer,CWE121,15,c,/Users/saqif/Desktop/UCSB/ucsb_classes/w26/cs293G/joern/benchmarks/juliet/manifests/stage_b_clamp_transform_manifest.json
B,CWE121_Stack_Based_Buffer_Overflow/s01/CWE121_Stack_Based_Buffer_Overflow__CWE129_rand_16.c,63,42,rewritten,CWE121_Stack_Based_Buffer_Overflow__CWE129_rand_16_bad,clamp_bad_CWE121_Stack_Based_Buffer_Overflow__CWE129_rand_16_bad_42,clamp_bad_CWE121_Stack_Based_Buffer_Overflow__CWE129_rand_16_bad_42,non_sanitizer,CWE121,16,c,/Users/saqif/Desktop/UCSB/ucsb_classes/w26/cs293G/joern/benchmarks/juliet/manifests/stage_b_clamp_transform_manifest.json
B,CWE121_Stack_Based_Buffer_Overflow/s01/CWE121_Stack_Based_Buffer_Overflow__CWE129_rand_16.c,103,82,rewritten,goodB2G,clamp_good_goodB2G_82,clamp_good_goodB2G_82,sanitizer,CWE121,16,c,/Users/saqif/Desktop/UCSB/ucsb_classes/w26/cs293G/joern/benchmarks/juliet/manifests/stage_b_clamp_transform_manifest.json
B,CWE121_Stack_Based_Buffer_Overflow/s01/CWE121_Stack_Based_Buffer_Overflow__CWE129_rand_17.c,63,42,rewritten,CWE121_Stack_Based_Buffer_Overflow__CWE129_rand_17_bad,clamp_bad_CWE121_Stack_Based_Buffer_Overflow__CWE129_rand_17_bad_42,clamp_bad_CWE121_Stack_Based_Buffer_Overflow__CWE129_rand_17_bad_42,non_sanitizer,CWE121,17,c,/Users/saqif/Desktop/UCSB/ucsb_classes/w26/cs293G/joern/benchmarks/juliet/manifests/stage_b_clamp_transform_manifest.json
B,CWE121_Stack_Based_Buffer_Overflow/s01/CWE121_Stack_Based_Buffer_Overflow__CWE129_rand_17.c,102,81,rewritten,goodB2G,clamp_good_goodB2G_81,clamp_good_goodB2G_81,sanitizer,CWE121,17,c,/Users/saqif/Desktop/UCSB/ucsb_classes/w26/cs293G/joern/benchmarks/juliet/manifests/stage_b_clamp_transform_manifest.json
B,CWE121_Stack_Based_Buffer_Overflow/s01/CWE121_Stack_Based_Buffer_Overflow__CWE129_rand_18.c,20,40,rewritten,CWE121_Stack_Based_Buffer_Overflow__CWE129_rand_18_bad,clamp_bad_CWE121_Stack_Based_Buffer_Overflow__CWE129_rand_18_bad_40,clamp_bad_CWE121_Stack_Based_Buffer_Overflow__CWE129_rand_18_bad_40,non_sanitizer,CWE121,18,c,/Users/saqif/Desktop/UCSB/ucsb_classes/w26/cs293G/joern/benchmarks/juliet/manifests/stage_b_clamp_transform_manifest.json
B,CWE121_Stack_Based_Buffer_Overflow/s01/CWE121_Stack_Based_Buffer_Overflow__CWE129_rand_18.c,97,76,rewritten,goodB2G,clamp_good_goodB2G_76,clamp_good_goodB2G_76,sanitizer,CWE121,18,c,/Users/saqif/Desktop/UCSB/ucsb_classes/w26/cs293G/joern/benchmarks/juliet/manifests/stage_b_clamp_transform_manifest.json
B,CWE121_Stack_Based_Buffer_Overflow/s01/CWE121_Stack_Based_Buffer_Overflow__CWE129_rand_21.c,20,36,rewritten,badSink,clamp_bad_badSink_36,clamp_bad_badSink_36,non_sanitizer,CWE121,21,c,/Users/saqif/Desktop/UCSB/ucsb_classes/w26/cs293G/joern/benchmarks/juliet/manifests/stage_b_clamp_transform_manifest.json
B,CWE121_Stack_Based_Buffer_Overflow/s01/CWE121_Stack_Based_Buffer_Overflow__CWE129_rand_21.c,118,87,rewritten,goodB2G1Sink,clamp_good_goodB2G1Sink_87,clamp_good_goodB2G1Sink_87,sanitizer,CWE121,21,c,/Users/saqif/Desktop/UCSB/ucsb_classes/w26/cs293G/joern/benchmarks/juliet/manifests/stage_b_clamp_transform_manifest.json
B,CWE121_Stack_Based_Buffer_Overflow/s01/CWE121_Stack_Based_Buffer_Overflow__CWE129_rand_21.c,155,124,rewritten,goodB2G2Sink,clamp_good_goodB2G2Sink_124,clamp_good_goodB2G2Sink_124,sanitizer,CWE121,21,c,/Users/saqif/Desktop/UCSB/ucsb_classes/w26/cs293G/joern/benchmarks/juliet/manifests/stage_b_clamp_transform_manifest.json
B,CWE121_Stack_Based_Buffer_Overflow/s01/CWE121_Stack_Based_Buffer_Overflow__CWE129_rand_22b.c,98,76,rewritten,CWE121_Stack_Based_Buffer_Overflow__CWE129_rand_22_goodB2G1Sink,clamp_good_CWE121_Stack_Based_Buffer_Overflow__CWE129_rand_22_goodB2G1Sink_76,clamp_good_CWE121_Stack_Based_Buffer_Overflow__CWE129_rand_22_goodB2G1Sink_76,sanitizer,CWE121,22,c,/Users/saqif/Desktop/UCSB/ucsb_classes/w26/cs293G/joern/benchmarks/juliet/manifests/stage_b_clamp_transform_manifest.json
B,CWE121_Stack_Based_Buffer_Overflow/s01/CWE121_Stack_Based_Buffer_Overflow__CWE129_rand_22b.c,124,102,rewritten,CWE121_Stack_Based_Buffer_Overflow__CWE129_rand_22_goodB2G2Sink,clamp_good_CWE121_Stack_Based_Buffer_Overflow__CWE129_rand_22_goodB2G2Sink_102,clamp_good_CWE121_Stack_Based_Buffer_Overflow__CWE129_rand_22_goodB2G2Sink_102,sanitizer,CWE121,22,c,/Users/saqif/Desktop/UCSB/ucsb_classes/w26/cs293G/joern/benchmarks/juliet/manifests/stage_b_clamp_transform_manifest.json
B,CWE121_Stack_Based_Buffer_Overflow/s01/CWE121_Stack_Based_Buffer_Overflow__CWE129_rand_31.c,20,39,rewritten,CWE121_Stack_Based_Buffer_Overflow__CWE129_rand_31_bad,clamp_bad_CWE121_Stack_Based_Buffer_Overflow__CWE129_rand_31_bad_39,clamp_bad_CWE121_Stack_Based_Buffer_Overflow__CWE129_rand_31_bad_39,non_sanitizer,CWE121,31,c,/Users/saqif/Desktop/UCSB/ucsb_classes/w26/cs293G/joern/benchmarks/juliet/manifests/stage_b_clamp_transform_manifest.json
B,CWE121_Stack_Based_Buffer_Overflow/s01/CWE121_Stack_Based_Buffer_Overflow__CWE129_rand_31.c,130,109,rewritten,goodB2G,clamp_good_goodB2G_109,clamp_good_goodB2G_109,sanitizer,CWE121,31,c,/Users/saqif/Desktop/UCSB/ucsb_classes/w26/cs293G/joern/benchmarks/juliet/manifests/stage_b_clamp_transform_manifest.json
B,CWE121_Stack_Based_Buffer_Overflow/s01/CWE121_Stack_Based_Buffer_Overflow__CWE129_rand_32.c,65,44,rewritten,CWE121_Stack_Based_Buffer_Overflow__CWE129_rand_32_bad,clamp_bad_CWE121_Stack_Based_Buffer_Overflow__CWE129_rand_32_bad_44,clamp_bad_CWE121_Stack_Based_Buffer_Overflow__CWE129_rand_32_bad_44,non_sanitizer,CWE121,32,c,/Users/saqif/Desktop/UCSB/ucsb_classes/w26/cs293G/joern/benchmarks/juliet/manifests/stage_b_clamp_transform_manifest.json
B,CWE121_Stack_Based_Buffer_Overflow/s01/CWE121_Stack_Based_Buffer_Overflow__CWE129_rand_32.c,145,124,rewritten,goodB2G,clamp_good_goodB2G_124,clamp_good_goodB2G_124,sanitizer,CWE121,32,c,/Users/saqif/Desktop/UCSB/ucsb_classes/w26/cs293G/joern/benchmarks/juliet/manifests/stage_b_clamp_transform_manifest.json
B,CWE121_Stack_Based_Buffer_Overflow/s01/CWE121_Stack_Based_Buffer_Overflow__CWE129_rand_33.cpp,63,42,rewritten,bad,clamp_bad_bad_42,clamp_bad_bad_42,non_sanitizer,CWE121,33,cpp,/Users/saqif/Desktop/UCSB/ucsb_classes/w26/cs293G/joern/benchmarks/juliet/manifests/stage_b_clamp_transform_manifest.json
B,CWE121_Stack_Based_Buffer_Overflow/s01/CWE121_Stack_Based_Buffer_Overflow__CWE129_rand_33.cpp,133,112,rewritten,goodB2G,clamp_good_goodB2G_112,clamp_good_goodB2G_112,sanitizer,CWE121,33,cpp,/Users/saqif/Desktop/UCSB/ucsb_classes/w26/cs293G/joern/benchmarks/juliet/manifests/stage_b_clamp_transform_manifest.json
B,CWE121_Stack_Based_Buffer_Overflow/s01/CWE121_Stack_Based_Buffer_Overflow__CWE129_rand_34.c,67,46,rewritten,CWE121_Stack_Based_Buffer_Overflow__CWE129_rand_34_bad,clamp_bad_CWE121_Stack_Based_Buffer_Overflow__CWE129_rand_34_bad_46,clamp_bad_CWE121_Stack_Based_Buffer_Overflow__CWE129_rand_34_bad_46,non_sanitizer,CWE121,34,c,/Users/saqif/Desktop/UCSB/ucsb_classes/w26/cs293G/joern/benchmarks/juliet/manifests/stage_b_clamp_transform_manifest.json
B,CWE121_Stack_Based_Buffer_Overflow/s01/CWE121_Stack_Based_Buffer_Overflow__CWE129_rand_34.c,139,118,rewritten,goodB2G,clamp_good_goodB2G_118,clamp_good_goodB2G_118,sanitizer,CWE121,34,c,/Users/saqif/Desktop/UCSB/ucsb_classes/w26/cs293G/joern/benchmarks/juliet/manifests/stage_b_clamp_transform_manifest.json
B,CWE121_Stack_Based_Buffer_Overflow/s01/CWE121_Stack_Based_Buffer_Overflow__CWE129_rand_41.c,20,31,rewritten,badSink,clamp_bad_badSink_31,clamp_bad_badSink_31,non_sanitizer,CWE121,41,c,/Users/saqif/Desktop/UCSB/ucsb_classes/w26/cs293G/joern/benchmarks/juliet/manifests/stage_b_clamp_transform_manifest.json
B,CWE121_Stack_Based_Buffer_Overflow/s01/CWE121_Stack_Based_Buffer_Overflow__CWE129_rand_41.c,124,103,rewritten,goodB2GSink,clamp_good_goodB2GSink_103,clamp_good_goodB2GSink_103,sanitizer,CWE121,41,c,/Users/saqif/Desktop/UCSB/ucsb_classes/w26/cs293G/joern/benchmarks/juliet/manifests/stage_b_clamp_transform_manifest.json
B,CWE121_Stack_Based_Buffer_Overflow/s01/CWE121_Stack_Based_Buffer_Overflow__CWE129_rand_42.c,63,42,rewritten,CWE121_Stack_Based_Buffer_Overflow__CWE129_rand_42_bad,clamp_bad_CWE121_Stack_Based_Buffer_Overflow__CWE129_rand_42_bad_42,clamp_bad_CWE121_Stack_Based_Buffer_Overflow__CWE129_rand_42_bad_42,non_sanitizer,CWE121,42,c,/Users/saqif/Desktop/UCSB/ucsb_classes/w26/cs293G/joern/benchmarks/juliet/manifests/stage_b_clamp_transform_manifest.json
B,CWE121_Stack_Based_Buffer_Overflow/s01/CWE121_Stack_Based_Buffer_Overflow__CWE129_rand_42.c,137,116,rewritten,goodB2G,clamp_good_goodB2G_116,clamp_good_goodB2G_116,sanitizer,CWE121,42,c,/Users/saqif/Desktop/UCSB/ucsb_classes/w26/cs293G/joern/benchmarks/juliet/manifests/stage_b_clamp_transform_manifest.json
B,CWE121_Stack_Based_Buffer_Overflow/s01/CWE121_Stack_Based_Buffer_Overflow__CWE129_rand_43.cpp,65,44,rewritten,bad,clamp_bad_bad_44,clamp_bad_bad_44,non_sanitizer,CWE121,43,cpp,/Users/saqif/Desktop/UCSB/ucsb_classes/w26/cs293G/joern/benchmarks/juliet/manifests/stage_b_clamp_transform_manifest.json
B,CWE121_Stack_Based_Buffer_Overflow/s01/CWE121_Stack_Based_Buffer_Overflow__CWE129_rand_43.cpp,137,116,rewritten,goodB2G,clamp_good_goodB2G_116,clamp_good_goodB2G_116,sanitizer,CWE121,43,cpp,/Users/saqif/Desktop/UCSB/ucsb_classes/w26/cs293G/joern/benchmarks/juliet/manifests/stage_b_clamp_transform_manifest.json
B,CWE121_Stack_Based_Buffer_Overflow/s01/CWE121_Stack_Based_Buffer_Overflow__CWE129_rand_44.c,20,31,rewritten,badSink,clamp_bad_badSink_31,clamp_bad_badSink_31,non_sanitizer,CWE121,44,c,/Users/saqif/Desktop/UCSB/ucsb_classes/w26/cs293G/joern/benchmarks/juliet/manifests/stage_b_clamp_transform_manifest.json
B,CWE121_Stack_Based_Buffer_Overflow/s01/CWE121_Stack_Based_Buffer_Overflow__CWE129_rand_44.c,128,107,rewritten,goodB2GSink,clamp_good_goodB2GSink_107,clamp_good_goodB2GSink_107,sanitizer,CWE121,44,c,/Users/saqif/Desktop/UCSB/ucsb_classes/w26/cs293G/joern/benchmarks/juliet/manifests/stage_b_clamp_transform_manifest.json
B,CWE121_Stack_Based_Buffer_Overflow/s01/CWE121_Stack_Based_Buffer_Overflow__CWE129_rand_45.c,20,36,rewritten,badSink,clamp_bad_badSink_36,clamp_bad_badSink_36,non_sanitizer,CWE121,45,c,/Users/saqif/Desktop/UCSB/ucsb_classes/w26/cs293G/joern/benchmarks/juliet/manifests/stage_b_clamp_transform_manifest.json
B,CWE121_Stack_Based_Buffer_Overflow/s01/CWE121_Stack_Based_Buffer_Overflow__CWE129_rand_45.c,133,112,rewritten,goodB2GSink,clamp_good_goodB2GSink_112,clamp_good_goodB2GSink_112,sanitizer,CWE121,45,c,/Users/saqif/Desktop/UCSB/ucsb_classes/w26/cs293G/joern/benchmarks/juliet/manifests/stage_b_clamp_transform_manifest.json
B,CWE121_Stack_Based_Buffer_Overflow/s06/CWE121_Stack_Based_Buffer_Overflow__CWE806_char_alloca_loop_02.c,51,41,rewritten,CWE121_Stack_Based_Buffer_Overflow__CWE806_char_alloca_loop_02_bad,clamp_bad_CWE121_Stack_Based_Buffer_Overflow__CWE806_char_alloca_loop_02_bad_41,clamp_bad_CWE121_Stack_Based_Buffer_Overflow__CWE806_char_alloca_loop_02_bad_41,non_sanitizer,CWE121,02,c,/Users/saqif/Desktop/UCSB/ucsb_classes/w26/cs293G/joern/benchmarks/juliet/manifests/stage_b_clamp_transform_manifest.json
B,CWE121_Stack_Based_Buffer_Overflow/s06/CWE121_Stack_Based_Buffer_Overflow__CWE806_char_alloca_loop_03.c,51,41,rewritten,CWE121_Stack_Based_Buffer_Overflow__CWE806_char_alloca_loop_03_bad,clamp_bad_CWE121_Stack_Based_Buffer_Overflow__CWE806_char_alloca_loop_03_bad_41,clamp_bad_CWE121_Stack_Based_Buffer_Overflow__CWE806_char_alloca_loop_03_bad_41,non_sanitizer,CWE121,03,c,/Users/saqif/Desktop/UCSB/ucsb_classes/w26/cs293G/joern/benchmarks/juliet/manifests/stage_b_clamp_transform_manifest.json
B,CWE121_Stack_Based_Buffer_Overflow/s06/CWE121_Stack_Based_Buffer_Overflow__CWE806_char_alloca_loop_04.c,58,48,rewritten,CWE121_Stack_Based_Buffer_Overflow__CWE806_char_alloca_loop_04_bad,clamp_bad_CWE121_Stack_Based_Buffer_Overflow__CWE806_char_alloca_loop_04_bad_48,clamp_bad_CWE121_Stack_Based_Buffer_Overflow__CWE806_char_alloca_loop_04_bad_48,non_sanitizer,CWE121,04,c,/Users/saqif/Desktop/UCSB/ucsb_classes/w26/cs293G/joern/benchmarks/juliet/manifests/stage_b_clamp_transform_manifest.json
B,CWE121_Stack_Based_Buffer_Overflow/s06/CWE121_Stack_Based_Buffer_Overflow__CWE806_char_alloca_loop_05.c,58,48,rewritten,CWE121_Stack_Based_Buffer_Overflow__CWE806_char_alloca_loop_05_bad,clamp_bad_CWE121_Stack_Based_Buffer_Overflow__CWE806_char_alloca_loop_05_bad_48,clamp_bad_CWE121_Stack_Based_Buffer_Overflow__CWE806_char_alloca_loop_05_bad_48,non_sanitizer,CWE121,05,c,/Users/saqif/Desktop/UCSB/ucsb_classes/w26/cs293G/joern/benchmarks/juliet/manifests/stage_b_clamp_transform_manifest.json
B,CWE121_Stack_Based_Buffer_Overflow/s06/CWE121_Stack_Based_Buffer_Overflow__CWE806_char_alloca_loop_06.c,55,45,rewritten,CWE121_Stack_Based_Buffer_Overflow__CWE806_char_alloca_loop_06_bad,clamp_bad_CWE121_Stack_Based_Buffer_Overflow__CWE806_char_alloca_loop_06_bad_45,clamp_bad_CWE121_Stack_Based_Buffer_Overflow__CWE806_char_alloca_loop_06_bad_45,non_sanitizer,CWE121,06,c,/Users/saqif/Desktop/UCSB/ucsb_classes/w26/cs293G/joern/benchmarks/juliet/manifests/stage_b_clamp_transform_manifest.json
B,CWE121_Stack_Based_Buffer_Overflow/s06/CWE121_Stack_Based_Buffer_Overflow__CWE806_char_alloca_loop_07.c,57,47,rewritten,CWE121_Stack_Based_Buffer_Overflow__CWE806_char_alloca_loop_07_bad,clamp_bad_CWE121_Stack_Based_Buffer_Overflow__CWE806_char_alloca_loop_07_bad_47,clamp_bad_CWE121_Stack_Based_Buffer_Overflow__CWE806_char_alloca_loop_07_bad_47,non_sanitizer,CWE121,07,c,/Users/saqif/Desktop/UCSB/ucsb_classes/w26/cs293G/joern/benchmarks/juliet/manifests/stage_b_clamp_transform_manifest.json
B,CWE121_Stack_Based_Buffer_Overflow/s06/CWE121_Stack_Based_Buffer_Overflow__CWE806_char_alloca_loop_08.c,65,55,rewritten,CWE121_Stack_Based_Buffer_Overflow__CWE806_char_alloca_loop_08_bad,clamp_bad_CWE121_Stack_Based_Buffer_Overflow__CWE806_char_alloca_loop_08_bad_55,clamp_bad_CWE121_Stack_Based_Buffer_Overflow__CWE806_char_alloca_loop_08_bad_55,non_sanitizer,CWE121,08,c,/Users/saqif/Desktop/UCSB/ucsb_classes/w26/cs293G/joern/benchmarks/juliet/manifests/stage_b_clamp_transform_manifest.json
B,CWE121_Stack_Based_Buffer_Overflow/s06/CWE121_Stack_Based_Buffer_Overflow__CWE806_char_alloca_loop_09.c,51,41,rewritten,CWE121_Stack_Based_Buffer_Overflow__CWE806_char_alloca_loop_09_bad,clamp_bad_CWE121_Stack_Based_Buffer_Overflow__CWE806_char_alloca_loop_09_bad_41,clamp_bad_CWE121_Stack_Based_Buffer_Overflow__CWE806_char_alloca_loop_09_bad_41,non_sanitizer,CWE121,09,c,/Users/saqif/Desktop/UCSB/ucsb_classes/w26/cs293G/joern/benchmarks/juliet/manifests/stage_b_clamp_transform_manifest.json
B,CWE121_Stack_Based_Buffer_Overflow/s06/CWE121_Stack_Based_Buffer_Overflow__CWE806_char_alloca_loop_10.c,51,41,rewritten,CWE121_Stack_Based_Buffer_Overflow__CWE806_char_alloca_loop_10_bad,clamp_bad_CWE121_Stack_Based_Buffer_Overflow__CWE806_char_alloca_loop_10_bad_41,clamp_bad_CWE121_Stack_Based_Buffer_Overflow__CWE806_char_alloca_loop_10_bad_41,non_sanitizer,CWE121,10,c,/Users/saqif/Desktop/UCSB/ucsb_classes/w26/cs293G/joern/benchmarks/juliet/manifests/stage_b_clamp_transform_manifest.json
B,CWE121_Stack_Based_Buffer_Overflow/s06/CWE121_Stack_Based_Buffer_Overflow__CWE806_char_alloca_loop_11.c,51,41,rewritten,CWE121_Stack_Based_Buffer_Overflow__CWE806_char_alloca_loop_11_bad,clamp_bad_CWE121_Stack_Based_Buffer_Overflow__CWE806_char_alloca_loop_11_bad_41,clamp_bad_CWE121_Stack_Based_Buffer_Overflow__CWE806_char_alloca_loop_11_bad_41,non_sanitizer,CWE121,11,c,/Users/saqif/Desktop/UCSB/ucsb_classes/w26/cs293G/joern/benchmarks/juliet/manifests/stage_b_clamp_transform_manifest.json
B,CWE121_Stack_Based_Buffer_Overflow/s06/CWE121_Stack_Based_Buffer_Overflow__CWE806_char_alloca_loop_12.c,57,47,rewritten,CWE121_Stack_Based_Buffer_Overflow__CWE806_char_alloca_loop_12_bad,clamp_bad_CWE121_Stack_Based_Buffer_Overflow__CWE806_char_alloca_loop_12_bad_47,clamp_bad_CWE121_Stack_Based_Buffer_Overflow__CWE806_char_alloca_loop_12_bad_47,non_sanitizer,CWE121,12,c,/Users/saqif/Desktop/UCSB/ucsb_classes/w26/cs293G/joern/benchmarks/juliet/manifests/stage_b_clamp_transform_manifest.json
B,CWE121_Stack_Based_Buffer_Overflow/s06/CWE121_Stack_Based_Buffer_Overflow__CWE806_char_alloca_loop_13.c,51,41,rewritten,CWE121_Stack_Based_Buffer_Overflow__CWE806_char_alloca_loop_13_bad,clamp_bad_CWE121_Stack_Based_Buffer_Overflow__CWE806_char_alloca_loop_13_bad_41,clamp_bad_CWE121_Stack_Based_Buffer_Overflow__CWE806_char_alloca_loop_13_bad_41,non_sanitizer,CWE121,13,c,/Users/saqif/Desktop/UCSB/ucsb_classes/w26/cs293G/joern/benchmarks/juliet/manifests/stage_b_clamp_transform_manifest.json
B,CWE121_Stack_Based_Buffer_Overflow/s06/CWE121_Stack_Based_Buffer_Overflow__CWE806_char_alloca_loop_14.c,51,41,rewritten,CWE121_Stack_Based_Buffer_Overflow__CWE806_char_alloca_loop_14_bad,clamp_bad_CWE121_Stack_Based_Buffer_Overflow__CWE806_char_alloca_loop_14_bad_41,clamp_bad_CWE121_Stack_Based_Buffer_Overflow__CWE806_char_alloca_loop_14_bad_41,non_sanitizer,CWE121,14,c,/Users/saqif/Desktop/UCSB/ucsb_classes/w26/cs293G/joern/benchmarks/juliet/manifests/stage_b_clamp_transform_manifest.json
B,CWE121_Stack_Based_Buffer_Overflow/s06/CWE121_Stack_Based_Buffer_Overflow__CWE806_char_declare_loop_02.c,51,41,rewritten,CWE121_Stack_Based_Buffer_Overflow__CWE806_char_declare_loop_02_bad,clamp_bad_CWE121_Stack_Based_Buffer_Overflow__CWE806_char_declare_loop_02_bad_41,clamp_bad_CWE121_Stack_Based_Buffer_Overflow__CWE806_char_declare_loop_02_bad_41,non_sanitizer,CWE121,02,c,/Users/saqif/Desktop/UCSB/ucsb_classes/w26/cs293G/joern/benchmarks/juliet/manifests/stage_b_clamp_transform_manifest.json
B,CWE121_Stack_Based_Buffer_Overflow/s06/CWE121_Stack_Based_Buffer_Overflow__CWE806_char_declare_loop_03.c,51,41,rewritten,CWE121_Stack_Based_Buffer_Overflow__CWE806_char_declare_loop_03_bad,clamp_bad_CWE121_Stack_Based_Buffer_Overflow__CWE806_char_declare_loop_03_bad_41,clamp_bad_CWE121_Stack_Based_Buffer_Overflow__CWE806_char_declare_loop_03_bad_41,non_sanitizer,CWE121,03,c,/Users/saqif/Desktop/UCSB/ucsb_classes/w26/cs293G/joern/benchmarks/juliet/manifests/stage_b_clamp_transform_manifest.json
B,CWE121_Stack_Based_Buffer_Overflow/s06/CWE121_Stack_Based_Buffer_Overflow__CWE806_char_declare_loop_04.c,58,48,rewritten,CWE121_Stack_Based_Buffer_Overflow__CWE806_char_declare_loop_04_bad,clamp_bad_CWE121_Stack_Based_Buffer_Overflow__CWE806_char_declare_loop_04_bad_48,clamp_bad_CWE121_Stack_Based_Buffer_Overflow__CWE806_char_declare_loop_04_bad_48,non_sanitizer,CWE121,04,c,/Users/saqif/Desktop/UCSB/ucsb_classes/w26/cs293G/joern/benchmarks/juliet/manifests/stage_b_clamp_transform_manifest.json
B,CWE121_Stack_Based_Buffer_Overflow/s06/CWE121_Stack_Based_Buffer_Overflow__CWE806_char_declare_loop_05.c,58,48,rewritten,CWE121_Stack_Based_Buffer_Overflow__CWE806_char_declare_loop_05_bad,clamp_bad_CWE121_Stack_Based_Buffer_Overflow__CWE806_char_declare_loop_05_bad_48,clamp_bad_CWE121_Stack_Based_Buffer_Overflow__CWE806_char_declare_loop_05_bad_48,non_sanitizer,CWE121,05,c,/Users/saqif/Desktop/UCSB/ucsb_classes/w26/cs293G/joern/benchmarks/juliet/manifests/stage_b_clamp_transform_manifest.json
B,CWE121_Stack_Based_Buffer_Overflow/s06/CWE121_Stack_Based_Buffer_Overflow__CWE806_char_declare_loop_06.c,55,45,rewritten,CWE121_Stack_Based_Buffer_Overflow__CWE806_char_declare_loop_06_bad,clamp_bad_CWE121_Stack_Based_Buffer_Overflow__CWE806_char_declare_loop_06_bad_45,clamp_bad_CWE121_Stack_Based_Buffer_Overflow__CWE806_char_declare_loop_06_bad_45,non_sanitizer,CWE121,06,c,/Users/saqif/Desktop/UCSB/ucsb_classes/w26/cs293G/joern/benchmarks/juliet/manifests/stage_b_clamp_transform_manifest.json
B,CWE121_Stack_Based_Buffer_Overflow/s06/CWE121_Stack_Based_Buffer_Overflow__CWE806_char_declare_loop_07.c,57,47,rewritten,CWE121_Stack_Based_Buffer_Overflow__CWE806_char_declare_loop_07_bad,clamp_bad_CWE121_Stack_Based_Buffer_Overflow__CWE806_char_declare_loop_07_bad_47,clamp_bad_CWE121_Stack_Based_Buffer_Overflow__CWE806_char_declare_loop_07_bad_47,non_sanitizer,CWE121,07,c,/Users/saqif/Desktop/UCSB/ucsb_classes/w26/cs293G/joern/benchmarks/juliet/manifests/stage_b_clamp_transform_manifest.json
B,CWE121_Stack_Based_Buffer_Overflow/s06/CWE121_Stack_Based_Buffer_Overflow__CWE806_char_declare_loop_08.c,65,55,rewritten,CWE121_Stack_Based_Buffer_Overflow__CWE806_char_declare_loop_08_bad,clamp_bad_CWE121_Stack_Based_Buffer_Overflow__CWE806_char_declare_loop_08_bad_55,clamp_bad_CWE121_Stack_Based_Buffer_Overflow__CWE806_char_declare_loop_08_bad_55,non_sanitizer,CWE121,08,c,/Users/saqif/Desktop/UCSB/ucsb_classes/w26/cs293G/joern/benchmarks/juliet/manifests/stage_b_clamp_transform_manifest.json
B,CWE121_Stack_Based_Buffer_Overflow/s06/CWE121_Stack_Based_Buffer_Overflow__CWE806_char_declare_loop_09.c,51,41,rewritten,CWE121_Stack_Based_Buffer_Overflow__CWE806_char_declare_loop_09_bad,clamp_bad_CWE121_Stack_Based_Buffer_Overflow__CWE806_char_declare_loop_09_bad_41,clamp_bad_CWE121_Stack_Based_Buffer_Overflow__CWE806_char_declare_loop_09_bad_41,non_sanitizer,CWE121,09,c,/Users/saqif/Desktop/UCSB/ucsb_classes/w26/cs293G/joern/benchmarks/juliet/manifests/stage_b_clamp_transform_manifest.json
B,CWE121_Stack_Based_Buffer_Overflow/s06/CWE121_Stack_Based_Buffer_Overflow__CWE806_char_declare_loop_10.c,51,41,rewritten,CWE121_Stack_Based_Buffer_Overflow__CWE806_char_declare_loop_10_bad,clamp_bad_CWE121_Stack_Based_Buffer_Overflow__CWE806_char_declare_loop_10_bad_41,clamp_bad_CWE121_Stack_Based_Buffer_Overflow__CWE806_char_declare_loop_10_bad_41,non_sanitizer,CWE121,10,c,/Users/saqif/Desktop/UCSB/ucsb_classes/w26/cs293G/joern/benchmarks/juliet/manifests/stage_b_clamp_transform_manifest.json
B,CWE121_Stack_Based_Buffer_Overflow/s06/CWE121_Stack_Based_Buffer_Overflow__CWE806_char_declare_loop_11.c,51,41,rewritten,CWE121_Stack_Based_Buffer_Overflow__CWE806_char_declare_loop_11_bad,clamp_bad_CWE121_Stack_Based_Buffer_Overflow__CWE806_char_declare_loop_11_bad_41,clamp_bad_CWE121_Stack_Based_Buffer_Overflow__CWE806_char_declare_loop_11_bad_41,non_sanitizer,CWE121,11,c,/Users/saqif/Desktop/UCSB/ucsb_classes/w26/cs293G/joern/benchmarks/juliet/manifests/stage_b_clamp_transform_manifest.json
B,CWE121_Stack_Based_Buffer_Overflow/s06/CWE121_Stack_Based_Buffer_Overflow__CWE806_char_declare_loop_12.c,57,47,rewritten,CWE121_Stack_Based_Buffer_Overflow__CWE806_char_declare_loop_12_bad,clamp_bad_CWE121_Stack_Based_Buffer_Overflow__CWE806_char_declare_loop_12_bad_47,clamp_bad_CWE121_Stack_Based_Buffer_Overflow__CWE806_char_declare_loop_12_bad_47,non_sanitizer,CWE121,12,c,/Users/saqif/Desktop/UCSB/ucsb_classes/w26/cs293G/joern/benchmarks/juliet/manifests/stage_b_clamp_transform_manifest.json
B,CWE121_Stack_Based_Buffer_Overflow/s06/CWE121_Stack_Based_Buffer_Overflow__CWE806_char_declare_loop_13.c,51,41,rewritten,CWE121_Stack_Based_Buffer_Overflow__CWE806_char_declare_loop_13_bad,clamp_bad_CWE121_Stack_Based_Buffer_Overflow__CWE806_char_declare_loop_13_bad_41,clamp_bad_CWE121_Stack_Based_Buffer_Overflow__CWE806_char_declare_loop_13_bad_41,non_sanitizer,CWE121,13,c,/Users/saqif/Desktop/UCSB/ucsb_classes/w26/cs293G/joern/benchmarks/juliet/manifests/stage_b_clamp_transform_manifest.json
B,CWE121_Stack_Based_Buffer_Overflow/s06/CWE121_Stack_Based_Buffer_Overflow__CWE806_char_declare_loop_14.c,51,41,rewritten,CWE121_Stack_Based_Buffer_Overflow__CWE806_char_declare_loop_14_bad,clamp_bad_CWE121_Stack_Based_Buffer_Overflow__CWE806_char_declare_loop_14_bad_41,clamp_bad_CWE121_Stack_Based_Buffer_Overflow__CWE806_char_declare_loop_14_bad_41,non_sanitizer,CWE121,14,c,/Users/saqif/Desktop/UCSB/ucsb_classes/w26/cs293G/joern/benchmarks/juliet/manifests/stage_b_clamp_transform_manifest.json
B,CWE121_Stack_Based_Buffer_Overflow/s07/CWE121_Stack_Based_Buffer_Overflow__CWE806_wchar_t_alloca_loop_02.c,51,41,rewritten,CWE121_Stack_Based_Buffer_Overflow__CWE806_wchar_t_alloca_loop_02_bad,clamp_bad_CWE121_Stack_Based_Buffer_Overflow__CWE806_wchar_t_alloca_loop_02_bad_41,clamp_bad_CWE121_Stack_Based_Buffer_Overflow__CWE806_wchar_t_alloca_loop_02_bad_41,non_sanitizer,CWE121,02,c,/Users/saqif/Desktop/UCSB/ucsb_classes/w26/cs293G/joern/benchmarks/juliet/manifests/stage_b_clamp_transform_manifest.json
B,CWE121_Stack_Based_Buffer_Overflow/s07/CWE121_Stack_Based_Buffer_Overflow__CWE806_wchar_t_alloca_loop_03.c,51,41,rewritten,CWE121_Stack_Based_Buffer_Overflow__CWE806_wchar_t_alloca_loop_03_bad,clamp_bad_CWE121_Stack_Based_Buffer_Overflow__CWE806_wchar_t_alloca_loop_03_bad_41,clamp_bad_CWE121_Stack_Based_Buffer_Overflow__CWE806_wchar_t_alloca_loop_03_bad_41,non_sanitizer,CWE121,03,c,/Users/saqif/Desktop/UCSB/ucsb_classes/w26/cs293G/joern/benchmarks/juliet/manifests/stage_b_clamp_transform_manifest.json
B,CWE121_Stack_Based_Buffer_Overflow/s07/CWE121_Stack_Based_Buffer_Overflow__CWE806_wchar_t_alloca_loop_04.c,58,48,rewritten,CWE121_Stack_Based_Buffer_Overflow__CWE806_wchar_t_alloca_loop_04_bad,clamp_bad_CWE121_Stack_Based_Buffer_Overflow__CWE806_wchar_t_alloca_loop_04_bad_48,clamp_bad_CWE121_Stack_Based_Buffer_Overflow__CWE806_wchar_t_alloca_loop_04_bad_48,non_sanitizer,CWE121,04,c,/Users/saqif/Desktop/UCSB/ucsb_classes/w26/cs293G/joern/benchmarks/juliet/manifests/stage_b_clamp_transform_manifest.json
B,CWE121_Stack_Based_Buffer_Overflow/s07/CWE121_Stack_Based_Buffer_Overflow__CWE806_wchar_t_alloca_loop_05.c,58,48,rewritten,CWE121_Stack_Based_Buffer_Overflow__CWE806_wchar_t_alloca_loop_05_bad,clamp_bad_CWE121_Stack_Based_Buffer_Overflow__CWE806_wchar_t_alloca_loop_05_bad_48,clamp_bad_CWE121_Stack_Based_Buffer_Overflow__CWE806_wchar_t_alloca_loop_05_bad_48,non_sanitizer,CWE121,05,c,/Users/saqif/Desktop/UCSB/ucsb_classes/w26/cs293G/joern/benchmarks/juliet/manifests/stage_b_clamp_transform_manifest.json
B,CWE121_Stack_Based_Buffer_Overflow/s07/CWE121_Stack_Based_Buffer_Overflow__CWE806_wchar_t_alloca_loop_06.c,55,45,rewritten,CWE121_Stack_Based_Buffer_Overflow__CWE806_wchar_t_alloca_loop_06_bad,clamp_bad_CWE121_Stack_Based_Buffer_Overflow__CWE806_wchar_t_alloca_loop_06_bad_45,clamp_bad_CWE121_Stack_Based_Buffer_Overflow__CWE806_wchar_t_alloca_loop_06_bad_45,non_sanitizer,CWE121,06,c,/Users/saqif/Desktop/UCSB/ucsb_classes/w26/cs293G/joern/benchmarks/juliet/manifests/stage_b_clamp_transform_manifest.json
B,CWE121_Stack_Based_Buffer_Overflow/s07/CWE121_Stack_Based_Buffer_Overflow__CWE806_wchar_t_alloca_loop_07.c,57,47,rewritten,CWE121_Stack_Based_Buffer_Overflow__CWE806_wchar_t_alloca_loop_07_bad,clamp_bad_CWE121_Stack_Based_Buffer_Overflow__CWE806_wchar_t_alloca_loop_07_bad_47,clamp_bad_CWE121_Stack_Based_Buffer_Overflow__CWE806_wchar_t_alloca_loop_07_bad_47,non_sanitizer,CWE121,07,c,/Users/saqif/Desktop/UCSB/ucsb_classes/w26/cs293G/joern/benchmarks/juliet/manifests/stage_b_clamp_transform_manifest.json
B,CWE121_Stack_Based_Buffer_Overflow/s07/CWE121_Stack_Based_Buffer_Overflow__CWE806_wchar_t_alloca_loop_08.c,65,55,rewritten,CWE121_Stack_Based_Buffer_Overflow__CWE806_wchar_t_alloca_loop_08_bad,clamp_bad_CWE121_Stack_Based_Buffer_Overflow__CWE806_wchar_t_alloca_loop_08_bad_55,clamp_bad_CWE121_Stack_Based_Buffer_Overflow__CWE806_wchar_t_alloca_loop_08_bad_55,non_sanitizer,CWE121,08,c,/Users/saqif/Desktop/UCSB/ucsb_classes/w26/cs293G/joern/benchmarks/juliet/manifests/stage_b_clamp_transform_manifest.json
B,CWE121_Stack_Based_Buffer_Overflow/s07/CWE121_Stack_Based_Buffer_Overflow__CWE806_wchar_t_alloca_loop_09.c,51,41,rewritten,CWE121_Stack_Based_Buffer_Overflow__CWE806_wchar_t_alloca_loop_09_bad,clamp_bad_CWE121_Stack_Based_Buffer_Overflow__CWE806_wchar_t_alloca_loop_09_bad_41,clamp_bad_CWE121_Stack_Based_Buffer_Overflow__CWE806_wchar_t_alloca_loop_09_bad_41,non_sanitizer,CWE121,09,c,/Users/saqif/Desktop/UCSB/ucsb_classes/w26/cs293G/joern/benchmarks/juliet/manifests/stage_b_clamp_transform_manifest.json
B,CWE121_Stack_Based_Buffer_Overflow/s07/CWE121_Stack_Based_Buffer_Overflow__CWE806_wchar_t_alloca_loop_10.c,51,41,rewritten,CWE121_Stack_Based_Buffer_Overflow__CWE806_wchar_t_alloca_loop_10_bad,clamp_bad_CWE121_Stack_Based_Buffer_Overflow__CWE806_wchar_t_alloca_loop_10_bad_41,clamp_bad_CWE121_Stack_Based_Buffer_Overflow__CWE806_wchar_t_alloca_loop_10_bad_41,non_sanitizer,CWE121,10,c,/Users/saqif/Desktop/UCSB/ucsb_classes/w26/cs293G/joern/benchmarks/juliet/manifests/stage_b_clamp_transform_manifest.json
B,CWE121_Stack_Based_Buffer_Overflow/s07/CWE121_Stack_Based_Buffer_Overflow__CWE806_wchar_t_alloca_loop_11.c,51,41,rewritten,CWE121_Stack_Based_Buffer_Overflow__CWE806_wchar_t_alloca_loop_11_bad,clamp_bad_CWE121_Stack_Based_Buffer_Overflow__CWE806_wchar_t_alloca_loop_11_bad_41,clamp_bad_CWE121_Stack_Based_Buffer_Overflow__CWE806_wchar_t_alloca_loop_11_bad_41,non_sanitizer,CWE121,11,c,/Users/saqif/Desktop/UCSB/ucsb_classes/w26/cs293G/joern/benchmarks/juliet/manifests/stage_b_clamp_transform_manifest.json
B,CWE121_Stack_Based_Buffer_Overflow/s07/CWE121_Stack_Based_Buffer_Overflow__CWE806_wchar_t_alloca_loop_12.c,57,47,rewritten,CWE121_Stack_Based_Buffer_Overflow__CWE806_wchar_t_alloca_loop_12_bad,clamp_bad_CWE121_Stack_Based_Buffer_Overflow__CWE806_wchar_t_alloca_loop_12_bad_47,clamp_bad_CWE121_Stack_Based_Buffer_Overflow__CWE806_wchar_t_alloca_loop_12_bad_47,non_sanitizer,CWE121,12,c,/Users/saqif/Desktop/UCSB/ucsb_classes/w26/cs293G/joern/benchmarks/juliet/manifests/stage_b_clamp_transform_manifest.json
B,CWE121_Stack_Based_Buffer_Overflow/s07/CWE121_Stack_Based_Buffer_Overflow__CWE806_wchar_t_alloca_loop_13.c,51,41,rewritten,CWE121_Stack_Based_Buffer_Overflow__CWE806_wchar_t_alloca_loop_13_bad,clamp_bad_CWE121_Stack_Based_Buffer_Overflow__CWE806_wchar_t_alloca_loop_13_bad_41,clamp_bad_CWE121_Stack_Based_Buffer_Overflow__CWE806_wchar_t_alloca_loop_13_bad_41,non_sanitizer,CWE121,13,c,/Users/saqif/Desktop/UCSB/ucsb_classes/w26/cs293G/joern/benchmarks/juliet/manifests/stage_b_clamp_transform_manifest.json
B,CWE121_Stack_Based_Buffer_Overflow/s07/CWE121_Stack_Based_Buffer_Overflow__CWE806_wchar_t_alloca_loop_14.c,51,41,rewritten,CWE121_Stack_Based_Buffer_Overflow__CWE806_wchar_t_alloca_loop_14_bad,clamp_bad_CWE121_Stack_Based_Buffer_Overflow__CWE806_wchar_t_alloca_loop_14_bad_41,clamp_bad_CWE121_Stack_Based_Buffer_Overflow__CWE806_wchar_t_alloca_loop_14_bad_41,non_sanitizer,CWE121,14,c,/Users/saqif/Desktop/UCSB/ucsb_classes/w26/cs293G/joern/benchmarks/juliet/manifests/stage_b_clamp_transform_manifest.json
B,CWE121_Stack_Based_Buffer_Overflow/s07/CWE121_Stack_Based_Buffer_Overflow__CWE806_wchar_t_declare_loop_02.c,51,41,rewritten,CWE121_Stack_Based_Buffer_Overflow__CWE806_wchar_t_declare_loop_02_bad,clamp_bad_CWE121_Stack_Based_Buffer_Overflow__CWE806_wchar_t_declare_loop_02_bad_41,clamp_bad_CWE121_Stack_Based_Buffer_Overflow__CWE806_wchar_t_declare_loop_02_bad_41,non_sanitizer,CWE121,02,c,/Users/saqif/Desktop/UCSB/ucsb_classes/w26/cs293G/joern/benchmarks/juliet/manifests/stage_b_clamp_transform_manifest.json
B,CWE121_Stack_Based_Buffer_Overflow/s07/CWE121_Stack_Based_Buffer_Overflow__CWE806_wchar_t_declare_loop_03.c,51,41,rewritten,CWE121_Stack_Based_Buffer_Overflow__CWE806_wchar_t_declare_loop_03_bad,clamp_bad_CWE121_Stack_Based_Buffer_Overflow__CWE806_wchar_t_declare_loop_03_bad_41,clamp_bad_CWE121_Stack_Based_Buffer_Overflow__CWE806_wchar_t_declare_loop_03_bad_41,non_sanitizer,CWE121,03,c,/Users/saqif/Desktop/UCSB/ucsb_classes/w26/cs293G/joern/benchmarks/juliet/manifests/stage_b_clamp_transform_manifest.json
B,CWE121_Stack_Based_Buffer_Overflow/s07/CWE121_Stack_Based_Buffer_Overflow__CWE806_wchar_t_declare_loop_04.c,58,48,rewritten,CWE121_Stack_Based_Buffer_Overflow__CWE806_wchar_t_declare_loop_04_bad,clamp_bad_CWE121_Stack_Based_Buffer_Overflow__CWE806_wchar_t_declare_loop_04_bad_48,clamp_bad_CWE121_Stack_Based_Buffer_Overflow__CWE806_wchar_t_declare_loop_04_bad_48,non_sanitizer,CWE121,04,c,/Users/saqif/Desktop/UCSB/ucsb_classes/w26/cs293G/joern/benchmarks/juliet/manifests/stage_b_clamp_transform_manifest.json
B,CWE121_Stack_Based_Buffer_Overflow/s07/CWE121_Stack_Based_Buffer_Overflow__CWE806_wchar_t_declare_loop_05.c,58,48,rewritten,CWE121_Stack_Based_Buffer_Overflow__CWE806_wchar_t_declare_loop_05_bad,clamp_bad_CWE121_Stack_Based_Buffer_Overflow__CWE806_wchar_t_declare_loop_05_bad_48,clamp_bad_CWE121_Stack_Based_Buffer_Overflow__CWE806_wchar_t_declare_loop_05_bad_48,non_sanitizer,CWE121,05,c,/Users/saqif/Desktop/UCSB/ucsb_classes/w26/cs293G/joern/benchmarks/juliet/manifests/stage_b_clamp_transform_manifest.json
B,CWE121_Stack_Based_Buffer_Overflow/s07/CWE121_Stack_Based_Buffer_Overflow__CWE806_wchar_t_declare_loop_06.c,55,45,rewritten,CWE121_Stack_Based_Buffer_Overflow__CWE806_wchar_t_declare_loop_06_bad,clamp_bad_CWE121_Stack_Based_Buffer_Overflow__CWE806_wchar_t_declare_loop_06_bad_45,clamp_bad_CWE121_Stack_Based_Buffer_Overflow__CWE806_wchar_t_declare_loop_06_bad_45,non_sanitizer,CWE121,06,c,/Users/saqif/Desktop/UCSB/ucsb_classes/w26/cs293G/joern/benchmarks/juliet/manifests/stage_b_clamp_transform_manifest.json
B,CWE121_Stack_Based_Buffer_Overflow/s07/CWE121_Stack_Based_Buffer_Overflow__CWE806_wchar_t_declare_loop_07.c,57,47,rewritten,CWE121_Stack_Based_Buffer_Overflow__CWE806_wchar_t_declare_loop_07_bad,clamp_bad_CWE121_Stack_Based_Buffer_Overflow__CWE806_wchar_t_declare_loop_07_bad_47,clamp_bad_CWE121_Stack_Based_Buffer_Overflow__CWE806_wchar_t_declare_loop_07_bad_47,non_sanitizer,CWE121,07,c,/Users/saqif/Desktop/UCSB/ucsb_classes/w26/cs293G/joern/benchmarks/juliet/manifests/stage_b_clamp_transform_manifest.json
B,CWE121_Stack_Based_Buffer_Overflow/s07/CWE121_Stack_Based_Buffer_Overflow__CWE806_wchar_t_declare_loop_08.c,65,55,rewritten,CWE121_Stack_Based_Buffer_Overflow__CWE806_wchar_t_declare_loop_08_bad,clamp_bad_CWE121_Stack_Based_Buffer_Overflow__CWE806_wchar_t_declare_loop_08_bad_55,clamp_bad_CWE121_Stack_Based_Buffer_Overflow__CWE806_wchar_t_declare_loop_08_bad_55,non_sanitizer,CWE121,08,c,/Users/saqif/Desktop/UCSB/ucsb_classes/w26/cs293G/joern/benchmarks/juliet/manifests/stage_b_clamp_transform_manifest.json
B,CWE121_Stack_Based_Buffer_Overflow/s07/CWE121_Stack_Based_Buffer_Overflow__CWE806_wchar_t_declare_loop_09.c,51,41,rewritten,CWE121_Stack_Based_Buffer_Overflow__CWE806_wchar_t_declare_loop_09_bad,clamp_bad_CWE121_Stack_Based_Buffer_Overflow__CWE806_wchar_t_declare_loop_09_bad_41,clamp_bad_CWE121_Stack_Based_Buffer_Overflow__CWE806_wchar_t_declare_loop_09_bad_41,non_sanitizer,CWE121,09,c,/Users/saqif/Desktop/UCSB/ucsb_classes/w26/cs293G/joern/benchmarks/juliet/manifests/stage_b_clamp_transform_manifest.json
B,CWE121_Stack_Based_Buffer_Overflow/s07/CWE121_Stack_Based_Buffer_Overflow__CWE806_wchar_t_declare_loop_10.c,51,41,rewritten,CWE121_Stack_Based_Buffer_Overflow__CWE806_wchar_t_declare_loop_10_bad,clamp_bad_CWE121_Stack_Based_Buffer_Overflow__CWE806_wchar_t_declare_loop_10_bad_41,clamp_bad_CWE121_Stack_Based_Buffer_Overflow__CWE806_wchar_t_declare_loop_10_bad_41,non_sanitizer,CWE121,10,c,/Users/saqif/Desktop/UCSB/ucsb_classes/w26/cs293G/joern/benchmarks/juliet/manifests/stage_b_clamp_transform_manifest.json
B,CWE121_Stack_Based_Buffer_Overflow/s07/CWE121_Stack_Based_Buffer_Overflow__CWE806_wchar_t_declare_loop_11.c,51,41,rewritten,CWE121_Stack_Based_Buffer_Overflow__CWE806_wchar_t_declare_loop_11_bad,clamp_bad_CWE121_Stack_Based_Buffer_Overflow__CWE806_wchar_t_declare_loop_11_bad_41,clamp_bad_CWE121_Stack_Based_Buffer_Overflow__CWE806_wchar_t_declare_loop_11_bad_41,non_sanitizer,CWE121,11,c,/Users/saqif/Desktop/UCSB/ucsb_classes/w26/cs293G/joern/benchmarks/juliet/manifests/stage_b_clamp_transform_manifest.json
B,CWE121_Stack_Based_Buffer_Overflow/s07/CWE121_Stack_Based_Buffer_Overflow__CWE806_wchar_t_declare_loop_12.c,57,47,rewritten,CWE121_Stack_Based_Buffer_Overflow__CWE806_wchar_t_declare_loop_12_bad,clamp_bad_CWE121_Stack_Based_Buffer_Overflow__CWE806_wchar_t_declare_loop_12_bad_47,clamp_bad_CWE121_Stack_Based_Buffer_Overflow__CWE806_wchar_t_declare_loop_12_bad_47,non_sanitizer,CWE121,12,c,/Users/saqif/Desktop/UCSB/ucsb_classes/w26/cs293G/joern/benchmarks/juliet/manifests/stage_b_clamp_transform_manifest.json
B,CWE121_Stack_Based_Buffer_Overflow/s07/CWE121_Stack_Based_Buffer_Overflow__CWE806_wchar_t_declare_loop_13.c,51,41,rewritten,CWE121_Stack_Based_Buffer_Overflow__CWE806_wchar_t_declare_loop_13_bad,clamp_bad_CWE121_Stack_Based_Buffer_Overflow__CWE806_wchar_t_declare_loop_13_bad_41,clamp_bad_CWE121_Stack_Based_Buffer_Overflow__CWE806_wchar_t_declare_loop_13_bad_41,non_sanitizer,CWE121,13,c,/Users/saqif/Desktop/UCSB/ucsb_classes/w26/cs293G/joern/benchmarks/juliet/manifests/stage_b_clamp_transform_manifest.json
B,CWE121_Stack_Based_Buffer_Overflow/s07/CWE121_Stack_Based_Buffer_Overflow__CWE806_wchar_t_declare_loop_14.c,51,41,rewritten,CWE121_Stack_Based_Buffer_Overflow__CWE806_wchar_t_declare_loop_14_bad,clamp_bad_CWE121_Stack_Based_Buffer_Overflow__CWE806_wchar_t_declare_loop_14_bad_41,clamp_bad_CWE121_Stack_Based_Buffer_Overflow__CWE806_wchar_t_declare_loop_14_bad_41,non_sanitizer,CWE121,14,c,/Users/saqif/Desktop/UCSB/ucsb_classes/w26/cs293G/joern/benchmarks/juliet/manifests/stage_b_clamp_transform_manifest.json
B,CWE122_Heap_Based_Buffer_Overflow/s04/CWE122_Heap_Based_Buffer_Overflow__cpp_CWE806_char_loop_02.cpp,53,43,rewritten,bad,clamp_bad_bad_43,clamp_bad_bad_43,non_sanitizer,CWE122,02,cpp,/Users/saqif/Desktop/UCSB/ucsb_classes/w26/cs293G/joern/benchmarks/juliet/manifests/stage_b_clamp_transform_manifest.json
B,CWE122_Heap_Based_Buffer_Overflow/s04/CWE122_Heap_Based_Buffer_Overflow__cpp_CWE806_char_loop_03.cpp,53,43,rewritten,bad,clamp_bad_bad_43,clamp_bad_bad_43,non_sanitizer,CWE122,03,cpp,/Users/saqif/Desktop/UCSB/ucsb_classes/w26/cs293G/joern/benchmarks/juliet/manifests/stage_b_clamp_transform_manifest.json
B,CWE122_Heap_Based_Buffer_Overflow/s04/CWE122_Heap_Based_Buffer_Overflow__cpp_CWE806_char_loop_04.cpp,59,49,rewritten,bad,clamp_bad_bad_49,clamp_bad_bad_49,non_sanitizer,CWE122,04,cpp,/Users/saqif/Desktop/UCSB/ucsb_classes/w26/cs293G/joern/benchmarks/juliet/manifests/stage_b_clamp_transform_manifest.json
B,CWE122_Heap_Based_Buffer_Overflow/s04/CWE122_Heap_Based_Buffer_Overflow__cpp_CWE806_char_loop_05.cpp,59,49,rewritten,bad,clamp_bad_bad_49,clamp_bad_bad_49,non_sanitizer,CWE122,05,cpp,/Users/saqif/Desktop/UCSB/ucsb_classes/w26/cs293G/joern/benchmarks/juliet/manifests/stage_b_clamp_transform_manifest.json
B,CWE122_Heap_Based_Buffer_Overflow/s04/CWE122_Heap_Based_Buffer_Overflow__cpp_CWE806_char_loop_06.cpp,58,48,rewritten,bad,clamp_bad_bad_48,clamp_bad_bad_48,non_sanitizer,CWE122,06,cpp,/Users/saqif/Desktop/UCSB/ucsb_classes/w26/cs293G/joern/benchmarks/juliet/manifests/stage_b_clamp_transform_manifest.json
B,CWE122_Heap_Based_Buffer_Overflow/s04/CWE122_Heap_Based_Buffer_Overflow__cpp_CWE806_char_loop_07.cpp,58,48,rewritten,bad,clamp_bad_bad_48,clamp_bad_bad_48,non_sanitizer,CWE122,07,cpp,/Users/saqif/Desktop/UCSB/ucsb_classes/w26/cs293G/joern/benchmarks/juliet/manifests/stage_b_clamp_transform_manifest.json
B,CWE122_Heap_Based_Buffer_Overflow/s04/CWE122_Heap_Based_Buffer_Overflow__cpp_CWE806_char_loop_08.cpp,66,56,rewritten,bad,clamp_bad_bad_56,clamp_bad_bad_56,non_sanitizer,CWE122,08,cpp,/Users/saqif/Desktop/UCSB/ucsb_classes/w26/cs293G/joern/benchmarks/juliet/manifests/stage_b_clamp_transform_manifest.json
B,CWE122_Heap_Based_Buffer_Overflow/s04/CWE122_Heap_Based_Buffer_Overflow__cpp_CWE806_char_loop_09.cpp,53,43,rewritten,bad,clamp_bad_bad_43,clamp_bad_bad_43,non_sanitizer,CWE122,09,cpp,/Users/saqif/Desktop/UCSB/ucsb_classes/w26/cs293G/joern/benchmarks/juliet/manifests/stage_b_clamp_transform_manifest.json
B,CWE122_Heap_Based_Buffer_Overflow/s04/CWE122_Heap_Based_Buffer_Overflow__cpp_CWE806_char_loop_10.cpp,53,43,rewritten,bad,clamp_bad_bad_43,clamp_bad_bad_43,non_sanitizer,CWE122,10,cpp,/Users/saqif/Desktop/UCSB/ucsb_classes/w26/cs293G/joern/benchmarks/juliet/manifests/stage_b_clamp_transform_manifest.json
B,CWE122_Heap_Based_Buffer_Overflow/s04/CWE122_Heap_Based_Buffer_Overflow__cpp_CWE806_char_loop_11.cpp,53,43,rewritten,bad,clamp_bad_bad_43,clamp_bad_bad_43,non_sanitizer,CWE122,11,cpp,/Users/saqif/Desktop/UCSB/ucsb_classes/w26/cs293G/joern/benchmarks/juliet/manifests/stage_b_clamp_transform_manifest.json
B,CWE122_Heap_Based_Buffer_Overflow/s04/CWE122_Heap_Based_Buffer_Overflow__cpp_CWE806_char_loop_12.cpp,59,49,rewritten,bad,clamp_bad_bad_49,clamp_bad_bad_49,non_sanitizer,CWE122,12,cpp,/Users/saqif/Desktop/UCSB/ucsb_classes/w26/cs293G/joern/benchmarks/juliet/manifests/stage_b_clamp_transform_manifest.json
B,CWE122_Heap_Based_Buffer_Overflow/s04/CWE122_Heap_Based_Buffer_Overflow__cpp_CWE806_char_loop_13.cpp,53,43,rewritten,bad,clamp_bad_bad_43,clamp_bad_bad_43,non_sanitizer,CWE122,13,cpp,/Users/saqif/Desktop/UCSB/ucsb_classes/w26/cs293G/joern/benchmarks/juliet/manifests/stage_b_clamp_transform_manifest.json
B,CWE122_Heap_Based_Buffer_Overflow/s04/CWE122_Heap_Based_Buffer_Overflow__cpp_CWE806_char_loop_14.cpp,53,43,rewritten,bad,clamp_bad_bad_43,clamp_bad_bad_43,non_sanitizer,CWE122,14,cpp,/Users/saqif/Desktop/UCSB/ucsb_classes/w26/cs293G/joern/benchmarks/juliet/manifests/stage_b_clamp_transform_manifest.json
B,CWE122_Heap_Based_Buffer_Overflow/s04/CWE122_Heap_Based_Buffer_Overflow__cpp_CWE806_wchar_t_loop_02.cpp,53,43,rewritten,bad,clamp_bad_bad_43,clamp_bad_bad_43,non_sanitizer,CWE122,02,cpp,/Users/saqif/Desktop/UCSB/ucsb_classes/w26/cs293G/joern/benchmarks/juliet/manifests/stage_b_clamp_transform_manifest.json
B,CWE122_Heap_Based_Buffer_Overflow/s04/CWE122_Heap_Based_Buffer_Overflow__cpp_CWE806_wchar_t_loop_03.cpp,53,43,rewritten,bad,clamp_bad_bad_43,clamp_bad_bad_43,non_sanitizer,CWE122,03,cpp,/Users/saqif/Desktop/UCSB/ucsb_classes/w26/cs293G/joern/benchmarks/juliet/manifests/stage_b_clamp_transform_manifest.json
B,CWE122_Heap_Based_Buffer_Overflow/s04/CWE122_Heap_Based_Buffer_Overflow__cpp_CWE806_wchar_t_loop_04.cpp,59,49,rewritten,bad,clamp_bad_bad_49,clamp_bad_bad_49,non_sanitizer,CWE122,04,cpp,/Users/saqif/Desktop/UCSB/ucsb_classes/w26/cs293G/joern/benchmarks/juliet/manifests/stage_b_clamp_transform_manifest.json
B,CWE122_Heap_Based_Buffer_Overflow/s04/CWE122_Heap_Based_Buffer_Overflow__cpp_CWE806_wchar_t_loop_05.cpp,59,49,rewritten,bad,clamp_bad_bad_49,clamp_bad_bad_49,non_sanitizer,CWE122,05,cpp,/Users/saqif/Desktop/UCSB/ucsb_classes/w26/cs293G/joern/benchmarks/juliet/manifests/stage_b_clamp_transform_manifest.json
B,CWE122_Heap_Based_Buffer_Overflow/s04/CWE122_Heap_Based_Buffer_Overflow__cpp_CWE806_wchar_t_loop_06.cpp,58,48,rewritten,bad,clamp_bad_bad_48,clamp_bad_bad_48,non_sanitizer,CWE122,06,cpp,/Users/saqif/Desktop/UCSB/ucsb_classes/w26/cs293G/joern/benchmarks/juliet/manifests/stage_b_clamp_transform_manifest.json
B,CWE122_Heap_Based_Buffer_Overflow/s04/CWE122_Heap_Based_Buffer_Overflow__cpp_CWE806_wchar_t_loop_07.cpp,58,48,rewritten,bad,clamp_bad_bad_48,clamp_bad_bad_48,non_sanitizer,CWE122,07,cpp,/Users/saqif/Desktop/UCSB/ucsb_classes/w26/cs293G/joern/benchmarks/juliet/manifests/stage_b_clamp_transform_manifest.json
B,CWE122_Heap_Based_Buffer_Overflow/s04/CWE122_Heap_Based_Buffer_Overflow__cpp_CWE806_wchar_t_loop_08.cpp,66,56,rewritten,bad,clamp_bad_bad_56,clamp_bad_bad_56,non_sanitizer,CWE122,08,cpp,/Users/saqif/Desktop/UCSB/ucsb_classes/w26/cs293G/joern/benchmarks/juliet/manifests/stage_b_clamp_transform_manifest.json
B,CWE122_Heap_Based_Buffer_Overflow/s04/CWE122_Heap_Based_Buffer_Overflow__cpp_CWE806_wchar_t_loop_09.cpp,53,43,rewritten,bad,clamp_bad_bad_43,clamp_bad_bad_43,non_sanitizer,CWE122,09,cpp,/Users/saqif/Desktop/UCSB/ucsb_classes/w26/cs293G/joern/benchmarks/juliet/manifests/stage_b_clamp_transform_manifest.json
B,CWE122_Heap_Based_Buffer_Overflow/s04/CWE122_Heap_Based_Buffer_Overflow__cpp_CWE806_wchar_t_loop_10.cpp,53,43,rewritten,bad,clamp_bad_bad_43,clamp_bad_bad_43,non_sanitizer,CWE122,10,cpp,/Users/saqif/Desktop/UCSB/ucsb_classes/w26/cs293G/joern/benchmarks/juliet/manifests/stage_b_clamp_transform_manifest.json
B,CWE122_Heap_Based_Buffer_Overflow/s04/CWE122_Heap_Based_Buffer_Overflow__cpp_CWE806_wchar_t_loop_11.cpp,53,43,rewritten,bad,clamp_bad_bad_43,clamp_bad_bad_43,non_sanitizer,CWE122,11,cpp,/Users/saqif/Desktop/UCSB/ucsb_classes/w26/cs293G/joern/benchmarks/juliet/manifests/stage_b_clamp_transform_manifest.json
B,CWE122_Heap_Based_Buffer_Overflow/s04/CWE122_Heap_Based_Buffer_Overflow__cpp_CWE806_wchar_t_loop_12.cpp,59,49,rewritten,bad,clamp_bad_bad_49,clamp_bad_bad_49,non_sanitizer,CWE122,12,cpp,/Users/saqif/Desktop/UCSB/ucsb_classes/w26/cs293G/joern/benchmarks/juliet/manifests/stage_b_clamp_transform_manifest.json
B,CWE122_Heap_Based_Buffer_Overflow/s04/CWE122_Heap_Based_Buffer_Overflow__cpp_CWE806_wchar_t_loop_13.cpp,53,43,rewritten,bad,clamp_bad_bad_43,clamp_bad_bad_43,non_sanitizer,CWE122,13,cpp,/Users/saqif/Desktop/UCSB/ucsb_classes/w26/cs293G/joern/benchmarks/juliet/manifests/stage_b_clamp_transform_manifest.json
B,CWE122_Heap_Based_Buffer_Overflow/s04/CWE122_Heap_Based_Buffer_Overflow__cpp_CWE806_wchar_t_loop_14.cpp,53,43,rewritten,bad,clamp_bad_bad_43,clamp_bad_bad_43,non_sanitizer,CWE122,14,cpp,/Users/saqif/Desktop/UCSB/ucsb_classes/w26/cs293G/joern/benchmarks/juliet/manifests/stage_b_clamp_transform_manifest.json
B,CWE122_Heap_Based_Buffer_Overflow/s09/CWE122_Heap_Based_Buffer_Overflow__c_CWE806_char_loop_02.c,51,41,rewritten,CWE122_Heap_Based_Buffer_Overflow__c_CWE806_char_loop_02_bad,clamp_bad_CWE122_Heap_Based_Buffer_Overflow__c_CWE806_char_loop_02_bad_41,clamp_bad_CWE122_Heap_Based_Buffer_Overflow__c_CWE806_char_loop_02_bad_41,non_sanitizer,CWE122,02,c,/Users/saqif/Desktop/UCSB/ucsb_classes/w26/cs293G/joern/benchmarks/juliet/manifests/stage_b_clamp_transform_manifest.json
B,CWE122_Heap_Based_Buffer_Overflow/s09/CWE122_Heap_Based_Buffer_Overflow__c_CWE806_char_loop_03.c,51,41,rewritten,CWE122_Heap_Based_Buffer_Overflow__c_CWE806_char_loop_03_bad,clamp_bad_CWE122_Heap_Based_Buffer_Overflow__c_CWE806_char_loop_03_bad_41,clamp_bad_CWE122_Heap_Based_Buffer_Overflow__c_CWE806_char_loop_03_bad_41,non_sanitizer,CWE122,03,c,/Users/saqif/Desktop/UCSB/ucsb_classes/w26/cs293G/joern/benchmarks/juliet/manifests/stage_b_clamp_transform_manifest.json
B,CWE122_Heap_Based_Buffer_Overflow/s09/CWE122_Heap_Based_Buffer_Overflow__c_CWE806_char_loop_04.c,58,48,rewritten,CWE122_Heap_Based_Buffer_Overflow__c_CWE806_char_loop_04_bad,clamp_bad_CWE122_Heap_Based_Buffer_Overflow__c_CWE806_char_loop_04_bad_48,clamp_bad_CWE122_Heap_Based_Buffer_Overflow__c_CWE806_char_loop_04_bad_48,non_sanitizer,CWE122,04,c,/Users/saqif/Desktop/UCSB/ucsb_classes/w26/cs293G/joern/benchmarks/juliet/manifests/stage_b_clamp_transform_manifest.json
B,CWE122_Heap_Based_Buffer_Overflow/s09/CWE122_Heap_Based_Buffer_Overflow__c_CWE806_char_loop_05.c,58,48,rewritten,CWE122_Heap_Based_Buffer_Overflow__c_CWE806_char_loop_05_bad,clamp_bad_CWE122_Heap_Based_Buffer_Overflow__c_CWE806_char_loop_05_bad_48,clamp_bad_CWE122_Heap_Based_Buffer_Overflow__c_CWE806_char_loop_05_bad_48,non_sanitizer,CWE122,05,c,/Users/saqif/Desktop/UCSB/ucsb_classes/w26/cs293G/joern/benchmarks/juliet/manifests/stage_b_clamp_transform_manifest.json
B,CWE122_Heap_Based_Buffer_Overflow/s09/CWE122_Heap_Based_Buffer_Overflow__c_CWE806_char_loop_06.c,55,45,rewritten,CWE122_Heap_Based_Buffer_Overflow__c_CWE806_char_loop_06_bad,clamp_bad_CWE122_Heap_Based_Buffer_Overflow__c_CWE806_char_loop_06_bad_45,clamp_bad_CWE122_Heap_Based_Buffer_Overflow__c_CWE806_char_loop_06_bad_45,non_sanitizer,CWE122,06,c,/Users/saqif/Desktop/UCSB/ucsb_classes/w26/cs293G/joern/benchmarks/juliet/manifests/stage_b_clamp_transform_manifest.json
B,CWE122_Heap_Based_Buffer_Overflow/s09/CWE122_Heap_Based_Buffer_Overflow__c_CWE806_char_loop_07.c,57,47,rewritten,CWE122_Heap_Based_Buffer_Overflow__c_CWE806_char_loop_07_bad,clamp_bad_CWE122_Heap_Based_Buffer_Overflow__c_CWE806_char_loop_07_bad_47,clamp_bad_CWE122_Heap_Based_Buffer_Overflow__c_CWE806_char_loop_07_bad_47,non_sanitizer,CWE122,07,c,/Users/saqif/Desktop/UCSB/ucsb_classes/w26/cs293G/joern/benchmarks/juliet/manifests/stage_b_clamp_transform_manifest.json
B,CWE122_Heap_Based_Buffer_Overflow/s09/CWE122_Heap_Based_Buffer_Overflow__c_CWE806_char_loop_08.c,65,55,rewritten,CWE122_Heap_Based_Buffer_Overflow__c_CWE806_char_loop_08_bad,clamp_bad_CWE122_Heap_Based_Buffer_Overflow__c_CWE806_char_loop_08_bad_55,clamp_bad_CWE122_Heap_Based_Buffer_Overflow__c_CWE806_char_loop_08_bad_55,non_sanitizer,CWE122,08,c,/Users/saqif/Desktop/UCSB/ucsb_classes/w26/cs293G/joern/benchmarks/juliet/manifests/stage_b_clamp_transform_manifest.json
B,CWE122_Heap_Based_Buffer_Overflow/s09/CWE122_Heap_Based_Buffer_Overflow__c_CWE806_char_loop_09.c,51,41,rewritten,CWE122_Heap_Based_Buffer_Overflow__c_CWE806_char_loop_09_bad,clamp_bad_CWE122_Heap_Based_Buffer_Overflow__c_CWE806_char_loop_09_bad_41,clamp_bad_CWE122_Heap_Based_Buffer_Overflow__c_CWE806_char_loop_09_bad_41,non_sanitizer,CWE122,09,c,/Users/saqif/Desktop/UCSB/ucsb_classes/w26/cs293G/joern/benchmarks/juliet/manifests/stage_b_clamp_transform_manifest.json
B,CWE122_Heap_Based_Buffer_Overflow/s09/CWE122_Heap_Based_Buffer_Overflow__c_CWE806_char_loop_10.c,51,41,rewritten,CWE122_Heap_Based_Buffer_Overflow__c_CWE806_char_loop_10_bad,clamp_bad_CWE122_Heap_Based_Buffer_Overflow__c_CWE806_char_loop_10_bad_41,clamp_bad_CWE122_Heap_Based_Buffer_Overflow__c_CWE806_char_loop_10_bad_41,non_sanitizer,CWE122,10,c,/Users/saqif/Desktop/UCSB/ucsb_classes/w26/cs293G/joern/benchmarks/juliet/manifests/stage_b_clamp_transform_manifest.json
B,CWE122_Heap_Based_Buffer_Overflow/s09/CWE122_Heap_Based_Buffer_Overflow__c_CWE806_char_loop_11.c,51,41,rewritten,CWE122_Heap_Based_Buffer_Overflow__c_CWE806_char_loop_11_bad,clamp_bad_CWE122_Heap_Based_Buffer_Overflow__c_CWE806_char_loop_11_bad_41,clamp_bad_CWE122_Heap_Based_Buffer_Overflow__c_CWE806_char_loop_11_bad_41,non_sanitizer,CWE122,11,c,/Users/saqif/Desktop/UCSB/ucsb_classes/w26/cs293G/joern/benchmarks/juliet/manifests/stage_b_clamp_transform_manifest.json
B,CWE122_Heap_Based_Buffer_Overflow/s09/CWE122_Heap_Based_Buffer_Overflow__c_CWE806_char_loop_12.c,57,47,rewritten,CWE122_Heap_Based_Buffer_Overflow__c_CWE806_char_loop_12_bad,clamp_bad_CWE122_Heap_Based_Buffer_Overflow__c_CWE806_char_loop_12_bad_47,clamp_bad_CWE122_Heap_Based_Buffer_Overflow__c_CWE806_char_loop_12_bad_47,non_sanitizer,CWE122,12,c,/Users/saqif/Desktop/UCSB/ucsb_classes/w26/cs293G/joern/benchmarks/juliet/manifests/stage_b_clamp_transform_manifest.json
B,CWE122_Heap_Based_Buffer_Overflow/s09/CWE122_Heap_Based_Buffer_Overflow__c_CWE806_char_loop_13.c,51,41,rewritten,CWE122_Heap_Based_Buffer_Overflow__c_CWE806_char_loop_13_bad,clamp_bad_CWE122_Heap_Based_Buffer_Overflow__c_CWE806_char_loop_13_bad_41,clamp_bad_CWE122_Heap_Based_Buffer_Overflow__c_CWE806_char_loop_13_bad_41,non_sanitizer,CWE122,13,c,/Users/saqif/Desktop/UCSB/ucsb_classes/w26/cs293G/joern/benchmarks/juliet/manifests/stage_b_clamp_transform_manifest.json
B,CWE122_Heap_Based_Buffer_Overflow/s09/CWE122_Heap_Based_Buffer_Overflow__c_CWE806_char_loop_14.c,51,41,rewritten,CWE122_Heap_Based_Buffer_Overflow__c_CWE806_char_loop_14_bad,clamp_bad_CWE122_Heap_Based_Buffer_Overflow__c_CWE806_char_loop_14_bad_41,clamp_bad_CWE122_Heap_Based_Buffer_Overflow__c_CWE806_char_loop_14_bad_41,non_sanitizer,CWE122,14,c,/Users/saqif/Desktop/UCSB/ucsb_classes/w26/cs293G/joern/benchmarks/juliet/manifests/stage_b_clamp_transform_manifest.json
B,CWE122_Heap_Based_Buffer_Overflow/s09/CWE122_Heap_Based_Buffer_Overflow__c_CWE806_char_loop_15.c,57,47,rewritten,CWE122_Heap_Based_Buffer_Overflow__c_CWE806_char_loop_15_bad,clamp_bad_CWE122_Heap_Based_Buffer_Overflow__c_CWE806_char_loop_15_bad_47,clamp_bad_CWE122_Heap_Based_Buffer_Overflow__c_CWE806_char_loop_15_bad_47,non_sanitizer,CWE122,15,c,/Users/saqif/Desktop/UCSB/ucsb_classes/w26/cs293G/joern/benchmarks/juliet/manifests/stage_b_clamp_transform_manifest.json
B,CWE122_Heap_Based_Buffer_Overflow/s09/CWE122_Heap_Based_Buffer_Overflow__c_CWE806_char_loop_16.c,52,42,rewritten,CWE122_Heap_Based_Buffer_Overflow__c_CWE806_char_loop_16_bad,clamp_bad_CWE122_Heap_Based_Buffer_Overflow__c_CWE806_char_loop_16_bad_42,clamp_bad_CWE122_Heap_Based_Buffer_Overflow__c_CWE806_char_loop_16_bad_42,non_sanitizer,CWE122,16,c,/Users/saqif/Desktop/UCSB/ucsb_classes/w26/cs293G/joern/benchmarks/juliet/manifests/stage_b_clamp_transform_manifest.json
B,CWE122_Heap_Based_Buffer_Overflow/s09/CWE122_Heap_Based_Buffer_Overflow__c_CWE806_char_loop_17.c,52,42,rewritten,CWE122_Heap_Based_Buffer_Overflow__c_CWE806_char_loop_17_bad,clamp_bad_CWE122_Heap_Based_Buffer_Overflow__c_CWE806_char_loop_17_bad_42,clamp_bad_CWE122_Heap_Based_Buffer_Overflow__c_CWE806_char_loop_17_bad_42,non_sanitizer,CWE122,17,c,/Users/saqif/Desktop/UCSB/ucsb_classes/w26/cs293G/joern/benchmarks/juliet/manifests/stage_b_clamp_transform_manifest.json
B,CWE122_Heap_Based_Buffer_Overflow/s09/CWE122_Heap_Based_Buffer_Overflow__c_CWE806_char_loop_18.c,50,40,rewritten,CWE122_Heap_Based_Buffer_Overflow__c_CWE806_char_loop_18_bad,clamp_bad_CWE122_Heap_Based_Buffer_Overflow__c_CWE806_char_loop_18_bad_40,clamp_bad_CWE122_Heap_Based_Buffer_Overflow__c_CWE806_char_loop_18_bad_40,non_sanitizer,CWE122,18,c,/Users/saqif/Desktop/UCSB/ucsb_classes/w26/cs293G/joern/benchmarks/juliet/manifests/stage_b_clamp_transform_manifest.json
B,CWE122_Heap_Based_Buffer_Overflow/s09/CWE122_Heap_Based_Buffer_Overflow__c_CWE806_char_loop_21.c,61,51,rewritten,CWE122_Heap_Based_Buffer_Overflow__c_CWE806_char_loop_21_bad,clamp_bad_CWE122_Heap_Based_Buffer_Overflow__c_CWE806_char_loop_21_bad_51,clamp_bad_CWE122_Heap_Based_Buffer_Overflow__c_CWE806_char_loop_21_bad_51,non_sanitizer,CWE122,21,c,/Users/saqif/Desktop/UCSB/ucsb_classes/w26/cs293G/joern/benchmarks/juliet/manifests/stage_b_clamp_transform_manifest.json
B,CWE122_Heap_Based_Buffer_Overflow/s09/CWE122_Heap_Based_Buffer_Overflow__c_CWE806_char_loop_22a.c,52,42,rewritten,CWE122_Heap_Based_Buffer_Overflow__c_CWE806_char_loop_22_bad,clamp_bad_CWE122_Heap_Based_Buffer_Overflow__c_CWE806_char_loop_22_bad_42,clamp_bad_CWE122_Heap_Based_Buffer_Overflow__c_CWE806_char_loop_22_bad_42,non_sanitizer,CWE122,22,c,/Users/saqif/Desktop/UCSB/ucsb_classes/w26/cs293G/joern/benchmarks/juliet/manifests/stage_b_clamp_transform_manifest.json
B,CWE122_Heap_Based_Buffer_Overflow/s09/CWE122_Heap_Based_Buffer_Overflow__c_CWE806_char_loop_31.c,51,41,rewritten,CWE122_Heap_Based_Buffer_Overflow__c_CWE806_char_loop_31_bad,clamp_bad_CWE122_Heap_Based_Buffer_Overflow__c_CWE806_char_loop_31_bad_41,clamp_bad_CWE122_Heap_Based_Buffer_Overflow__c_CWE806_char_loop_31_bad_41,non_sanitizer,CWE122,31,c,/Users/saqif/Desktop/UCSB/ucsb_classes/w26/cs293G/joern/benchmarks/juliet/manifests/stage_b_clamp_transform_manifest.json
B,CWE122_Heap_Based_Buffer_Overflow/s09/CWE122_Heap_Based_Buffer_Overflow__c_CWE806_char_loop_32.c,56,46,rewritten,CWE122_Heap_Based_Buffer_Overflow__c_CWE806_char_loop_32_bad,clamp_bad_CWE122_Heap_Based_Buffer_Overflow__c_CWE806_char_loop_32_bad_46,clamp_bad_CWE122_Heap_Based_Buffer_Overflow__c_CWE806_char_loop_32_bad_46,non_sanitizer,CWE122,32,c,/Users/saqif/Desktop/UCSB/ucsb_classes/w26/cs293G/joern/benchmarks/juliet/manifests/stage_b_clamp_transform_manifest.json
B,CWE122_Heap_Based_Buffer_Overflow/s09/CWE122_Heap_Based_Buffer_Overflow__c_CWE806_char_loop_33.cpp,54,44,rewritten,bad,clamp_bad_bad_44,clamp_bad_bad_44,non_sanitizer,CWE122,33,cpp,/Users/saqif/Desktop/UCSB/ucsb_classes/w26/cs293G/joern/benchmarks/juliet/manifests/stage_b_clamp_transform_manifest.json
B,CWE122_Heap_Based_Buffer_Overflow/s09/CWE122_Heap_Based_Buffer_Overflow__c_CWE806_char_loop_34.c,58,48,rewritten,CWE122_Heap_Based_Buffer_Overflow__c_CWE806_char_loop_34_bad,clamp_bad_CWE122_Heap_Based_Buffer_Overflow__c_CWE806_char_loop_34_bad_48,clamp_bad_CWE122_Heap_Based_Buffer_Overflow__c_CWE806_char_loop_34_bad_48,non_sanitizer,CWE122,34,c,/Users/saqif/Desktop/UCSB/ucsb_classes/w26/cs293G/joern/benchmarks/juliet/manifests/stage_b_clamp_transform_manifest.json
B,CWE122_Heap_Based_Buffer_Overflow/s09/CWE122_Heap_Based_Buffer_Overflow__c_CWE806_char_loop_42.c,54,44,rewritten,CWE122_Heap_Based_Buffer_Overflow__c_CWE806_char_loop_42_bad,clamp_bad_CWE122_Heap_Based_Buffer_Overflow__c_CWE806_char_loop_42_bad_44,clamp_bad_CWE122_Heap_Based_Buffer_Overflow__c_CWE806_char_loop_42_bad_44,non_sanitizer,CWE122,42,c,/Users/saqif/Desktop/UCSB/ucsb_classes/w26/cs293G/joern/benchmarks/juliet/manifests/stage_b_clamp_transform_manifest.json
B,CWE122_Heap_Based_Buffer_Overflow/s09/CWE122_Heap_Based_Buffer_Overflow__c_CWE806_char_loop_43.cpp,56,46,rewritten,bad,clamp_bad_bad_46,clamp_bad_bad_46,non_sanitizer,CWE122,43,cpp,/Users/saqif/Desktop/UCSB/ucsb_classes/w26/cs293G/joern/benchmarks/juliet/manifests/stage_b_clamp_transform_manifest.json
B,CWE122_Heap_Based_Buffer_Overflow/s09/CWE122_Heap_Based_Buffer_Overflow__c_CWE806_wchar_t_loop_02.c,51,41,rewritten,CWE122_Heap_Based_Buffer_Overflow__c_CWE806_wchar_t_loop_02_bad,clamp_bad_CWE122_Heap_Based_Buffer_Overflow__c_CWE806_wchar_t_loop_02_bad_41,clamp_bad_CWE122_Heap_Based_Buffer_Overflow__c_CWE806_wchar_t_loop_02_bad_41,non_sanitizer,CWE122,02,c,/Users/saqif/Desktop/UCSB/ucsb_classes/w26/cs293G/joern/benchmarks/juliet/manifests/stage_b_clamp_transform_manifest.json
B,CWE122_Heap_Based_Buffer_Overflow/s09/CWE122_Heap_Based_Buffer_Overflow__c_CWE806_wchar_t_loop_03.c,51,41,rewritten,CWE122_Heap_Based_Buffer_Overflow__c_CWE806_wchar_t_loop_03_bad,clamp_bad_CWE122_Heap_Based_Buffer_Overflow__c_CWE806_wchar_t_loop_03_bad_41,clamp_bad_CWE122_Heap_Based_Buffer_Overflow__c_CWE806_wchar_t_loop_03_bad_41,non_sanitizer,CWE122,03,c,/Users/saqif/Desktop/UCSB/ucsb_classes/w26/cs293G/joern/benchmarks/juliet/manifests/stage_b_clamp_transform_manifest.json
B,CWE122_Heap_Based_Buffer_Overflow/s09/CWE122_Heap_Based_Buffer_Overflow__c_CWE806_wchar_t_loop_04.c,58,48,rewritten,CWE122_Heap_Based_Buffer_Overflow__c_CWE806_wchar_t_loop_04_bad,clamp_bad_CWE122_Heap_Based_Buffer_Overflow__c_CWE806_wchar_t_loop_04_bad_48,clamp_bad_CWE122_Heap_Based_Buffer_Overflow__c_CWE806_wchar_t_loop_04_bad_48,non_sanitizer,CWE122,04,c,/Users/saqif/Desktop/UCSB/ucsb_classes/w26/cs293G/joern/benchmarks/juliet/manifests/stage_b_clamp_transform_manifest.json
B,CWE122_Heap_Based_Buffer_Overflow/s09/CWE122_Heap_Based_Buffer_Overflow__c_CWE806_wchar_t_loop_05.c,58,48,rewritten,CWE122_Heap_Based_Buffer_Overflow__c_CWE806_wchar_t_loop_05_bad,clamp_bad_CWE122_Heap_Based_Buffer_Overflow__c_CWE806_wchar_t_loop_05_bad_48,clamp_bad_CWE122_Heap_Based_Buffer_Overflow__c_CWE806_wchar_t_loop_05_bad_48,non_sanitizer,CWE122,05,c,/Users/saqif/Desktop/UCSB/ucsb_classes/w26/cs293G/joern/benchmarks/juliet/manifests/stage_b_clamp_transform_manifest.json
B,CWE122_Heap_Based_Buffer_Overflow/s09/CWE122_Heap_Based_Buffer_Overflow__c_CWE806_wchar_t_loop_06.c,55,45,rewritten,CWE122_Heap_Based_Buffer_Overflow__c_CWE806_wchar_t_loop_06_bad,clamp_bad_CWE122_Heap_Based_Buffer_Overflow__c_CWE806_wchar_t_loop_06_bad_45,clamp_bad_CWE122_Heap_Based_Buffer_Overflow__c_CWE806_wchar_t_loop_06_bad_45,non_sanitizer,CWE122,06,c,/Users/saqif/Desktop/UCSB/ucsb_classes/w26/cs293G/joern/benchmarks/juliet/manifests/stage_b_clamp_transform_manifest.json
B,CWE122_Heap_Based_Buffer_Overflow/s09/CWE122_Heap_Based_Buffer_Overflow__c_CWE806_wchar_t_loop_07.c,57,47,rewritten,CWE122_Heap_Based_Buffer_Overflow__c_CWE806_wchar_t_loop_07_bad,clamp_bad_CWE122_Heap_Based_Buffer_Overflow__c_CWE806_wchar_t_loop_07_bad_47,clamp_bad_CWE122_Heap_Based_Buffer_Overflow__c_CWE806_wchar_t_loop_07_bad_47,non_sanitizer,CWE122,07,c,/Users/saqif/Desktop/UCSB/ucsb_classes/w26/cs293G/joern/benchmarks/juliet/manifests/stage_b_clamp_transform_manifest.json
B,CWE122_Heap_Based_Buffer_Overflow/s09/CWE122_Heap_Based_Buffer_Overflow__c_CWE806_wchar_t_loop_08.c,65,55,rewritten,CWE122_Heap_Based_Buffer_Overflow__c_CWE806_wchar_t_loop_08_bad,clamp_bad_CWE122_Heap_Based_Buffer_Overflow__c_CWE806_wchar_t_loop_08_bad_55,clamp_bad_CWE122_Heap_Based_Buffer_Overflow__c_CWE806_wchar_t_loop_08_bad_55,non_sanitizer,CWE122,08,c,/Users/saqif/Desktop/UCSB/ucsb_classes/w26/cs293G/joern/benchmarks/juliet/manifests/stage_b_clamp_transform_manifest.json
B,CWE122_Heap_Based_Buffer_Overflow/s09/CWE122_Heap_Based_Buffer_Overflow__c_CWE806_wchar_t_loop_09.c,51,41,rewritten,CWE122_Heap_Based_Buffer_Overflow__c_CWE806_wchar_t_loop_09_bad,clamp_bad_CWE122_Heap_Based_Buffer_Overflow__c_CWE806_wchar_t_loop_09_bad_41,clamp_bad_CWE122_Heap_Based_Buffer_Overflow__c_CWE806_wchar_t_loop_09_bad_41,non_sanitizer,CWE122,09,c,/Users/saqif/Desktop/UCSB/ucsb_classes/w26/cs293G/joern/benchmarks/juliet/manifests/stage_b_clamp_transform_manifest.json
B,CWE122_Heap_Based_Buffer_Overflow/s09/CWE122_Heap_Based_Buffer_Overflow__c_CWE806_wchar_t_loop_10.c,51,41,rewritten,CWE122_Heap_Based_Buffer_Overflow__c_CWE806_wchar_t_loop_10_bad,clamp_bad_CWE122_Heap_Based_Buffer_Overflow__c_CWE806_wchar_t_loop_10_bad_41,clamp_bad_CWE122_Heap_Based_Buffer_Overflow__c_CWE806_wchar_t_loop_10_bad_41,non_sanitizer,CWE122,10,c,/Users/saqif/Desktop/UCSB/ucsb_classes/w26/cs293G/joern/benchmarks/juliet/manifests/stage_b_clamp_transform_manifest.json
B,CWE122_Heap_Based_Buffer_Overflow/s09/CWE122_Heap_Based_Buffer_Overflow__c_CWE806_wchar_t_loop_11.c,51,41,rewritten,CWE122_Heap_Based_Buffer_Overflow__c_CWE806_wchar_t_loop_11_bad,clamp_bad_CWE122_Heap_Based_Buffer_Overflow__c_CWE806_wchar_t_loop_11_bad_41,clamp_bad_CWE122_Heap_Based_Buffer_Overflow__c_CWE806_wchar_t_loop_11_bad_41,non_sanitizer,CWE122,11,c,/Users/saqif/Desktop/UCSB/ucsb_classes/w26/cs293G/joern/benchmarks/juliet/manifests/stage_b_clamp_transform_manifest.json
B,CWE122_Heap_Based_Buffer_Overflow/s09/CWE122_Heap_Based_Buffer_Overflow__c_CWE806_wchar_t_loop_12.c,57,47,rewritten,CWE122_Heap_Based_Buffer_Overflow__c_CWE806_wchar_t_loop_12_bad,clamp_bad_CWE122_Heap_Based_Buffer_Overflow__c_CWE806_wchar_t_loop_12_bad_47,clamp_bad_CWE122_Heap_Based_Buffer_Overflow__c_CWE806_wchar_t_loop_12_bad_47,non_sanitizer,CWE122,12,c,/Users/saqif/Desktop/UCSB/ucsb_classes/w26/cs293G/joern/benchmarks/juliet/manifests/stage_b_clamp_transform_manifest.json
B,CWE122_Heap_Based_Buffer_Overflow/s09/CWE122_Heap_Based_Buffer_Overflow__c_CWE806_wchar_t_loop_13.c,51,41,rewritten,CWE122_Heap_Based_Buffer_Overflow__c_CWE806_wchar_t_loop_13_bad,clamp_bad_CWE122_Heap_Based_Buffer_Overflow__c_CWE806_wchar_t_loop_13_bad_41,clamp_bad_CWE122_Heap_Based_Buffer_Overflow__c_CWE806_wchar_t_loop_13_bad_41,non_sanitizer,CWE122,13,c,/Users/saqif/Desktop/UCSB/ucsb_classes/w26/cs293G/joern/benchmarks/juliet/manifests/stage_b_clamp_transform_manifest.json
B,CWE122_Heap_Based_Buffer_Overflow/s09/CWE122_Heap_Based_Buffer_Overflow__c_CWE806_wchar_t_loop_14.c,51,41,rewritten,CWE122_Heap_Based_Buffer_Overflow__c_CWE806_wchar_t_loop_14_bad,clamp_bad_CWE122_Heap_Based_Buffer_Overflow__c_CWE806_wchar_t_loop_14_bad_41,clamp_bad_CWE122_Heap_Based_Buffer_Overflow__c_CWE806_wchar_t_loop_14_bad_41,non_sanitizer,CWE122,14,c,/Users/saqif/Desktop/UCSB/ucsb_classes/w26/cs293G/joern/benchmarks/juliet/manifests/stage_b_clamp_transform_manifest.json
B,CWE122_Heap_Based_Buffer_Overflow/s09/CWE122_Heap_Based_Buffer_Overflow__c_CWE806_wchar_t_loop_15.c,57,47,rewritten,CWE122_Heap_Based_Buffer_Overflow__c_CWE806_wchar_t_loop_15_bad,clamp_bad_CWE122_Heap_Based_Buffer_Overflow__c_CWE806_wchar_t_loop_15_bad_47,clamp_bad_CWE122_Heap_Based_Buffer_Overflow__c_CWE806_wchar_t_loop_15_bad_47,non_sanitizer,CWE122,15,c,/Users/saqif/Desktop/UCSB/ucsb_classes/w26/cs293G/joern/benchmarks/juliet/manifests/stage_b_clamp_transform_manifest.json
B,CWE122_Heap_Based_Buffer_Overflow/s09/CWE122_Heap_Based_Buffer_Overflow__c_CWE806_wchar_t_loop_16.c,52,42,rewritten,CWE122_Heap_Based_Buffer_Overflow__c_CWE806_wchar_t_loop_16_bad,clamp_bad_CWE122_Heap_Based_Buffer_Overflow__c_CWE806_wchar_t_loop_16_bad_42,clamp_bad_CWE122_Heap_Based_Buffer_Overflow__c_CWE806_wchar_t_loop_16_bad_42,non_sanitizer,CWE122,16,c,/Users/saqif/Desktop/UCSB/ucsb_classes/w26/cs293G/joern/benchmarks/juliet/manifests/stage_b_clamp_transform_manifest.json
B,CWE122_Heap_Based_Buffer_Overflow/s09/CWE122_Heap_Based_Buffer_Overflow__c_CWE806_wchar_t_loop_17.c,52,42,rewritten,CWE122_Heap_Based_Buffer_Overflow__c_CWE806_wchar_t_loop_17_bad,clamp_bad_CWE122_Heap_Based_Buffer_Overflow__c_CWE806_wchar_t_loop_17_bad_42,clamp_bad_CWE122_Heap_Based_Buffer_Overflow__c_CWE806_wchar_t_loop_17_bad_42,non_sanitizer,CWE122,17,c,/Users/saqif/Desktop/UCSB/ucsb_classes/w26/cs293G/joern/benchmarks/juliet/manifests/stage_b_clamp_transform_manifest.json
B,CWE122_Heap_Based_Buffer_Overflow/s09/CWE122_Heap_Based_Buffer_Overflow__c_CWE806_wchar_t_loop_18.c,50,40,rewritten,CWE122_Heap_Based_Buffer_Overflow__c_CWE806_wchar_t_loop_18_bad,clamp_bad_CWE122_Heap_Based_Buffer_Overflow__c_CWE806_wchar_t_loop_18_bad_40,clamp_bad_CWE122_Heap_Based_Buffer_Overflow__c_CWE806_wchar_t_loop_18_bad_40,non_sanitizer,CWE122,18,c,/Users/saqif/Desktop/UCSB/ucsb_classes/w26/cs293G/joern/benchmarks/juliet/manifests/stage_b_clamp_transform_manifest.json
B,CWE122_Heap_Based_Buffer_Overflow/s09/CWE122_Heap_Based_Buffer_Overflow__c_CWE806_wchar_t_loop_21.c,61,51,rewritten,CWE122_Heap_Based_Buffer_Overflow__c_CWE806_wchar_t_loop_21_bad,clamp_bad_CWE122_Heap_Based_Buffer_Overflow__c_CWE806_wchar_t_loop_21_bad_51,clamp_bad_CWE122_Heap_Based_Buffer_Overflow__c_CWE806_wchar_t_loop_21_bad_51,non_sanitizer,CWE122,21,c,/Users/saqif/Desktop/UCSB/ucsb_classes/w26/cs293G/joern/benchmarks/juliet/manifests/stage_b_clamp_transform_manifest.json
B,CWE122_Heap_Based_Buffer_Overflow/s09/CWE122_Heap_Based_Buffer_Overflow__c_CWE806_wchar_t_loop_22a.c,52,42,rewritten,CWE122_Heap_Based_Buffer_Overflow__c_CWE806_wchar_t_loop_22_bad,clamp_bad_CWE122_Heap_Based_Buffer_Overflow__c_CWE806_wchar_t_loop_22_bad_42,clamp_bad_CWE122_Heap_Based_Buffer_Overflow__c_CWE806_wchar_t_loop_22_bad_42,non_sanitizer,CWE122,22,c,/Users/saqif/Desktop/UCSB/ucsb_classes/w26/cs293G/joern/benchmarks/juliet/manifests/stage_b_clamp_transform_manifest.json
B,CWE122_Heap_Based_Buffer_Overflow/s09/CWE122_Heap_Based_Buffer_Overflow__c_CWE806_wchar_t_loop_31.c,51,41,rewritten,CWE122_Heap_Based_Buffer_Overflow__c_CWE806_wchar_t_loop_31_bad,clamp_bad_CWE122_Heap_Based_Buffer_Overflow__c_CWE806_wchar_t_loop_31_bad_41,clamp_bad_CWE122_Heap_Based_Buffer_Overflow__c_CWE806_wchar_t_loop_31_bad_41,non_sanitizer,CWE122,31,c,/Users/saqif/Desktop/UCSB/ucsb_classes/w26/cs293G/joern/benchmarks/juliet/manifests/stage_b_clamp_transform_manifest.json
B,CWE122_Heap_Based_Buffer_Overflow/s09/CWE122_Heap_Based_Buffer_Overflow__c_CWE806_wchar_t_loop_32.c,56,46,rewritten,CWE122_Heap_Based_Buffer_Overflow__c_CWE806_wchar_t_loop_32_bad,clamp_bad_CWE122_Heap_Based_Buffer_Overflow__c_CWE806_wchar_t_loop_32_bad_46,clamp_bad_CWE122_Heap_Based_Buffer_Overflow__c_CWE806_wchar_t_loop_32_bad_46,non_sanitizer,CWE122,32,c,/Users/saqif/Desktop/UCSB/ucsb_classes/w26/cs293G/joern/benchmarks/juliet/manifests/stage_b_clamp_transform_manifest.json
B,CWE122_Heap_Based_Buffer_Overflow/s09/CWE122_Heap_Based_Buffer_Overflow__c_CWE806_wchar_t_loop_33.cpp,54,44,rewritten,bad,clamp_bad_bad_44,clamp_bad_bad_44,non_sanitizer,CWE122,33,cpp,/Users/saqif/Desktop/UCSB/ucsb_classes/w26/cs293G/joern/benchmarks/juliet/manifests/stage_b_clamp_transform_manifest.json
B,CWE122_Heap_Based_Buffer_Overflow/s09/CWE122_Heap_Based_Buffer_Overflow__c_CWE806_wchar_t_loop_34.c,58,48,rewritten,CWE122_Heap_Based_Buffer_Overflow__c_CWE806_wchar_t_loop_34_bad,clamp_bad_CWE122_Heap_Based_Buffer_Overflow__c_CWE806_wchar_t_loop_34_bad_48,clamp_bad_CWE122_Heap_Based_Buffer_Overflow__c_CWE806_wchar_t_loop_34_bad_48,non_sanitizer,CWE122,34,c,/Users/saqif/Desktop/UCSB/ucsb_classes/w26/cs293G/joern/benchmarks/juliet/manifests/stage_b_clamp_transform_manifest.json
B,CWE122_Heap_Based_Buffer_Overflow/s09/CWE122_Heap_Based_Buffer_Overflow__c_CWE806_wchar_t_loop_42.c,54,44,rewritten,CWE122_Heap_Based_Buffer_Overflow__c_CWE806_wchar_t_loop_42_bad,clamp_bad_CWE122_Heap_Based_Buffer_Overflow__c_CWE806_wchar_t_loop_42_bad_44,clamp_bad_CWE122_Heap_Based_Buffer_Overflow__c_CWE806_wchar_t_loop_42_bad_44,non_sanitizer,CWE122,42,c,/Users/saqif/Desktop/UCSB/ucsb_classes/w26/cs293G/joern/benchmarks/juliet/manifests/stage_b_clamp_transform_manifest.json
B,CWE122_Heap_Based_Buffer_Overflow/s09/CWE122_Heap_Based_Buffer_Overflow__c_CWE806_wchar_t_loop_43.cpp,56,46,rewritten,bad,clamp_bad_bad_46,clamp_bad_bad_46,non_sanitizer,CWE122,43,cpp,/Users/saqif/Desktop/UCSB/ucsb_classes/w26/cs293G/joern/benchmarks/juliet/manifests/stage_b_clamp_transform_manifest.json
C,CWE121_Stack_Based_Buffer_Overflow/s01/CWE121_Stack_Based_Buffer_Overflow__CWE129_connect_socket_51b.c,116,104,rewritten,CWE121_Stack_Based_Buffer_Overflow__CWE129_connect_socket_51b_goodB2GSink,clamp_good_CWE121_Stack_Based_Buffer_Overflow__CWE129_connect_socket_51b_goodB2GSink_104,clamp_good_CWE121_Stack_Based_Buffer_Overflow__CWE129_connect_socket_51b_goodB2GSink_104,sanitizer,CWE121,51,c,/Users/saqif/Desktop/UCSB/ucsb_classes/w26/cs293G/joern/benchmarks/juliet/manifests/stage_c_clamp_transform_manifest.json
C,CWE121_Stack_Based_Buffer_Overflow/s01/CWE121_Stack_Based_Buffer_Overflow__CWE129_connect_socket_52c.c,116,104,rewritten,CWE121_Stack_Based_Buffer_Overflow__CWE129_connect_socket_52c_goodB2GSink,clamp_good_CWE121_Stack_Based_Buffer_Overflow__CWE129_connect_socket_52c_goodB2GSink_104,clamp_good_CWE121_Stack_Based_Buffer_Overflow__CWE129_connect_socket_52c_goodB2GSink_104,sanitizer,CWE121,52,c,/Users/saqif/Desktop/UCSB/ucsb_classes/w26/cs293G/joern/benchmarks/juliet/manifests/stage_c_clamp_transform_manifest.json
C,CWE121_Stack_Based_Buffer_Overflow/s01/CWE121_Stack_Based_Buffer_Overflow__CWE129_connect_socket_53d.c,116,104,rewritten,CWE121_Stack_Based_Buffer_Overflow__CWE129_connect_socket_53d_goodB2GSink,clamp_good_CWE121_Stack_Based_Buffer_Overflow__CWE129_connect_socket_53d_goodB2GSink_104,clamp_good_CWE121_Stack_Based_Buffer_Overflow__CWE129_connect_socket_53d_goodB2GSink_104,sanitizer,CWE121,53,c,/Users/saqif/Desktop/UCSB/ucsb_classes/w26/cs293G/joern/benchmarks/juliet/manifests/stage_c_clamp_transform_manifest.json
C,CWE121_Stack_Based_Buffer_Overflow/s01/CWE121_Stack_Based_Buffer_Overflow__CWE129_connect_socket_54e.c,116,104,rewritten,CWE121_Stack_Based_Buffer_Overflow__CWE129_connect_socket_54e_goodB2GSink,clamp_good_CWE121_Stack_Based_Buffer_Overflow__CWE129_connect_socket_54e_goodB2GSink_104,clamp_good_CWE121_Stack_Based_Buffer_Overflow__CWE129_connect_socket_54e_goodB2GSink_104,sanitizer,CWE121,54,c,/Users/saqif/Desktop/UCSB/ucsb_classes/w26/cs293G/joern/benchmarks/juliet/manifests/stage_c_clamp_transform_manifest.json
C,CWE121_Stack_Based_Buffer_Overflow/s01/CWE121_Stack_Based_Buffer_Overflow__CWE129_connect_socket_61a.c,81,60,rewritten,CWE121_Stack_Based_Buffer_Overflow__CWE129_connect_socket_61_bad,clamp_bad_CWE121_Stack_Based_Buffer_Overflow__CWE129_connect_socket_61_bad_60,clamp_bad_CWE121_Stack_Based_Buffer_Overflow__CWE129_connect_socket_61_bad_60,non_sanitizer,CWE121,61,c,/Users/saqif/Desktop/UCSB/ucsb_classes/w26/cs293G/joern/benchmarks/juliet/manifests/stage_c_clamp_transform_manifest.json
C,CWE121_Stack_Based_Buffer_Overflow/s01/CWE121_Stack_Based_Buffer_Overflow__CWE129_connect_socket_61a.c,144,123,rewritten,goodB2G,clamp_good_goodB2G_123,clamp_good_goodB2G_123,sanitizer,CWE121,61,c,/Users/saqif/Desktop/UCSB/ucsb_classes/w26/cs293G/joern/benchmarks/juliet/manifests/stage_c_clamp_transform_manifest.json
C,CWE121_Stack_Based_Buffer_Overflow/s01/CWE121_Stack_Based_Buffer_Overflow__CWE129_connect_socket_62a.cpp,20,41,rewritten,bad,clamp_bad_bad_41,clamp_bad_bad_41,non_sanitizer,CWE121,62,cpp,/Users/saqif/Desktop/UCSB/ucsb_classes/w26/cs293G/joern/benchmarks/juliet/manifests/stage_c_clamp_transform_manifest.json
C,CWE121_Stack_Based_Buffer_Overflow/s01/CWE121_Stack_Based_Buffer_Overflow__CWE129_connect_socket_62a.cpp,125,104,rewritten,goodB2G,clamp_good_goodB2G_104,clamp_good_goodB2G_104,sanitizer,CWE121,62,cpp,/Users/saqif/Desktop/UCSB/ucsb_classes/w26/cs293G/joern/benchmarks/juliet/manifests/stage_c_clamp_transform_manifest.json
C,CWE121_Stack_Based_Buffer_Overflow/s01/CWE121_Stack_Based_Buffer_Overflow__CWE129_connect_socket_63b.c,119,107,rewritten,CWE121_Stack_Based_Buffer_Overflow__CWE129_connect_socket_63b_goodB2GSink,clamp_good_CWE121_Stack_Based_Buffer_Overflow__CWE129_connect_socket_63b_goodB2GSink_107,clamp_good_CWE121_Stack_Based_Buffer_Overflow__CWE129_connect_socket_63b_goodB2GSink_107,sanitizer,CWE121,63,c,/Users/saqif/Desktop/UCSB/ucsb_classes/w26/cs293G/joern/benchmarks/juliet/manifests/stage_c_clamp_transform_manifest.json
C,CWE121_Stack_Based_Buffer_Overflow/s01/CWE121_Stack_Based_Buffer_Overflow__CWE129_connect_socket_64b.c,128,116,rewritten,CWE121_Stack_Based_Buffer_Overflow__CWE129_connect_socket_64b_goodB2GSink,clamp_good_CWE121_Stack_Based_Buffer_Overflow__CWE129_connect_socket_64b_goodB2GSink_116,clamp_good_CWE121_Stack_Based_Buffer_Overflow__CWE129_connect_socket_64b_goodB2GSink_116,sanitizer,CWE121,64,c,/Users/saqif/Desktop/UCSB/ucsb_classes/w26/cs293G/joern/benchmarks/juliet/manifests/stage_c_clamp_transform_manifest.json
C,CWE121_Stack_Based_Buffer_Overflow/s01/CWE121_Stack_Based_Buffer_Overflow__CWE129_connect_socket_65b.c,116,104,rewritten,CWE121_Stack_Based_Buffer_Overflow__CWE129_connect_socket_65b_goodB2GSink,clamp_good_CWE121_Stack_Based_Buffer_Overflow__CWE129_connect_socket_65b_goodB2GSink_104,clamp_good_CWE121_Stack_Based_Buffer_Overflow__CWE129_connect_socket_65b_goodB2GSink_104,sanitizer,CWE121,65,c,/Users/saqif/Desktop/UCSB/ucsb_classes/w26/cs293G/joern/benchmarks/juliet/manifests/stage_c_clamp_transform_manifest.json
C,CWE121_Stack_Based_Buffer_Overflow/s01/CWE121_Stack_Based_Buffer_Overflow__CWE129_connect_socket_66b.c,120,108,rewritten,CWE121_Stack_Based_Buffer_Overflow__CWE129_connect_socket_66b_goodB2GSink,clamp_good_CWE121_Stack_Based_Buffer_Overflow__CWE129_connect_socket_66b_goodB2GSink_108,clamp_good_CWE121_Stack_Based_Buffer_Overflow__CWE129_connect_socket_66b_goodB2GSink_108,sanitizer,CWE121,66,c,/Users/saqif/Desktop/UCSB/ucsb_classes/w26/cs293G/joern/benchmarks/juliet/manifests/stage_c_clamp_transform_manifest.json
C,CWE121_Stack_Based_Buffer_Overflow/s01/CWE121_Stack_Based_Buffer_Overflow__CWE129_connect_socket_67b.c,124,112,rewritten,CWE121_Stack_Based_Buffer_Overflow__CWE129_connect_socket_67b_goodB2GSink,clamp_good_CWE121_Stack_Based_Buffer_Overflow__CWE129_connect_socket_67b_goodB2GSink_112,clamp_good_CWE121_Stack_Based_Buffer_Overflow__CWE129_connect_socket_67b_goodB2GSink_112,sanitizer,CWE121,67,c,/Users/saqif/Desktop/UCSB/ucsb_classes/w26/cs293G/joern/benchmarks/juliet/manifests/stage_c_clamp_transform_manifest.json
C,CWE121_Stack_Based_Buffer_Overflow/s01/CWE121_Stack_Based_Buffer_Overflow__CWE129_connect_socket_68b.c,123,111,rewritten,CWE121_Stack_Based_Buffer_Overflow__CWE129_connect_socket_68b_goodB2GSink,clamp_good_CWE121_Stack_Based_Buffer_Overflow__CWE129_connect_socket_68b_goodB2GSink_111,clamp_good_CWE121_Stack_Based_Buffer_Overflow__CWE129_connect_socket_68b_goodB2GSink_111,sanitizer,CWE121,68,c,/Users/saqif/Desktop/UCSB/ucsb_classes/w26/cs293G/joern/benchmarks/juliet/manifests/stage_c_clamp_transform_manifest.json
C,CWE121_Stack_Based_Buffer_Overflow/s01/CWE121_Stack_Based_Buffer_Overflow__CWE129_connect_socket_72b.cpp,21,39,rewritten,badSink,clamp_bad_badSink_39,clamp_bad_badSink_39,non_sanitizer,CWE121,72,cpp,/Users/saqif/Desktop/UCSB/ucsb_classes/w26/cs293G/joern/benchmarks/juliet/manifests/stage_c_clamp_transform_manifest.json
C,CWE121_Stack_Based_Buffer_Overflow/s01/CWE121_Stack_Based_Buffer_Overflow__CWE129_connect_socket_72b.cpp,113,92,rewritten,goodB2GSink,clamp_good_goodB2GSink_92,clamp_good_goodB2GSink_92,sanitizer,CWE121,72,cpp,/Users/saqif/Desktop/UCSB/ucsb_classes/w26/cs293G/joern/benchmarks/juliet/manifests/stage_c_clamp_transform_manifest.json
C,CWE121_Stack_Based_Buffer_Overflow/s01/CWE121_Stack_Based_Buffer_Overflow__CWE129_connect_socket_73b.cpp,21,39,rewritten,badSink,clamp_bad_badSink_39,clamp_bad_badSink_39,non_sanitizer,CWE121,73,cpp,/Users/saqif/Desktop/UCSB/ucsb_classes/w26/cs293G/joern/benchmarks/juliet/manifests/stage_c_clamp_transform_manifest.json
C,CWE121_Stack_Based_Buffer_Overflow/s01/CWE121_Stack_Based_Buffer_Overflow__CWE129_connect_socket_73b.cpp,113,92,rewritten,goodB2GSink,clamp_good_goodB2GSink_92,clamp_good_goodB2GSink_92,sanitizer,CWE121,73,cpp,/Users/saqif/Desktop/UCSB/ucsb_classes/w26/cs293G/joern/benchmarks/juliet/manifests/stage_c_clamp_transform_manifest.json
C,CWE121_Stack_Based_Buffer_Overflow/s01/CWE121_Stack_Based_Buffer_Overflow__CWE129_connect_socket_74b.cpp,21,39,rewritten,badSink,clamp_bad_badSink_39,clamp_bad_badSink_39,non_sanitizer,CWE121,74,cpp,/Users/saqif/Desktop/UCSB/ucsb_classes/w26/cs293G/joern/benchmarks/juliet/manifests/stage_c_clamp_transform_manifest.json
C,CWE121_Stack_Based_Buffer_Overflow/s01/CWE121_Stack_Based_Buffer_Overflow__CWE129_connect_socket_74b.cpp,113,92,rewritten,goodB2GSink,clamp_good_goodB2GSink_92,clamp_good_goodB2GSink_92,sanitizer,CWE121,74,cpp,/Users/saqif/Desktop/UCSB/ucsb_classes/w26/cs293G/joern/benchmarks/juliet/manifests/stage_c_clamp_transform_manifest.json
C,CWE121_Stack_Based_Buffer_Overflow/s01/CWE121_Stack_Based_Buffer_Overflow__CWE129_connect_socket_83_bad.cpp,127,116,rewritten,CWE121_Stack_Based_Buffer_Overflow__CWE129_connect_socket_83_bad,clamp_bad_CWE121_Stack_Based_Buffer_Overflow__CWE129_connect_socket_83_bad_116,clamp_bad_CWE121_Stack_Based_Buffer_Overflow__CWE129_connect_socket_83_bad_116,non_sanitizer,UNKNOWN,unknown,cpp,/Users/saqif/Desktop/UCSB/ucsb_classes/w26/cs293G/joern/benchmarks/juliet/manifests/stage_c_clamp_transform_manifest.json
C,CWE121_Stack_Based_Buffer_Overflow/s01/CWE121_Stack_Based_Buffer_Overflow__CWE129_connect_socket_83_goodB2G.cpp,127,115,rewritten,CWE121_Stack_Based_Buffer_Overflow__CWE129_connect_socket_83_goodB2G,clamp_good_CWE121_Stack_Based_Buffer_Overflow__CWE129_connect_socket_83_goodB2G_115,clamp_good_CWE121_Stack_Based_Buffer_Overflow__CWE129_connect_socket_83_goodB2G_115,sanitizer,UNKNOWN,unknown,cpp,/Users/saqif/Desktop/UCSB/ucsb_classes/w26/cs293G/joern/benchmarks/juliet/manifests/stage_c_clamp_transform_manifest.json
C,CWE121_Stack_Based_Buffer_Overflow/s01/CWE121_Stack_Based_Buffer_Overflow__CWE129_connect_socket_84_bad.cpp,127,116,rewritten,CWE121_Stack_Based_Buffer_Overflow__CWE129_connect_socket_84_bad,clamp_bad_CWE121_Stack_Based_Buffer_Overflow__CWE129_connect_socket_84_bad_116,clamp_bad_CWE121_Stack_Based_Buffer_Overflow__CWE129_connect_socket_84_bad_116,non_sanitizer,UNKNOWN,unknown,cpp,/Users/saqif/Desktop/UCSB/ucsb_classes/w26/cs293G/joern/benchmarks/juliet/manifests/stage_c_clamp_transform_manifest.json
C,CWE121_Stack_Based_Buffer_Overflow/s01/CWE121_Stack_Based_Buffer_Overflow__CWE129_connect_socket_84_goodB2G.cpp,127,115,rewritten,CWE121_Stack_Based_Buffer_Overflow__CWE129_connect_socket_84_goodB2G,clamp_good_CWE121_Stack_Based_Buffer_Overflow__CWE129_connect_socket_84_goodB2G_115,clamp_good_CWE121_Stack_Based_Buffer_Overflow__CWE129_connect_socket_84_goodB2G_115,sanitizer,UNKNOWN,unknown,cpp,/Users/saqif/Desktop/UCSB/ucsb_classes/w26/cs293G/joern/benchmarks/juliet/manifests/stage_c_clamp_transform_manifest.json
C,CWE121_Stack_Based_Buffer_Overflow/s01/CWE121_Stack_Based_Buffer_Overflow__CWE129_fgets_51b.c,96,84,rewritten,CWE121_Stack_Based_Buffer_Overflow__CWE129_fgets_51b_goodB2GSink,clamp_good_CWE121_Stack_Based_Buffer_Overflow__CWE129_fgets_51b_goodB2GSink_84,clamp_good_CWE121_Stack_Based_Buffer_Overflow__CWE129_fgets_51b_goodB2GSink_84,sanitizer,CWE121,51,c,/Users/saqif/Desktop/UCSB/ucsb_classes/w26/cs293G/joern/benchmarks/juliet/manifests/stage_c_clamp_transform_manifest.json
C,CWE121_Stack_Based_Buffer_Overflow/s01/CWE121_Stack_Based_Buffer_Overflow__CWE129_fgets_52c.c,96,84,rewritten,CWE121_Stack_Based_Buffer_Overflow__CWE129_fgets_52c_goodB2GSink,clamp_good_CWE121_Stack_Based_Buffer_Overflow__CWE129_fgets_52c_goodB2GSink_84,clamp_good_CWE121_Stack_Based_Buffer_Overflow__CWE129_fgets_52c_goodB2GSink_84,sanitizer,CWE121,52,c,/Users/saqif/Desktop/UCSB/ucsb_classes/w26/cs293G/joern/benchmarks/juliet/manifests/stage_c_clamp_transform_manifest.json
C,CWE121_Stack_Based_Buffer_Overflow/s01/CWE121_Stack_Based_Buffer_Overflow__CWE129_fgets_53d.c,96,84,rewritten,CWE121_Stack_Based_Buffer_Overflow__CWE129_fgets_53d_goodB2GSink,clamp_good_CWE121_Stack_Based_Buffer_Overflow__CWE129_fgets_53d_goodB2GSink_84,clamp_good_CWE121_Stack_Based_Buffer_Overflow__CWE129_fgets_53d_goodB2GSink_84,sanitizer,CWE121,53,c,/Users/saqif/Desktop/UCSB/ucsb_classes/w26/cs293G/joern/benchmarks/juliet/manifests/stage_c_clamp_transform_manifest.json
C,CWE121_Stack_Based_Buffer_Overflow/s01/CWE121_Stack_Based_Buffer_Overflow__CWE129_fgets_54e.c,96,84,rewritten,CWE121_Stack_Based_Buffer_Overflow__CWE129_fgets_54e_goodB2GSink,clamp_good_CWE121_Stack_Based_Buffer_Overflow__CWE129_fgets_54e_goodB2GSink_84,clamp_good_CWE121_Stack_Based_Buffer_Overflow__CWE129_fgets_54e_goodB2GSink_84,sanitizer,CWE121,54,c,/Users/saqif/Desktop/UCSB/ucsb_classes/w26/cs293G/joern/benchmarks/juliet/manifests/stage_c_clamp_transform_manifest.json
C,CWE121_Stack_Based_Buffer_Overflow/s01/CWE121_Stack_Based_Buffer_Overflow__CWE129_fgets_61a.c,20,40,rewritten,CWE121_Stack_Based_Buffer_Overflow__CWE129_fgets_61_bad,clamp_bad_CWE121_Stack_Based_Buffer_Overflow__CWE129_fgets_61_bad_40,clamp_bad_CWE121_Stack_Based_Buffer_Overflow__CWE129_fgets_61_bad_40,non_sanitizer,CWE121,61,c,/Users/saqif/Desktop/UCSB/ucsb_classes/w26/cs293G/joern/benchmarks/juliet/manifests/stage_c_clamp_transform_manifest.json
C,CWE121_Stack_Based_Buffer_Overflow/s01/CWE121_Stack_Based_Buffer_Overflow__CWE129_fgets_61a.c,124,103,rewritten,goodB2G,clamp_good_goodB2G_103,clamp_good_goodB2G_103,sanitizer,CWE121,61,c,/Users/saqif/Desktop/UCSB/ucsb_classes/w26/cs293G/joern/benchmarks/juliet/manifests/stage_c_clamp_transform_manifest.json
C,CWE121_Stack_Based_Buffer_Overflow/s01/CWE121_Stack_Based_Buffer_Overflow__CWE129_fgets_62a.cpp,20,41,rewritten,bad,clamp_bad_bad_41,clamp_bad_bad_41,non_sanitizer,CWE121,62,cpp,/Users/saqif/Desktop/UCSB/ucsb_classes/w26/cs293G/joern/benchmarks/juliet/manifests/stage_c_clamp_transform_manifest.json
C,CWE121_Stack_Based_Buffer_Overflow/s01/CWE121_Stack_Based_Buffer_Overflow__CWE129_fgets_62a.cpp,125,104,rewritten,goodB2G,clamp_good_goodB2G_104,clamp_good_goodB2G_104,sanitizer,CWE121,62,cpp,/Users/saqif/Desktop/UCSB/ucsb_classes/w26/cs293G/joern/benchmarks/juliet/manifests/stage_c_clamp_transform_manifest.json
C,CWE121_Stack_Based_Buffer_Overflow/s01/CWE121_Stack_Based_Buffer_Overflow__CWE129_fgets_63b.c,99,87,rewritten,CWE121_Stack_Based_Buffer_Overflow__CWE129_fgets_63b_goodB2GSink,clamp_good_CWE121_Stack_Based_Buffer_Overflow__CWE129_fgets_63b_goodB2GSink_87,clamp_good_CWE121_Stack_Based_Buffer_Overflow__CWE129_fgets_63b_goodB2GSink_87,sanitizer,CWE121,63,c,/Users/saqif/Desktop/UCSB/ucsb_classes/w26/cs293G/joern/benchmarks/juliet/manifests/stage_c_clamp_transform_manifest.json
C,CWE121_Stack_Based_Buffer_Overflow/s01/CWE121_Stack_Based_Buffer_Overflow__CWE129_fgets_64b.c,108,96,rewritten,CWE121_Stack_Based_Buffer_Overflow__CWE129_fgets_64b_goodB2GSink,clamp_good_CWE121_Stack_Based_Buffer_Overflow__CWE129_fgets_64b_goodB2GSink_96,clamp_good_CWE121_Stack_Based_Buffer_Overflow__CWE129_fgets_64b_goodB2GSink_96,sanitizer,CWE121,64,c,/Users/saqif/Desktop/UCSB/ucsb_classes/w26/cs293G/joern/benchmarks/juliet/manifests/stage_c_clamp_transform_manifest.json
C,CWE121_Stack_Based_Buffer_Overflow/s01/CWE121_Stack_Based_Buffer_Overflow__CWE129_fgets_65b.c,96,84,rewritten,CWE121_Stack_Based_Buffer_Overflow__CWE129_fgets_65b_goodB2GSink,clamp_good_CWE121_Stack_Based_Buffer_Overflow__CWE129_fgets_65b_goodB2GSink_84,clamp_good_CWE121_Stack_Based_Buffer_Overflow__CWE129_fgets_65b_goodB2GSink_84,sanitizer,CWE121,65,c,/Users/saqif/Desktop/UCSB/ucsb_classes/w26/cs293G/joern/benchmarks/juliet/manifests/stage_c_clamp_transform_manifest.json
C,CWE121_Stack_Based_Buffer_Overflow/s01/CWE121_Stack_Based_Buffer_Overflow__CWE129_fgets_66b.c,100,88,rewritten,CWE121_Stack_Based_Buffer_Overflow__CWE129_fgets_66b_goodB2GSink,clamp_good_CWE121_Stack_Based_Buffer_Overflow__CWE129_fgets_66b_goodB2GSink_88,clamp_good_CWE121_Stack_Based_Buffer_Overflow__CWE129_fgets_66b_goodB2GSink_88,sanitizer,CWE121,66,c,/Users/saqif/Desktop/UCSB/ucsb_classes/w26/cs293G/joern/benchmarks/juliet/manifests/stage_c_clamp_transform_manifest.json
C,CWE121_Stack_Based_Buffer_Overflow/s01/CWE121_Stack_Based_Buffer_Overflow__CWE129_fgets_67b.c,104,92,rewritten,CWE121_Stack_Based_Buffer_Overflow__CWE129_fgets_67b_goodB2GSink,clamp_good_CWE121_Stack_Based_Buffer_Overflow__CWE129_fgets_67b_goodB2GSink_92,clamp_good_CWE121_Stack_Based_Buffer_Overflow__CWE129_fgets_67b_goodB2GSink_92,sanitizer,CWE121,67,c,/Users/saqif/Desktop/UCSB/ucsb_classes/w26/cs293G/joern/benchmarks/juliet/manifests/stage_c_clamp_transform_manifest.json
C,CWE121_Stack_Based_Buffer_Overflow/s01/CWE121_Stack_Based_Buffer_Overflow__CWE129_fgets_68b.c,103,91,rewritten,CWE121_Stack_Based_Buffer_Overflow__CWE129_fgets_68b_goodB2GSink,clamp_good_CWE121_Stack_Based_Buffer_Overflow__CWE129_fgets_68b_goodB2GSink_91,clamp_good_CWE121_Stack_Based_Buffer_Overflow__CWE129_fgets_68b_goodB2GSink_91,sanitizer,CWE121,68,c,/Users/saqif/Desktop/UCSB/ucsb_classes/w26/cs293G/joern/benchmarks/juliet/manifests/stage_c_clamp_transform_manifest.json
C,CWE121_Stack_Based_Buffer_Overflow/s01/CWE121_Stack_Based_Buffer_Overflow__CWE129_fgets_72b.cpp,21,39,rewritten,badSink,clamp_bad_badSink_39,clamp_bad_badSink_39,non_sanitizer,CWE121,72,cpp,/Users/saqif/Desktop/UCSB/ucsb_classes/w26/cs293G/joern/benchmarks/juliet/manifests/stage_c_clamp_transform_manifest.json
C,CWE121_Stack_Based_Buffer_Overflow/s01/CWE121_Stack_Based_Buffer_Overflow__CWE129_fgets_72b.cpp,113,92,rewritten,goodB2GSink,clamp_good_goodB2GSink_92,clamp_good_goodB2GSink_92,sanitizer,CWE121,72,cpp,/Users/saqif/Desktop/UCSB/ucsb_classes/w26/cs293G/joern/benchmarks/juliet/manifests/stage_c_clamp_transform_manifest.json
C,CWE121_Stack_Based_Buffer_Overflow/s01/CWE121_Stack_Based_Buffer_Overflow__CWE129_fgets_73b.cpp,21,39,rewritten,badSink,clamp_bad_badSink_39,clamp_bad_badSink_39,non_sanitizer,CWE121,73,cpp,/Users/saqif/Desktop/UCSB/ucsb_classes/w26/cs293G/joern/benchmarks/juliet/manifests/stage_c_clamp_transform_manifest.json
C,CWE121_Stack_Based_Buffer_Overflow/s01/CWE121_Stack_Based_Buffer_Overflow__CWE129_fgets_73b.cpp,113,92,rewritten,goodB2GSink,clamp_good_goodB2GSink_92,clamp_good_goodB2GSink_92,sanitizer,CWE121,73,cpp,/Users/saqif/Desktop/UCSB/ucsb_classes/w26/cs293G/joern/benchmarks/juliet/manifests/stage_c_clamp_transform_manifest.json
C,CWE121_Stack_Based_Buffer_Overflow/s01/CWE121_Stack_Based_Buffer_Overflow__CWE129_fgets_74b.cpp,21,39,rewritten,badSink,clamp_bad_badSink_39,clamp_bad_badSink_39,non_sanitizer,CWE121,74,cpp,/Users/saqif/Desktop/UCSB/ucsb_classes/w26/cs293G/joern/benchmarks/juliet/manifests/stage_c_clamp_transform_manifest.json
C,CWE121_Stack_Based_Buffer_Overflow/s01/CWE121_Stack_Based_Buffer_Overflow__CWE129_fgets_74b.cpp,113,92,rewritten,goodB2GSink,clamp_good_goodB2GSink_92,clamp_good_goodB2GSink_92,sanitizer,CWE121,74,cpp,/Users/saqif/Desktop/UCSB/ucsb_classes/w26/cs293G/joern/benchmarks/juliet/manifests/stage_c_clamp_transform_manifest.json
C,CWE121_Stack_Based_Buffer_Overflow/s01/CWE121_Stack_Based_Buffer_Overflow__CWE129_fgets_83_bad.cpp,64,53,rewritten,CWE121_Stack_Based_Buffer_Overflow__CWE129_fgets_83_bad,clamp_bad_CWE121_Stack_Based_Buffer_Overflow__CWE129_fgets_83_bad_53,clamp_bad_CWE121_Stack_Based_Buffer_Overflow__CWE129_fgets_83_bad_53,non_sanitizer,UNKNOWN,unknown,cpp,/Users/saqif/Desktop/UCSB/ucsb_classes/w26/cs293G/joern/benchmarks/juliet/manifests/stage_c_clamp_transform_manifest.json
C,CWE121_Stack_Based_Buffer_Overflow/s01/CWE121_Stack_Based_Buffer_Overflow__CWE129_fgets_83_goodB2G.cpp,64,52,rewritten,CWE121_Stack_Based_Buffer_Overflow__CWE129_fgets_83_goodB2G,clamp_good_CWE121_Stack_Based_Buffer_Overflow__CWE129_fgets_83_goodB2G_52,clamp_good_CWE121_Stack_Based_Buffer_Overflow__CWE129_fgets_83_goodB2G_52,sanitizer,UNKNOWN,unknown,cpp,/Users/saqif/Desktop/UCSB/ucsb_classes/w26/cs293G/joern/benchmarks/juliet/manifests/stage_c_clamp_transform_manifest.json
C,CWE121_Stack_Based_Buffer_Overflow/s01/CWE121_Stack_Based_Buffer_Overflow__CWE129_fgets_84_bad.cpp,64,53,rewritten,CWE121_Stack_Based_Buffer_Overflow__CWE129_fgets_84_bad,clamp_bad_CWE121_Stack_Based_Buffer_Overflow__CWE129_fgets_84_bad_53,clamp_bad_CWE121_Stack_Based_Buffer_Overflow__CWE129_fgets_84_bad_53,non_sanitizer,UNKNOWN,unknown,cpp,/Users/saqif/Desktop/UCSB/ucsb_classes/w26/cs293G/joern/benchmarks/juliet/manifests/stage_c_clamp_transform_manifest.json
C,CWE121_Stack_Based_Buffer_Overflow/s01/CWE121_Stack_Based_Buffer_Overflow__CWE129_fgets_84_goodB2G.cpp,64,52,rewritten,CWE121_Stack_Based_Buffer_Overflow__CWE129_fgets_84_goodB2G,clamp_good_CWE121_Stack_Based_Buffer_Overflow__CWE129_fgets_84_goodB2G_52,clamp_good_CWE121_Stack_Based_Buffer_Overflow__CWE129_fgets_84_goodB2G_52,sanitizer,UNKNOWN,unknown,cpp,/Users/saqif/Desktop/UCSB/ucsb_classes/w26/cs293G/joern/benchmarks/juliet/manifests/stage_c_clamp_transform_manifest.json
C,CWE121_Stack_Based_Buffer_Overflow/s01/CWE121_Stack_Based_Buffer_Overflow__CWE129_fscanf_51b.c,94,82,rewritten,CWE121_Stack_Based_Buffer_Overflow__CWE129_fscanf_51b_goodB2GSink,clamp_good_CWE121_Stack_Based_Buffer_Overflow__CWE129_fscanf_51b_goodB2GSink_82,clamp_good_CWE121_Stack_Based_Buffer_Overflow__CWE129_fscanf_51b_goodB2GSink_82,sanitizer,CWE121,51,c,/Users/saqif/Desktop/UCSB/ucsb_classes/w26/cs293G/joern/benchmarks/juliet/manifests/stage_c_clamp_transform_manifest.json
C,CWE121_Stack_Based_Buffer_Overflow/s01/CWE121_Stack_Based_Buffer_Overflow__CWE129_fscanf_52c.c,94,82,rewritten,CWE121_Stack_Based_Buffer_Overflow__CWE129_fscanf_52c_goodB2GSink,clamp_good_CWE121_Stack_Based_Buffer_Overflow__CWE129_fscanf_52c_goodB2GSink_82,clamp_good_CWE121_Stack_Based_Buffer_Overflow__CWE129_fscanf_52c_goodB2GSink_82,sanitizer,CWE121,52,c,/Users/saqif/Desktop/UCSB/ucsb_classes/w26/cs293G/joern/benchmarks/juliet/manifests/stage_c_clamp_transform_manifest.json
C,CWE121_Stack_Based_Buffer_Overflow/s01/CWE121_Stack_Based_Buffer_Overflow__CWE129_fscanf_53d.c,94,82,rewritten,CWE121_Stack_Based_Buffer_Overflow__CWE129_fscanf_53d_goodB2GSink,clamp_good_CWE121_Stack_Based_Buffer_Overflow__CWE129_fscanf_53d_goodB2GSink_82,clamp_good_CWE121_Stack_Based_Buffer_Overflow__CWE129_fscanf_53d_goodB2GSink_82,sanitizer,CWE121,53,c,/Users/saqif/Desktop/UCSB/ucsb_classes/w26/cs293G/joern/benchmarks/juliet/manifests/stage_c_clamp_transform_manifest.json
C,CWE121_Stack_Based_Buffer_Overflow/s01/CWE121_Stack_Based_Buffer_Overflow__CWE129_fscanf_54e.c,94,82,rewritten,CWE121_Stack_Based_Buffer_Overflow__CWE129_fscanf_54e_goodB2GSink,clamp_good_CWE121_Stack_Based_Buffer_Overflow__CWE129_fscanf_54e_goodB2GSink_82,clamp_good_CWE121_Stack_Based_Buffer_Overflow__CWE129_fscanf_54e_goodB2GSink_82,sanitizer,CWE121,54,c,/Users/saqif/Desktop/UCSB/ucsb_classes/w26/cs293G/joern/benchmarks/juliet/manifests/stage_c_clamp_transform_manifest.json
C,CWE121_Stack_Based_Buffer_Overflow/s01/CWE121_Stack_Based_Buffer_Overflow__CWE129_fscanf_61a.c,20,38,rewritten,CWE121_Stack_Based_Buffer_Overflow__CWE129_fscanf_61_bad,clamp_bad_CWE121_Stack_Based_Buffer_Overflow__CWE129_fscanf_61_bad_38,clamp_bad_CWE121_Stack_Based_Buffer_Overflow__CWE129_fscanf_61_bad_38,non_sanitizer,CWE121,61,c,/Users/saqif/Desktop/UCSB/ucsb_classes/w26/cs293G/joern/benchmarks/juliet/manifests/stage_c_clamp_transform_manifest.json
C,CWE121_Stack_Based_Buffer_Overflow/s01/CWE121_Stack_Based_Buffer_Overflow__CWE129_fscanf_61a.c,122,101,rewritten,goodB2G,clamp_good_goodB2G_101,clamp_good_goodB2G_101,sanitizer,CWE121,61,c,/Users/saqif/Desktop/UCSB/ucsb_classes/w26/cs293G/joern/benchmarks/juliet/manifests/stage_c_clamp_transform_manifest.json
C,CWE121_Stack_Based_Buffer_Overflow/s01/CWE121_Stack_Based_Buffer_Overflow__CWE129_fscanf_62a.cpp,20,41,rewritten,bad,clamp_bad_bad_41,clamp_bad_bad_41,non_sanitizer,CWE121,62,cpp,/Users/saqif/Desktop/UCSB/ucsb_classes/w26/cs293G/joern/benchmarks/juliet/manifests/stage_c_clamp_transform_manifest.json
C,CWE121_Stack_Based_Buffer_Overflow/s01/CWE121_Stack_Based_Buffer_Overflow__CWE129_fscanf_62a.cpp,125,104,rewritten,goodB2G,clamp_good_goodB2G_104,clamp_good_goodB2G_104,sanitizer,CWE121,62,cpp,/Users/saqif/Desktop/UCSB/ucsb_classes/w26/cs293G/joern/benchmarks/juliet/manifests/stage_c_clamp_transform_manifest.json
C,CWE121_Stack_Based_Buffer_Overflow/s01/CWE121_Stack_Based_Buffer_Overflow__CWE129_fscanf_63b.c,97,85,rewritten,CWE121_Stack_Based_Buffer_Overflow__CWE129_fscanf_63b_goodB2GSink,clamp_good_CWE121_Stack_Based_Buffer_Overflow__CWE129_fscanf_63b_goodB2GSink_85,clamp_good_CWE121_Stack_Based_Buffer_Overflow__CWE129_fscanf_63b_goodB2GSink_85,sanitizer,CWE121,63,c,/Users/saqif/Desktop/UCSB/ucsb_classes/w26/cs293G/joern/benchmarks/juliet/manifests/stage_c_clamp_transform_manifest.json
C,CWE121_Stack_Based_Buffer_Overflow/s01/CWE121_Stack_Based_Buffer_Overflow__CWE129_fscanf_64b.c,106,94,rewritten,CWE121_Stack_Based_Buffer_Overflow__CWE129_fscanf_64b_goodB2GSink,clamp_good_CWE121_Stack_Based_Buffer_Overflow__CWE129_fscanf_64b_goodB2GSink_94,clamp_good_CWE121_Stack_Based_Buffer_Overflow__CWE129_fscanf_64b_goodB2GSink_94,sanitizer,CWE121,64,c,/Users/saqif/Desktop/UCSB/ucsb_classes/w26/cs293G/joern/benchmarks/juliet/manifests/stage_c_clamp_transform_manifest.json
C,CWE121_Stack_Based_Buffer_Overflow/s01/CWE121_Stack_Based_Buffer_Overflow__CWE129_fscanf_65b.c,94,82,rewritten,CWE121_Stack_Based_Buffer_Overflow__CWE129_fscanf_65b_goodB2GSink,clamp_good_CWE121_Stack_Based_Buffer_Overflow__CWE129_fscanf_65b_goodB2GSink_82,clamp_good_CWE121_Stack_Based_Buffer_Overflow__CWE129_fscanf_65b_goodB2GSink_82,sanitizer,CWE121,65,c,/Users/saqif/Desktop/UCSB/ucsb_classes/w26/cs293G/joern/benchmarks/juliet/manifests/stage_c_clamp_transform_manifest.json
C,CWE121_Stack_Based_Buffer_Overflow/s01/CWE121_Stack_Based_Buffer_Overflow__CWE129_fscanf_66b.c,98,86,rewritten,CWE121_Stack_Based_Buffer_Overflow__CWE129_fscanf_66b_goodB2GSink,clamp_good_CWE121_Stack_Based_Buffer_Overflow__CWE129_fscanf_66b_goodB2GSink_86,clamp_good_CWE121_Stack_Based_Buffer_Overflow__CWE129_fscanf_66b_goodB2GSink_86,sanitizer,CWE121,66,c,/Users/saqif/Desktop/UCSB/ucsb_classes/w26/cs293G/joern/benchmarks/juliet/manifests/stage_c_clamp_transform_manifest.json
C,CWE121_Stack_Based_Buffer_Overflow/s01/CWE121_Stack_Based_Buffer_Overflow__CWE129_fscanf_67b.c,102,90,rewritten,CWE121_Stack_Based_Buffer_Overflow__CWE129_fscanf_67b_goodB2GSink,clamp_good_CWE121_Stack_Based_Buffer_Overflow__CWE129_fscanf_67b_goodB2GSink_90,clamp_good_CWE121_Stack_Based_Buffer_Overflow__CWE129_fscanf_67b_goodB2GSink_90,sanitizer,CWE121,67,c,/Users/saqif/Desktop/UCSB/ucsb_classes/w26/cs293G/joern/benchmarks/juliet/manifests/stage_c_clamp_transform_manifest.json
C,CWE121_Stack_Based_Buffer_Overflow/s01/CWE121_Stack_Based_Buffer_Overflow__CWE129_fscanf_68b.c,101,89,rewritten,CWE121_Stack_Based_Buffer_Overflow__CWE129_fscanf_68b_goodB2GSink,clamp_good_CWE121_Stack_Based_Buffer_Overflow__CWE129_fscanf_68b_goodB2GSink_89,clamp_good_CWE121_Stack_Based_Buffer_Overflow__CWE129_fscanf_68b_goodB2GSink_89,sanitizer,CWE121,68,c,/Users/saqif/Desktop/UCSB/ucsb_classes/w26/cs293G/joern/benchmarks/juliet/manifests/stage_c_clamp_transform_manifest.json
C,CWE121_Stack_Based_Buffer_Overflow/s01/CWE121_Stack_Based_Buffer_Overflow__CWE129_fscanf_72b.cpp,21,39,rewritten,badSink,clamp_bad_badSink_39,clamp_bad_badSink_39,non_sanitizer,CWE121,72,cpp,/Users/saqif/Desktop/UCSB/ucsb_classes/w26/cs293G/joern/benchmarks/juliet/manifests/stage_c_clamp_transform_manifest.json
C,CWE121_Stack_Based_Buffer_Overflow/s01/CWE121_Stack_Based_Buffer_Overflow__CWE129_fscanf_72b.cpp,113,92,rewritten,goodB2GSink,clamp_good_goodB2GSink_92,clamp_good_goodB2GSink_92,sanitizer,CWE121,72,cpp,/Users/saqif/Desktop/UCSB/ucsb_classes/w26/cs293G/joern/benchmarks/juliet/manifests/stage_c_clamp_transform_manifest.json
C,CWE121_Stack_Based_Buffer_Overflow/s01/CWE121_Stack_Based_Buffer_Overflow__CWE129_fscanf_73b.cpp,21,39,rewritten,badSink,clamp_bad_badSink_39,clamp_bad_badSink_39,non_sanitizer,CWE121,73,cpp,/Users/saqif/Desktop/UCSB/ucsb_classes/w26/cs293G/joern/benchmarks/juliet/manifests/stage_c_clamp_transform_manifest.json
C,CWE121_Stack_Based_Buffer_Overflow/s01/CWE121_Stack_Based_Buffer_Overflow__CWE129_fscanf_73b.cpp,113,92,rewritten,goodB2GSink,clamp_good_goodB2GSink_92,clamp_good_goodB2GSink_92,sanitizer,CWE121,73,cpp,/Users/saqif/Desktop/UCSB/ucsb_classes/w26/cs293G/joern/benchmarks/juliet/manifests/stage_c_clamp_transform_manifest.json
C,CWE121_Stack_Based_Buffer_Overflow/s01/CWE121_Stack_Based_Buffer_Overflow__CWE129_fscanf_74b.cpp,21,39,rewritten,badSink,clamp_bad_badSink_39,clamp_bad_badSink_39,non_sanitizer,CWE121,74,cpp,/Users/saqif/Desktop/UCSB/ucsb_classes/w26/cs293G/joern/benchmarks/juliet/manifests/stage_c_clamp_transform_manifest.json
C,CWE121_Stack_Based_Buffer_Overflow/s01/CWE121_Stack_Based_Buffer_Overflow__CWE129_fscanf_74b.cpp,113,92,rewritten,goodB2GSink,clamp_good_goodB2GSink_92,clamp_good_goodB2GSink_92,sanitizer,CWE121,74,cpp,/Users/saqif/Desktop/UCSB/ucsb_classes/w26/cs293G/joern/benchmarks/juliet/manifests/stage_c_clamp_transform_manifest.json
C,CWE121_Stack_Based_Buffer_Overflow/s01/CWE121_Stack_Based_Buffer_Overflow__CWE129_fscanf_83_bad.cpp,51,40,rewritten,CWE121_Stack_Based_Buffer_Overflow__CWE129_fscanf_83_bad,clamp_bad_CWE121_Stack_Based_Buffer_Overflow__CWE129_fscanf_83_bad_40,clamp_bad_CWE121_Stack_Based_Buffer_Overflow__CWE129_fscanf_83_bad_40,non_sanitizer,UNKNOWN,unknown,cpp,/Users/saqif/Desktop/UCSB/ucsb_classes/w26/cs293G/joern/benchmarks/juliet/manifests/stage_c_clamp_transform_manifest.json
C,CWE121_Stack_Based_Buffer_Overflow/s01/CWE121_Stack_Based_Buffer_Overflow__CWE129_fscanf_83_goodB2G.cpp,27,39,rewritten,CWE121_Stack_Based_Buffer_Overflow__CWE129_fscanf_83_goodB2G,clamp_good_CWE121_Stack_Based_Buffer_Overflow__CWE129_fscanf_83_goodB2G_39,clamp_good_CWE121_Stack_Based_Buffer_Overflow__CWE129_fscanf_83_goodB2G_39,sanitizer,UNKNOWN,unknown,cpp,/Users/saqif/Desktop/UCSB/ucsb_classes/w26/cs293G/joern/benchmarks/juliet/manifests/stage_c_clamp_transform_manifest.json
C,CWE121_Stack_Based_Buffer_Overflow/s01/CWE121_Stack_Based_Buffer_Overflow__CWE129_fscanf_84_bad.cpp,51,40,rewritten,CWE121_Stack_Based_Buffer_Overflow__CWE129_fscanf_84_bad,clamp_bad_CWE121_Stack_Based_Buffer_Overflow__CWE129_fscanf_84_bad_40,clamp_bad_CWE121_Stack_Based_Buffer_Overflow__CWE129_fscanf_84_bad_40,non_sanitizer,UNKNOWN,unknown,cpp,/Users/saqif/Desktop/UCSB/ucsb_classes/w26/cs293G/joern/benchmarks/juliet/manifests/stage_c_clamp_transform_manifest.json
C,CWE121_Stack_Based_Buffer_Overflow/s01/CWE121_Stack_Based_Buffer_Overflow__CWE129_fscanf_84_goodB2G.cpp,27,39,rewritten,CWE121_Stack_Based_Buffer_Overflow__CWE129_fscanf_84_goodB2G,clamp_good_CWE121_Stack_Based_Buffer_Overflow__CWE129_fscanf_84_goodB2G_39,clamp_good_CWE121_Stack_Based_Buffer_Overflow__CWE129_fscanf_84_goodB2G_39,sanitizer,UNKNOWN,unknown,cpp,/Users/saqif/Desktop/UCSB/ucsb_classes/w26/cs293G/joern/benchmarks/juliet/manifests/stage_c_clamp_transform_manifest.json
C,CWE121_Stack_Based_Buffer_Overflow/s01/CWE121_Stack_Based_Buffer_Overflow__CWE129_large_51b.c,94,82,rewritten,CWE121_Stack_Based_Buffer_Overflow__CWE129_large_51b_goodB2GSink,clamp_good_CWE121_Stack_Based_Buffer_Overflow__CWE129_large_51b_goodB2GSink_82,clamp_good_CWE121_Stack_Based_Buffer_Overflow__CWE129_large_51b_goodB2GSink_82,sanitizer,CWE121,51,c,/Users/saqif/Desktop/UCSB/ucsb_classes/w26/cs293G/joern/benchmarks/juliet/manifests/stage_c_clamp_transform_manifest.json
C,CWE121_Stack_Based_Buffer_Overflow/s01/CWE121_Stack_Based_Buffer_Overflow__CWE129_large_52c.c,94,82,rewritten,CWE121_Stack_Based_Buffer_Overflow__CWE129_large_52c_goodB2GSink,clamp_good_CWE121_Stack_Based_Buffer_Overflow__CWE129_large_52c_goodB2GSink_82,clamp_good_CWE121_Stack_Based_Buffer_Overflow__CWE129_large_52c_goodB2GSink_82,sanitizer,CWE121,52,c,/Users/saqif/Desktop/UCSB/ucsb_classes/w26/cs293G/joern/benchmarks/juliet/manifests/stage_c_clamp_transform_manifest.json
C,CWE121_Stack_Based_Buffer_Overflow/s01/CWE121_Stack_Based_Buffer_Overflow__CWE129_large_53d.c,94,82,rewritten,CWE121_Stack_Based_Buffer_Overflow__CWE129_large_53d_goodB2GSink,clamp_good_CWE121_Stack_Based_Buffer_Overflow__CWE129_large_53d_goodB2GSink_82,clamp_good_CWE121_Stack_Based_Buffer_Overflow__CWE129_large_53d_goodB2GSink_82,sanitizer,CWE121,53,c,/Users/saqif/Desktop/UCSB/ucsb_classes/w26/cs293G/joern/benchmarks/juliet/manifests/stage_c_clamp_transform_manifest.json
C,CWE121_Stack_Based_Buffer_Overflow/s01/CWE121_Stack_Based_Buffer_Overflow__CWE129_large_54e.c,94,82,rewritten,CWE121_Stack_Based_Buffer_Overflow__CWE129_large_54e_goodB2GSink,clamp_good_CWE121_Stack_Based_Buffer_Overflow__CWE129_large_54e_goodB2GSink_82,clamp_good_CWE121_Stack_Based_Buffer_Overflow__CWE129_large_54e_goodB2GSink_82,sanitizer,CWE121,54,c,/Users/saqif/Desktop/UCSB/ucsb_classes/w26/cs293G/joern/benchmarks/juliet/manifests/stage_c_clamp_transform_manifest.json
C,CWE121_Stack_Based_Buffer_Overflow/s01/CWE121_Stack_Based_Buffer_Overflow__CWE129_large_61a.c,20,38,rewritten,CWE121_Stack_Based_Buffer_Overflow__CWE129_large_61_bad,clamp_bad_CWE121_Stack_Based_Buffer_Overflow__CWE129_large_61_bad_38,clamp_bad_CWE121_Stack_Based_Buffer_Overflow__CWE129_large_61_bad_38,non_sanitizer,CWE121,61,c,/Users/saqif/Desktop/UCSB/ucsb_classes/w26/cs293G/joern/benchmarks/juliet/manifests/stage_c_clamp_transform_manifest.json
C,CWE121_Stack_Based_Buffer_Overflow/s01/CWE121_Stack_Based_Buffer_Overflow__CWE129_large_61a.c,122,101,rewritten,goodB2G,clamp_good_goodB2G_101,clamp_good_goodB2G_101,sanitizer,CWE121,61,c,/Users/saqif/Desktop/UCSB/ucsb_classes/w26/cs293G/joern/benchmarks/juliet/manifests/stage_c_clamp_transform_manifest.json
C,CWE121_Stack_Based_Buffer_Overflow/s01/CWE121_Stack_Based_Buffer_Overflow__CWE129_large_62a.cpp,20,41,rewritten,bad,clamp_bad_bad_41,clamp_bad_bad_41,non_sanitizer,CWE121,62,cpp,/Users/saqif/Desktop/UCSB/ucsb_classes/w26/cs293G/joern/benchmarks/juliet/manifests/stage_c_clamp_transform_manifest.json
C,CWE121_Stack_Based_Buffer_Overflow/s01/CWE121_Stack_Based_Buffer_Overflow__CWE129_large_62a.cpp,125,104,rewritten,goodB2G,clamp_good_goodB2G_104,clamp_good_goodB2G_104,sanitizer,CWE121,62,cpp,/Users/saqif/Desktop/UCSB/ucsb_classes/w26/cs293G/joern/benchmarks/juliet/manifests/stage_c_clamp_transform_manifest.json
C,CWE121_Stack_Based_Buffer_Overflow/s01/CWE121_Stack_Based_Buffer_Overflow__CWE129_large_63b.c,97,85,rewritten,CWE121_Stack_Based_Buffer_Overflow__CWE129_large_63b_goodB2GSink,clamp_good_CWE121_Stack_Based_Buffer_Overflow__CWE129_large_63b_goodB2GSink_85,clamp_good_CWE121_Stack_Based_Buffer_Overflow__CWE129_large_63b_goodB2GSink_85,sanitizer,CWE121,63,c,/Users/saqif/Desktop/UCSB/ucsb_classes/w26/cs293G/joern/benchmarks/juliet/manifests/stage_c_clamp_transform_manifest.json
C,CWE121_Stack_Based_Buffer_Overflow/s01/CWE121_Stack_Based_Buffer_Overflow__CWE129_large_64b.c,106,94,rewritten,CWE121_Stack_Based_Buffer_Overflow__CWE129_large_64b_goodB2GSink,clamp_good_CWE121_Stack_Based_Buffer_Overflow__CWE129_large_64b_goodB2GSink_94,clamp_good_CWE121_Stack_Based_Buffer_Overflow__CWE129_large_64b_goodB2GSink_94,sanitizer,CWE121,64,c,/Users/saqif/Desktop/UCSB/ucsb_classes/w26/cs293G/joern/benchmarks/juliet/manifests/stage_c_clamp_transform_manifest.json
C,CWE121_Stack_Based_Buffer_Overflow/s01/CWE121_Stack_Based_Buffer_Overflow__CWE129_large_65b.c,94,82,rewritten,CWE121_Stack_Based_Buffer_Overflow__CWE129_large_65b_goodB2GSink,clamp_good_CWE121_Stack_Based_Buffer_Overflow__CWE129_large_65b_goodB2GSink_82,clamp_good_CWE121_Stack_Based_Buffer_Overflow__CWE129_large_65b_goodB2GSink_82,sanitizer,CWE121,65,c,/Users/saqif/Desktop/UCSB/ucsb_classes/w26/cs293G/joern/benchmarks/juliet/manifests/stage_c_clamp_transform_manifest.json
C,CWE121_Stack_Based_Buffer_Overflow/s01/CWE121_Stack_Based_Buffer_Overflow__CWE129_large_66b.c,98,86,rewritten,CWE121_Stack_Based_Buffer_Overflow__CWE129_large_66b_goodB2GSink,clamp_good_CWE121_Stack_Based_Buffer_Overflow__CWE129_large_66b_goodB2GSink_86,clamp_good_CWE121_Stack_Based_Buffer_Overflow__CWE129_large_66b_goodB2GSink_86,sanitizer,CWE121,66,c,/Users/saqif/Desktop/UCSB/ucsb_classes/w26/cs293G/joern/benchmarks/juliet/manifests/stage_c_clamp_transform_manifest.json
C,CWE121_Stack_Based_Buffer_Overflow/s01/CWE121_Stack_Based_Buffer_Overflow__CWE129_large_67b.c,102,90,rewritten,CWE121_Stack_Based_Buffer_Overflow__CWE129_large_67b_goodB2GSink,clamp_good_CWE121_Stack_Based_Buffer_Overflow__CWE129_large_67b_goodB2GSink_90,clamp_good_CWE121_Stack_Based_Buffer_Overflow__CWE129_large_67b_goodB2GSink_90,sanitizer,CWE121,67,c,/Users/saqif/Desktop/UCSB/ucsb_classes/w26/cs293G/joern/benchmarks/juliet/manifests/stage_c_clamp_transform_manifest.json
C,CWE121_Stack_Based_Buffer_Overflow/s01/CWE121_Stack_Based_Buffer_Overflow__CWE129_large_68b.c,101,89,rewritten,CWE121_Stack_Based_Buffer_Overflow__CWE129_large_68b_goodB2GSink,clamp_good_CWE121_Stack_Based_Buffer_Overflow__CWE129_large_68b_goodB2GSink_89,clamp_good_CWE121_Stack_Based_Buffer_Overflow__CWE129_large_68b_goodB2GSink_89,sanitizer,CWE121,68,c,/Users/saqif/Desktop/UCSB/ucsb_classes/w26/cs293G/joern/benchmarks/juliet/manifests/stage_c_clamp_transform_manifest.json
C,CWE121_Stack_Based_Buffer_Overflow/s01/CWE121_Stack_Based_Buffer_Overflow__CWE129_large_72b.cpp,21,39,rewritten,badSink,clamp_bad_badSink_39,clamp_bad_badSink_39,non_sanitizer,CWE121,72,cpp,/Users/saqif/Desktop/UCSB/ucsb_classes/w26/cs293G/joern/benchmarks/juliet/manifests/stage_c_clamp_transform_manifest.json
C,CWE121_Stack_Based_Buffer_Overflow/s01/CWE121_Stack_Based_Buffer_Overflow__CWE129_large_72b.cpp,113,92,rewritten,goodB2GSink,clamp_good_goodB2GSink_92,clamp_good_goodB2GSink_92,sanitizer,CWE121,72,cpp,/Users/saqif/Desktop/UCSB/ucsb_classes/w26/cs293G/joern/benchmarks/juliet/manifests/stage_c_clamp_transform_manifest.json
C,CWE121_Stack_Based_Buffer_Overflow/s01/CWE121_Stack_Based_Buffer_Overflow__CWE129_large_73b.cpp,21,39,rewritten,badSink,clamp_bad_badSink_39,clamp_bad_badSink_39,non_sanitizer,CWE121,73,cpp,/Users/saqif/Desktop/UCSB/ucsb_classes/w26/cs293G/joern/benchmarks/juliet/manifests/stage_c_clamp_transform_manifest.json
C,CWE121_Stack_Based_Buffer_Overflow/s01/CWE121_Stack_Based_Buffer_Overflow__CWE129_large_73b.cpp,113,92,rewritten,goodB2GSink,clamp_good_goodB2GSink_92,clamp_good_goodB2GSink_92,sanitizer,CWE121,73,cpp,/Users/saqif/Desktop/UCSB/ucsb_classes/w26/cs293G/joern/benchmarks/juliet/manifests/stage_c_clamp_transform_manifest.json
C,CWE121_Stack_Based_Buffer_Overflow/s01/CWE121_Stack_Based_Buffer_Overflow__CWE129_large_74b.cpp,21,39,rewritten,badSink,clamp_bad_badSink_39,clamp_bad_badSink_39,non_sanitizer,CWE121,74,cpp,/Users/saqif/Desktop/UCSB/ucsb_classes/w26/cs293G/joern/benchmarks/juliet/manifests/stage_c_clamp_transform_manifest.json
C,CWE121_Stack_Based_Buffer_Overflow/s01/CWE121_Stack_Based_Buffer_Overflow__CWE129_large_74b.cpp,113,92,rewritten,goodB2GSink,clamp_good_goodB2GSink_92,clamp_good_goodB2GSink_92,sanitizer,CWE121,74,cpp,/Users/saqif/Desktop/UCSB/ucsb_classes/w26/cs293G/joern/benchmarks/juliet/manifests/stage_c_clamp_transform_manifest.json
C,CWE121_Stack_Based_Buffer_Overflow/s01/CWE121_Stack_Based_Buffer_Overflow__CWE129_large_83_bad.cpp,51,40,rewritten,CWE121_Stack_Based_Buffer_Overflow__CWE129_large_83_bad,clamp_bad_CWE121_Stack_Based_Buffer_Overflow__CWE129_large_83_bad_40,clamp_bad_CWE121_Stack_Based_Buffer_Overflow__CWE129_large_83_bad_40,non_sanitizer,UNKNOWN,unknown,cpp,/Users/saqif/Desktop/UCSB/ucsb_classes/w26/cs293G/joern/benchmarks/juliet/manifests/stage_c_clamp_transform_manifest.json
C,CWE121_Stack_Based_Buffer_Overflow/s01/CWE121_Stack_Based_Buffer_Overflow__CWE129_large_83_goodB2G.cpp,27,39,rewritten,CWE121_Stack_Based_Buffer_Overflow__CWE129_large_83_goodB2G,clamp_good_CWE121_Stack_Based_Buffer_Overflow__CWE129_large_83_goodB2G_39,clamp_good_CWE121_Stack_Based_Buffer_Overflow__CWE129_large_83_goodB2G_39,sanitizer,UNKNOWN,unknown,cpp,/Users/saqif/Desktop/UCSB/ucsb_classes/w26/cs293G/joern/benchmarks/juliet/manifests/stage_c_clamp_transform_manifest.json
C,CWE121_Stack_Based_Buffer_Overflow/s01/CWE121_Stack_Based_Buffer_Overflow__CWE129_large_84_bad.cpp,51,40,rewritten,CWE121_Stack_Based_Buffer_Overflow__CWE129_large_84_bad,clamp_bad_CWE121_Stack_Based_Buffer_Overflow__CWE129_large_84_bad_40,clamp_bad_CWE121_Stack_Based_Buffer_Overflow__CWE129_large_84_bad_40,non_sanitizer,UNKNOWN,unknown,cpp,/Users/saqif/Desktop/UCSB/ucsb_classes/w26/cs293G/joern/benchmarks/juliet/manifests/stage_c_clamp_transform_manifest.json
C,CWE121_Stack_Based_Buffer_Overflow/s01/CWE121_Stack_Based_Buffer_Overflow__CWE129_large_84_goodB2G.cpp,27,39,rewritten,CWE121_Stack_Based_Buffer_Overflow__CWE129_large_84_goodB2G,clamp_good_CWE121_Stack_Based_Buffer_Overflow__CWE129_large_84_goodB2G_39,clamp_good_CWE121_Stack_Based_Buffer_Overflow__CWE129_large_84_goodB2G_39,sanitizer,UNKNOWN,unknown,cpp,/Users/saqif/Desktop/UCSB/ucsb_classes/w26/cs293G/joern/benchmarks/juliet/manifests/stage_c_clamp_transform_manifest.json
C,CWE121_Stack_Based_Buffer_Overflow/s01/CWE121_Stack_Based_Buffer_Overflow__CWE129_listen_socket_51b.c,116,104,rewritten,CWE121_Stack_Based_Buffer_Overflow__CWE129_listen_socket_51b_goodB2GSink,clamp_good_CWE121_Stack_Based_Buffer_Overflow__CWE129_listen_socket_51b_goodB2GSink_104,clamp_good_CWE121_Stack_Based_Buffer_Overflow__CWE129_listen_socket_51b_goodB2GSink_104,sanitizer,CWE121,51,c,/Users/saqif/Desktop/UCSB/ucsb_classes/w26/cs293G/joern/benchmarks/juliet/manifests/stage_c_clamp_transform_manifest.json
C,CWE121_Stack_Based_Buffer_Overflow/s01/CWE121_Stack_Based_Buffer_Overflow__CWE129_listen_socket_52c.c,116,104,rewritten,CWE121_Stack_Based_Buffer_Overflow__CWE129_listen_socket_52c_goodB2GSink,clamp_good_CWE121_Stack_Based_Buffer_Overflow__CWE129_listen_socket_52c_goodB2GSink_104,clamp_good_CWE121_Stack_Based_Buffer_Overflow__CWE129_listen_socket_52c_goodB2GSink_104,sanitizer,CWE121,52,c,/Users/saqif/Desktop/UCSB/ucsb_classes/w26/cs293G/joern/benchmarks/juliet/manifests/stage_c_clamp_transform_manifest.json
C,CWE121_Stack_Based_Buffer_Overflow/s01/CWE121_Stack_Based_Buffer_Overflow__CWE129_listen_socket_53d.c,116,104,rewritten,CWE121_Stack_Based_Buffer_Overflow__CWE129_listen_socket_53d_goodB2GSink,clamp_good_CWE121_Stack_Based_Buffer_Overflow__CWE129_listen_socket_53d_goodB2GSink_104,clamp_good_CWE121_Stack_Based_Buffer_Overflow__CWE129_listen_socket_53d_goodB2GSink_104,sanitizer,CWE121,53,c,/Users/saqif/Desktop/UCSB/ucsb_classes/w26/cs293G/joern/benchmarks/juliet/manifests/stage_c_clamp_transform_manifest.json
C,CWE121_Stack_Based_Buffer_Overflow/s01/CWE121_Stack_Based_Buffer_Overflow__CWE129_listen_socket_54e.c,116,104,rewritten,CWE121_Stack_Based_Buffer_Overflow__CWE129_listen_socket_54e_goodB2GSink,clamp_good_CWE121_Stack_Based_Buffer_Overflow__CWE129_listen_socket_54e_goodB2GSink_104,clamp_good_CWE121_Stack_Based_Buffer_Overflow__CWE129_listen_socket_54e_goodB2GSink_104,sanitizer,CWE121,54,c,/Users/saqif/Desktop/UCSB/ucsb_classes/w26/cs293G/joern/benchmarks/juliet/manifests/stage_c_clamp_transform_manifest.json
C,CWE121_Stack_Based_Buffer_Overflow/s01/CWE121_Stack_Based_Buffer_Overflow__CWE129_listen_socket_61a.c,81,60,rewritten,CWE121_Stack_Based_Buffer_Overflow__CWE129_listen_socket_61_bad,clamp_bad_CWE121_Stack_Based_Buffer_Overflow__CWE129_listen_socket_61_bad_60,clamp_bad_CWE121_Stack_Based_Buffer_Overflow__CWE129_listen_socket_61_bad_60,non_sanitizer,CWE121,61,c,/Users/saqif/Desktop/UCSB/ucsb_classes/w26/cs293G/joern/benchmarks/juliet/manifests/stage_c_clamp_transform_manifest.json
C,CWE121_Stack_Based_Buffer_Overflow/s01/CWE121_Stack_Based_Buffer_Overflow__CWE129_listen_socket_61a.c,144,123,rewritten,goodB2G,clamp_good_goodB2G_123,clamp_good_goodB2G_123,sanitizer,CWE121,61,c,/Users/saqif/Desktop/UCSB/ucsb_classes/w26/cs293G/joern/benchmarks/juliet/manifests/stage_c_clamp_transform_manifest.json
C,CWE121_Stack_Based_Buffer_Overflow/s01/CWE121_Stack_Based_Buffer_Overflow__CWE129_listen_socket_62a.cpp,20,41,rewritten,bad,clamp_bad_bad_41,clamp_bad_bad_41,non_sanitizer,CWE121,62,cpp,/Users/saqif/Desktop/UCSB/ucsb_classes/w26/cs293G/joern/benchmarks/juliet/manifests/stage_c_clamp_transform_manifest.json
C,CWE121_Stack_Based_Buffer_Overflow/s01/CWE121_Stack_Based_Buffer_Overflow__CWE129_listen_socket_62a.cpp,125,104,rewritten,goodB2G,clamp_good_goodB2G_104,clamp_good_goodB2G_104,sanitizer,CWE121,62,cpp,/Users/saqif/Desktop/UCSB/ucsb_classes/w26/cs293G/joern/benchmarks/juliet/manifests/stage_c_clamp_transform_manifest.json
C,CWE121_Stack_Based_Buffer_Overflow/s01/CWE121_Stack_Based_Buffer_Overflow__CWE129_listen_socket_63b.c,119,107,rewritten,CWE121_Stack_Based_Buffer_Overflow__CWE129_listen_socket_63b_goodB2GSink,clamp_good_CWE121_Stack_Based_Buffer_Overflow__CWE129_listen_socket_63b_goodB2GSink_107,clamp_good_CWE121_Stack_Based_Buffer_Overflow__CWE129_listen_socket_63b_goodB2GSink_107,sanitizer,CWE121,63,c,/Users/saqif/Desktop/UCSB/ucsb_classes/w26/cs293G/joern/benchmarks/juliet/manifests/stage_c_clamp_transform_manifest.json
C,CWE121_Stack_Based_Buffer_Overflow/s01/CWE121_Stack_Based_Buffer_Overflow__CWE129_listen_socket_64b.c,128,116,rewritten,CWE121_Stack_Based_Buffer_Overflow__CWE129_listen_socket_64b_goodB2GSink,clamp_good_CWE121_Stack_Based_Buffer_Overflow__CWE129_listen_socket_64b_goodB2GSink_116,clamp_good_CWE121_Stack_Based_Buffer_Overflow__CWE129_listen_socket_64b_goodB2GSink_116,sanitizer,CWE121,64,c,/Users/saqif/Desktop/UCSB/ucsb_classes/w26/cs293G/joern/benchmarks/juliet/manifests/stage_c_clamp_transform_manifest.json
C,CWE121_Stack_Based_Buffer_Overflow/s01/CWE121_Stack_Based_Buffer_Overflow__CWE129_listen_socket_65b.c,116,104,rewritten,CWE121_Stack_Based_Buffer_Overflow__CWE129_listen_socket_65b_goodB2GSink,clamp_good_CWE121_Stack_Based_Buffer_Overflow__CWE129_listen_socket_65b_goodB2GSink_104,clamp_good_CWE121_Stack_Based_Buffer_Overflow__CWE129_listen_socket_65b_goodB2GSink_104,sanitizer,CWE121,65,c,/Users/saqif/Desktop/UCSB/ucsb_classes/w26/cs293G/joern/benchmarks/juliet/manifests/stage_c_clamp_transform_manifest.json
C,CWE121_Stack_Based_Buffer_Overflow/s01/CWE121_Stack_Based_Buffer_Overflow__CWE129_listen_socket_66b.c,120,108,rewritten,CWE121_Stack_Based_Buffer_Overflow__CWE129_listen_socket_66b_goodB2GSink,clamp_good_CWE121_Stack_Based_Buffer_Overflow__CWE129_listen_socket_66b_goodB2GSink_108,clamp_good_CWE121_Stack_Based_Buffer_Overflow__CWE129_listen_socket_66b_goodB2GSink_108,sanitizer,CWE121,66,c,/Users/saqif/Desktop/UCSB/ucsb_classes/w26/cs293G/joern/benchmarks/juliet/manifests/stage_c_clamp_transform_manifest.json
C,CWE121_Stack_Based_Buffer_Overflow/s01/CWE121_Stack_Based_Buffer_Overflow__CWE129_listen_socket_67b.c,124,112,rewritten,CWE121_Stack_Based_Buffer_Overflow__CWE129_listen_socket_67b_goodB2GSink,clamp_good_CWE121_Stack_Based_Buffer_Overflow__CWE129_listen_socket_67b_goodB2GSink_112,clamp_good_CWE121_Stack_Based_Buffer_Overflow__CWE129_listen_socket_67b_goodB2GSink_112,sanitizer,CWE121,67,c,/Users/saqif/Desktop/UCSB/ucsb_classes/w26/cs293G/joern/benchmarks/juliet/manifests/stage_c_clamp_transform_manifest.json
C,CWE121_Stack_Based_Buffer_Overflow/s01/CWE121_Stack_Based_Buffer_Overflow__CWE129_listen_socket_68b.c,123,111,rewritten,CWE121_Stack_Based_Buffer_Overflow__CWE129_listen_socket_68b_goodB2GSink,clamp_good_CWE121_Stack_Based_Buffer_Overflow__CWE129_listen_socket_68b_goodB2GSink_111,clamp_good_CWE121_Stack_Based_Buffer_Overflow__CWE129_listen_socket_68b_goodB2GSink_111,sanitizer,CWE121,68,c,/Users/saqif/Desktop/UCSB/ucsb_classes/w26/cs293G/joern/benchmarks/juliet/manifests/stage_c_clamp_transform_manifest.json
C,CWE121_Stack_Based_Buffer_Overflow/s01/CWE121_Stack_Based_Buffer_Overflow__CWE129_listen_socket_72b.cpp,21,39,rewritten,badSink,clamp_bad_badSink_39,clamp_bad_badSink_39,non_sanitizer,CWE121,72,cpp,/Users/saqif/Desktop/UCSB/ucsb_classes/w26/cs293G/joern/benchmarks/juliet/manifests/stage_c_clamp_transform_manifest.json
C,CWE121_Stack_Based_Buffer_Overflow/s01/CWE121_Stack_Based_Buffer_Overflow__CWE129_listen_socket_72b.cpp,113,92,rewritten,goodB2GSink,clamp_good_goodB2GSink_92,clamp_good_goodB2GSink_92,sanitizer,CWE121,72,cpp,/Users/saqif/Desktop/UCSB/ucsb_classes/w26/cs293G/joern/benchmarks/juliet/manifests/stage_c_clamp_transform_manifest.json
C,CWE121_Stack_Based_Buffer_Overflow/s01/CWE121_Stack_Based_Buffer_Overflow__CWE129_listen_socket_73b.cpp,21,39,rewritten,badSink,clamp_bad_badSink_39,clamp_bad_badSink_39,non_sanitizer,CWE121,73,cpp,/Users/saqif/Desktop/UCSB/ucsb_classes/w26/cs293G/joern/benchmarks/juliet/manifests/stage_c_clamp_transform_manifest.json
C,CWE121_Stack_Based_Buffer_Overflow/s01/CWE121_Stack_Based_Buffer_Overflow__CWE129_listen_socket_73b.cpp,113,92,rewritten,goodB2GSink,clamp_good_goodB2GSink_92,clamp_good_goodB2GSink_92,sanitizer,CWE121,73,cpp,/Users/saqif/Desktop/UCSB/ucsb_classes/w26/cs293G/joern/benchmarks/juliet/manifests/stage_c_clamp_transform_manifest.json
C,CWE121_Stack_Based_Buffer_Overflow/s01/CWE121_Stack_Based_Buffer_Overflow__CWE129_listen_socket_74b.cpp,21,39,rewritten,badSink,clamp_bad_badSink_39,clamp_bad_badSink_39,non_sanitizer,CWE121,74,cpp,/Users/saqif/Desktop/UCSB/ucsb_classes/w26/cs293G/joern/benchmarks/juliet/manifests/stage_c_clamp_transform_manifest.json
C,CWE121_Stack_Based_Buffer_Overflow/s01/CWE121_Stack_Based_Buffer_Overflow__CWE129_listen_socket_74b.cpp,113,92,rewritten,goodB2GSink,clamp_good_goodB2GSink_92,clamp_good_goodB2GSink_92,sanitizer,CWE121,74,cpp,/Users/saqif/Desktop/UCSB/ucsb_classes/w26/cs293G/joern/benchmarks/juliet/manifests/stage_c_clamp_transform_manifest.json
C,CWE121_Stack_Based_Buffer_Overflow/s01/CWE121_Stack_Based_Buffer_Overflow__CWE129_listen_socket_83_bad.cpp,140,129,rewritten,CWE121_Stack_Based_Buffer_Overflow__CWE129_listen_socket_83_bad,clamp_bad_CWE121_Stack_Based_Buffer_Overflow__CWE129_listen_socket_83_bad_129,clamp_bad_CWE121_Stack_Based_Buffer_Overflow__CWE129_listen_socket_83_bad_129,non_sanitizer,UNKNOWN,unknown,cpp,/Users/saqif/Desktop/UCSB/ucsb_classes/w26/cs293G/joern/benchmarks/juliet/manifests/stage_c_clamp_transform_manifest.json
C,CWE121_Stack_Based_Buffer_Overflow/s01/CWE121_Stack_Based_Buffer_Overflow__CWE129_listen_socket_83_goodB2G.cpp,140,128,rewritten,CWE121_Stack_Based_Buffer_Overflow__CWE129_listen_socket_83_goodB2G,clamp_good_CWE121_Stack_Based_Buffer_Overflow__CWE129_listen_socket_83_goodB2G_128,clamp_good_CWE121_Stack_Based_Buffer_Overflow__CWE129_listen_socket_83_goodB2G_128,sanitizer,UNKNOWN,unknown,cpp,/Users/saqif/Desktop/UCSB/ucsb_classes/w26/cs293G/joern/benchmarks/juliet/manifests/stage_c_clamp_transform_manifest.json
C,CWE121_Stack_Based_Buffer_Overflow/s01/CWE121_Stack_Based_Buffer_Overflow__CWE129_listen_socket_84_bad.cpp,140,129,rewritten,CWE121_Stack_Based_Buffer_Overflow__CWE129_listen_socket_84_bad,clamp_bad_CWE121_Stack_Based_Buffer_Overflow__CWE129_listen_socket_84_bad_129,clamp_bad_CWE121_Stack_Based_Buffer_Overflow__CWE129_listen_socket_84_bad_129,non_sanitizer,UNKNOWN,unknown,cpp,/Users/saqif/Desktop/UCSB/ucsb_classes/w26/cs293G/joern/benchmarks/juliet/manifests/stage_c_clamp_transform_manifest.json
C,CWE121_Stack_Based_Buffer_Overflow/s01/CWE121_Stack_Based_Buffer_Overflow__CWE129_listen_socket_84_goodB2G.cpp,140,128,rewritten,CWE121_Stack_Based_Buffer_Overflow__CWE129_listen_socket_84_goodB2G,clamp_good_CWE121_Stack_Based_Buffer_Overflow__CWE129_listen_socket_84_goodB2G_128,clamp_good_CWE121_Stack_Based_Buffer_Overflow__CWE129_listen_socket_84_goodB2G_128,sanitizer,UNKNOWN,unknown,cpp,/Users/saqif/Desktop/UCSB/ucsb_classes/w26/cs293G/joern/benchmarks/juliet/manifests/stage_c_clamp_transform_manifest.json
C,CWE121_Stack_Based_Buffer_Overflow/s01/CWE121_Stack_Based_Buffer_Overflow__CWE129_rand_51b.c,94,82,rewritten,CWE121_Stack_Based_Buffer_Overflow__CWE129_rand_51b_goodB2GSink,clamp_good_CWE121_Stack_Based_Buffer_Overflow__CWE129_rand_51b_goodB2GSink_82,clamp_good_CWE121_Stack_Based_Buffer_Overflow__CWE129_rand_51b_goodB2GSink_82,sanitizer,CWE121,51,c,/Users/saqif/Desktop/UCSB/ucsb_classes/w26/cs293G/joern/benchmarks/juliet/manifests/stage_c_clamp_transform_manifest.json
C,CWE121_Stack_Based_Buffer_Overflow/s01/CWE121_Stack_Based_Buffer_Overflow__CWE129_rand_52c.c,94,82,rewritten,CWE121_Stack_Based_Buffer_Overflow__CWE129_rand_52c_goodB2GSink,clamp_good_CWE121_Stack_Based_Buffer_Overflow__CWE129_rand_52c_goodB2GSink_82,clamp_good_CWE121_Stack_Based_Buffer_Overflow__CWE129_rand_52c_goodB2GSink_82,sanitizer,CWE121,52,c,/Users/saqif/Desktop/UCSB/ucsb_classes/w26/cs293G/joern/benchmarks/juliet/manifests/stage_c_clamp_transform_manifest.json
C,CWE121_Stack_Based_Buffer_Overflow/s01/CWE121_Stack_Based_Buffer_Overflow__CWE129_rand_53d.c,94,82,rewritten,CWE121_Stack_Based_Buffer_Overflow__CWE129_rand_53d_goodB2GSink,clamp_good_CWE121_Stack_Based_Buffer_Overflow__CWE129_rand_53d_goodB2GSink_82,clamp_good_CWE121_Stack_Based_Buffer_Overflow__CWE129_rand_53d_goodB2GSink_82,sanitizer,CWE121,53,c,/Users/saqif/Desktop/UCSB/ucsb_classes/w26/cs293G/joern/benchmarks/juliet/manifests/stage_c_clamp_transform_manifest.json
C,CWE121_Stack_Based_Buffer_Overflow/s01/CWE121_Stack_Based_Buffer_Overflow__CWE129_rand_54e.c,94,82,rewritten,CWE121_Stack_Based_Buffer_Overflow__CWE129_rand_54e_goodB2GSink,clamp_good_CWE121_Stack_Based_Buffer_Overflow__CWE129_rand_54e_goodB2GSink_82,clamp_good_CWE121_Stack_Based_Buffer_Overflow__CWE129_rand_54e_goodB2GSink_82,sanitizer,CWE121,54,c,/Users/saqif/Desktop/UCSB/ucsb_classes/w26/cs293G/joern/benchmarks/juliet/manifests/stage_c_clamp_transform_manifest.json
C,CWE121_Stack_Based_Buffer_Overflow/s01/CWE121_Stack_Based_Buffer_Overflow__CWE129_rand_61a.c,20,38,rewritten,CWE121_Stack_Based_Buffer_Overflow__CWE129_rand_61_bad,clamp_bad_CWE121_Stack_Based_Buffer_Overflow__CWE129_rand_61_bad_38,clamp_bad_CWE121_Stack_Based_Buffer_Overflow__CWE129_rand_61_bad_38,non_sanitizer,CWE121,61,c,/Users/saqif/Desktop/UCSB/ucsb_classes/w26/cs293G/joern/benchmarks/juliet/manifests/stage_c_clamp_transform_manifest.json
C,CWE121_Stack_Based_Buffer_Overflow/s01/CWE121_Stack_Based_Buffer_Overflow__CWE129_rand_61a.c,122,101,rewritten,goodB2G,clamp_good_goodB2G_101,clamp_good_goodB2G_101,sanitizer,CWE121,61,c,/Users/saqif/Desktop/UCSB/ucsb_classes/w26/cs293G/joern/benchmarks/juliet/manifests/stage_c_clamp_transform_manifest.json
C,CWE121_Stack_Based_Buffer_Overflow/s01/CWE121_Stack_Based_Buffer_Overflow__CWE129_rand_62a.cpp,20,41,rewritten,bad,clamp_bad_bad_41,clamp_bad_bad_41,non_sanitizer,CWE121,62,cpp,/Users/saqif/Desktop/UCSB/ucsb_classes/w26/cs293G/joern/benchmarks/juliet/manifests/stage_c_clamp_transform_manifest.json
C,CWE121_Stack_Based_Buffer_Overflow/s01/CWE121_Stack_Based_Buffer_Overflow__CWE129_rand_62a.cpp,125,104,rewritten,goodB2G,clamp_good_goodB2G_104,clamp_good_goodB2G_104,sanitizer,CWE121,62,cpp,/Users/saqif/Desktop/UCSB/ucsb_classes/w26/cs293G/joern/benchmarks/juliet/manifests/stage_c_clamp_transform_manifest.json
C,CWE121_Stack_Based_Buffer_Overflow/s01/CWE121_Stack_Based_Buffer_Overflow__CWE129_rand_63b.c,97,85,rewritten,CWE121_Stack_Based_Buffer_Overflow__CWE129_rand_63b_goodB2GSink,clamp_good_CWE121_Stack_Based_Buffer_Overflow__CWE129_rand_63b_goodB2GSink_85,clamp_good_CWE121_Stack_Based_Buffer_Overflow__CWE129_rand_63b_goodB2GSink_85,sanitizer,CWE121,63,c,/Users/saqif/Desktop/UCSB/ucsb_classes/w26/cs293G/joern/benchmarks/juliet/manifests/stage_c_clamp_transform_manifest.json
C,CWE121_Stack_Based_Buffer_Overflow/s01/CWE121_Stack_Based_Buffer_Overflow__CWE129_rand_64b.c,106,94,rewritten,CWE121_Stack_Based_Buffer_Overflow__CWE129_rand_64b_goodB2GSink,clamp_good_CWE121_Stack_Based_Buffer_Overflow__CWE129_rand_64b_goodB2GSink_94,clamp_good_CWE121_Stack_Based_Buffer_Overflow__CWE129_rand_64b_goodB2GSink_94,sanitizer,CWE121,64,c,/Users/saqif/Desktop/UCSB/ucsb_classes/w26/cs293G/joern/benchmarks/juliet/manifests/stage_c_clamp_transform_manifest.json
C,CWE121_Stack_Based_Buffer_Overflow/s01/CWE121_Stack_Based_Buffer_Overflow__CWE129_rand_65b.c,94,82,rewritten,CWE121_Stack_Based_Buffer_Overflow__CWE129_rand_65b_goodB2GSink,clamp_good_CWE121_Stack_Based_Buffer_Overflow__CWE129_rand_65b_goodB2GSink_82,clamp_good_CWE121_Stack_Based_Buffer_Overflow__CWE129_rand_65b_goodB2GSink_82,sanitizer,CWE121,65,c,/Users/saqif/Desktop/UCSB/ucsb_classes/w26/cs293G/joern/benchmarks/juliet/manifests/stage_c_clamp_transform_manifest.json
C,CWE121_Stack_Based_Buffer_Overflow/s01/CWE121_Stack_Based_Buffer_Overflow__CWE129_rand_66b.c,98,86,rewritten,CWE121_Stack_Based_Buffer_Overflow__CWE129_rand_66b_goodB2GSink,clamp_good_CWE121_Stack_Based_Buffer_Overflow__CWE129_rand_66b_goodB2GSink_86,clamp_good_CWE121_Stack_Based_Buffer_Overflow__CWE129_rand_66b_goodB2GSink_86,sanitizer,CWE121,66,c,/Users/saqif/Desktop/UCSB/ucsb_classes/w26/cs293G/joern/benchmarks/juliet/manifests/stage_c_clamp_transform_manifest.json
C,CWE121_Stack_Based_Buffer_Overflow/s01/CWE121_Stack_Based_Buffer_Overflow__CWE129_rand_67b.c,102,90,rewritten,CWE121_Stack_Based_Buffer_Overflow__CWE129_rand_67b_goodB2GSink,clamp_good_CWE121_Stack_Based_Buffer_Overflow__CWE129_rand_67b_goodB2GSink_90,clamp_good_CWE121_Stack_Based_Buffer_Overflow__CWE129_rand_67b_goodB2GSink_90,sanitizer,CWE121,67,c,/Users/saqif/Desktop/UCSB/ucsb_classes/w26/cs293G/joern/benchmarks/juliet/manifests/stage_c_clamp_transform_manifest.json
C,CWE121_Stack_Based_Buffer_Overflow/s01/CWE121_Stack_Based_Buffer_Overflow__CWE129_rand_68b.c,101,89,rewritten,CWE121_Stack_Based_Buffer_Overflow__CWE129_rand_68b_goodB2GSink,clamp_good_CWE121_Stack_Based_Buffer_Overflow__CWE129_rand_68b_goodB2GSink_89,clamp_good_CWE121_Stack_Based_Buffer_Overflow__CWE129_rand_68b_goodB2GSink_89,sanitizer,CWE121,68,c,/Users/saqif/Desktop/UCSB/ucsb_classes/w26/cs293G/joern/benchmarks/juliet/manifests/stage_c_clamp_transform_manifest.json
C,CWE121_Stack_Based_Buffer_Overflow/s01/CWE121_Stack_Based_Buffer_Overflow__CWE129_rand_72b.cpp,21,39,rewritten,badSink,clamp_bad_badSink_39,clamp_bad_badSink_39,non_sanitizer,CWE121,72,cpp,/Users/saqif/Desktop/UCSB/ucsb_classes/w26/cs293G/joern/benchmarks/juliet/manifests/stage_c_clamp_transform_manifest.json
C,CWE121_Stack_Based_Buffer_Overflow/s01/CWE121_Stack_Based_Buffer_Overflow__CWE129_rand_72b.cpp,113,92,rewritten,goodB2GSink,clamp_good_goodB2GSink_92,clamp_good_goodB2GSink_92,sanitizer,CWE121,72,cpp,/Users/saqif/Desktop/UCSB/ucsb_classes/w26/cs293G/joern/benchmarks/juliet/manifests/stage_c_clamp_transform_manifest.json
C,CWE121_Stack_Based_Buffer_Overflow/s01/CWE121_Stack_Based_Buffer_Overflow__CWE129_rand_73b.cpp,21,39,rewritten,badSink,clamp_bad_badSink_39,clamp_bad_badSink_39,non_sanitizer,CWE121,73,cpp,/Users/saqif/Desktop/UCSB/ucsb_classes/w26/cs293G/joern/benchmarks/juliet/manifests/stage_c_clamp_transform_manifest.json
C,CWE121_Stack_Based_Buffer_Overflow/s01/CWE121_Stack_Based_Buffer_Overflow__CWE129_rand_73b.cpp,113,92,rewritten,goodB2GSink,clamp_good_goodB2GSink_92,clamp_good_goodB2GSink_92,sanitizer,CWE121,73,cpp,/Users/saqif/Desktop/UCSB/ucsb_classes/w26/cs293G/joern/benchmarks/juliet/manifests/stage_c_clamp_transform_manifest.json
C,CWE121_Stack_Based_Buffer_Overflow/s01/CWE121_Stack_Based_Buffer_Overflow__CWE129_rand_74b.cpp,21,39,rewritten,badSink,clamp_bad_badSink_39,clamp_bad_badSink_39,non_sanitizer,CWE121,74,cpp,/Users/saqif/Desktop/UCSB/ucsb_classes/w26/cs293G/joern/benchmarks/juliet/manifests/stage_c_clamp_transform_manifest.json
C,CWE121_Stack_Based_Buffer_Overflow/s01/CWE121_Stack_Based_Buffer_Overflow__CWE129_rand_74b.cpp,113,92,rewritten,goodB2GSink,clamp_good_goodB2GSink_92,clamp_good_goodB2GSink_92,sanitizer,CWE121,74,cpp,/Users/saqif/Desktop/UCSB/ucsb_classes/w26/cs293G/joern/benchmarks/juliet/manifests/stage_c_clamp_transform_manifest.json
C,CWE121_Stack_Based_Buffer_Overflow/s01/CWE121_Stack_Based_Buffer_Overflow__CWE129_rand_83_bad.cpp,51,40,rewritten,CWE121_Stack_Based_Buffer_Overflow__CWE129_rand_83_bad,clamp_bad_CWE121_Stack_Based_Buffer_Overflow__CWE129_rand_83_bad_40,clamp_bad_CWE121_Stack_Based_Buffer_Overflow__CWE129_rand_83_bad_40,non_sanitizer,UNKNOWN,unknown,cpp,/Users/saqif/Desktop/UCSB/ucsb_classes/w26/cs293G/joern/benchmarks/juliet/manifests/stage_c_clamp_transform_manifest.json
C,CWE121_Stack_Based_Buffer_Overflow/s01/CWE121_Stack_Based_Buffer_Overflow__CWE129_rand_83_goodB2G.cpp,27,39,rewritten,CWE121_Stack_Based_Buffer_Overflow__CWE129_rand_83_goodB2G,clamp_good_CWE121_Stack_Based_Buffer_Overflow__CWE129_rand_83_goodB2G_39,clamp_good_CWE121_Stack_Based_Buffer_Overflow__CWE129_rand_83_goodB2G_39,sanitizer,UNKNOWN,unknown,cpp,/Users/saqif/Desktop/UCSB/ucsb_classes/w26/cs293G/joern/benchmarks/juliet/manifests/stage_c_clamp_transform_manifest.json
C,CWE121_Stack_Based_Buffer_Overflow/s01/CWE121_Stack_Based_Buffer_Overflow__CWE129_rand_84_bad.cpp,51,40,rewritten,CWE121_Stack_Based_Buffer_Overflow__CWE129_rand_84_bad,clamp_bad_CWE121_Stack_Based_Buffer_Overflow__CWE129_rand_84_bad_40,clamp_bad_CWE121_Stack_Based_Buffer_Overflow__CWE129_rand_84_bad_40,non_sanitizer,UNKNOWN,unknown,cpp,/Users/saqif/Desktop/UCSB/ucsb_classes/w26/cs293G/joern/benchmarks/juliet/manifests/stage_c_clamp_transform_manifest.json
C,CWE121_Stack_Based_Buffer_Overflow/s01/CWE121_Stack_Based_Buffer_Overflow__CWE129_rand_84_goodB2G.cpp,27,39,rewritten,CWE121_Stack_Based_Buffer_Overflow__CWE129_rand_84_goodB2G,clamp_good_CWE121_Stack_Based_Buffer_Overflow__CWE129_rand_84_goodB2G_39,clamp_good_CWE121_Stack_Based_Buffer_Overflow__CWE129_rand_84_goodB2G_39,sanitizer,UNKNOWN,unknown,cpp,/Users/saqif/Desktop/UCSB/ucsb_classes/w26/cs293G/joern/benchmarks/juliet/manifests/stage_c_clamp_transform_manifest.json
C,CWE122_Heap_Based_Buffer_Overflow/s09/CWE122_Heap_Based_Buffer_Overflow__c_CWE806_char_loop_61a.c,49,39,rewritten,CWE122_Heap_Based_Buffer_Overflow__c_CWE806_char_loop_61_bad,clamp_bad_CWE122_Heap_Based_Buffer_Overflow__c_CWE806_char_loop_61_bad_39,clamp_bad_CWE122_Heap_Based_Buffer_Overflow__c_CWE806_char_loop_61_bad_39,non_sanitizer,CWE122,61,c,/Users/saqif/Desktop/UCSB/ucsb_classes/w26/cs293G/joern/benchmarks/juliet/manifests/stage_c_clamp_transform_manifest.json
C,CWE122_Heap_Based_Buffer_Overflow/s09/CWE122_Heap_Based_Buffer_Overflow__c_CWE806_char_loop_62a.cpp,52,42,rewritten,bad,clamp_bad_bad_42,clamp_bad_bad_42,non_sanitizer,CWE122,62,cpp,/Users/saqif/Desktop/UCSB/ucsb_classes/w26/cs293G/joern/benchmarks/juliet/manifests/stage_c_clamp_transform_manifest.json
C,CWE122_Heap_Based_Buffer_Overflow/s09/CWE122_Heap_Based_Buffer_Overflow__c_CWE806_wchar_t_loop_61a.c,49,39,rewritten,CWE122_Heap_Based_Buffer_Overflow__c_CWE806_wchar_t_loop_61_bad,clamp_bad_CWE122_Heap_Based_Buffer_Overflow__c_CWE806_wchar_t_loop_61_bad_39,clamp_bad_CWE122_Heap_Based_Buffer_Overflow__c_CWE806_wchar_t_loop_61_bad_39,non_sanitizer,CWE122,61,c,/Users/saqif/Desktop/UCSB/ucsb_classes/w26/cs293G/joern/benchmarks/juliet/manifests/stage_c_clamp_transform_manifest.json
C,CWE122_Heap_Based_Buffer_Overflow/s09/CWE122_Heap_Based_Buffer_Overflow__c_CWE806_wchar_t_loop_62a.cpp,52,42,rewritten,bad,clamp_bad_bad_42,clamp_bad_bad_42,non_sanitizer,CWE122,62,cpp,/Users/saqif/Desktop/UCSB/ucsb_classes/w26/cs293G/joern/benchmarks/juliet/manifests/stage_c_clamp_transform_manifest.json
